Old path,Old title,Current audience,Current purpose,Problem,New path,Action,Canonical status,Record type,References updated,Validation status,Notes
".agents/README.md","README","classified","Ledgerlight inventory","mixed or historical placement",".agents/README.md","rewrite-current","classified","agent-instruction","yes","pending final validation","generated migration inventory"
".agents/documentation-workflow.md","documentation-workflow","classified","Ledgerlight inventory","mixed or historical placement",".agents/documentation-workflow.md","rewrite-current","classified","agent-instruction","yes","pending final validation","generated migration inventory"
".agents/handoffs/codex-handoff-legacy.md","codex-handoff-legacy","classified","Ledgerlight inventory","mixed or historical placement",".agents/handoffs/codex-handoff-legacy.md","rewrite-current","classified","agent-instruction","yes","pending final validation","generated migration inventory"
".agents/repository-rules.md","repository-rules","classified","Ledgerlight inventory","mixed or historical placement",".agents/repository-rules.md","rewrite-current","classified","agent-instruction","yes","pending final validation","generated migration inventory"
".agents/validation-isolation.md","validation-isolation","classified","Ledgerlight inventory","mixed or historical placement",".agents/validation-isolation.md","rewrite-current","classified","agent-instruction","yes","pending final validation","generated migration inventory"
"AGENTS.md","AGENTS","classified","Ledgerlight inventory","mixed or historical placement","AGENTS.md","rewrite-current","classified","current-document","yes","pending final validation","generated migration inventory"
"CHANGELOG.md","CHANGELOG","classified","Ledgerlight inventory","mixed or historical placement","CHANGELOG.md","rewrite-current","classified","current-document","yes","pending final validation","generated migration inventory"
"CONTRIBUTING.md","CONTRIBUTING","classified","Ledgerlight inventory","mixed or historical placement","CONTRIBUTING.md","rewrite-current","classified","current-document","yes","pending final validation","generated migration inventory"
"Development_Docs/.gitignore",".gitignore","classified","Ledgerlight inventory","mixed or historical placement","Development_Docs/.gitignore","rewrite-current","classified","engineering-record","yes","pending final validation","generated migration inventory"
"Development_Docs/Animation_Assets/Rive_Sources/lanternwake-finale-mechanism-v1.rev","lanternwake-finale-mechanism-v1","classified","Ledgerlight inventory","mixed or historical placement","Development_Docs/Animation_Assets/Rive_Sources/lanternwake-finale-mechanism-v1.rev","rewrite-current","classified","engineering-record","yes","pending final validation","generated migration inventory"
"Development_Docs/Animation_Assets/Rive_Sources/lanternwake-finale-mechanism-v1.svg","lanternwake-finale-mechanism-v1","classified","Ledgerlight inventory","mixed or historical placement","Development_Docs/Animation_Assets/Rive_Sources/lanternwake-finale-mechanism-v1.svg","rewrite-current","classified","engineering-record","yes","pending final validation","generated migration inventory"
"Development_Docs/Animation_Assets/Rive_Sources/lanternwake-invitation-seal-v1.rev","lanternwake-invitation-seal-v1","classified","Ledgerlight inventory","mixed or historical placement","Development_Docs/Animation_Assets/Rive_Sources/lanternwake-invitation-seal-v1.rev","rewrite-current","classified","engineering-record","yes","pending final validation","generated migration inventory"
"Development_Docs/Animation_Assets/Rive_Sources/lanternwake-invitation-seal-v1.svg","lanternwake-invitation-seal-v1","classified","Ledgerlight inventory","mixed or historical placement","Development_Docs/Animation_Assets/Rive_Sources/lanternwake-invitation-seal-v1.svg","rewrite-current","classified","engineering-record","yes","pending final validation","generated migration inventory"
"Development_Docs/Animation_Assets/Rive_Sources/lanternwake-journal-clasp-v1.rev","lanternwake-journal-clasp-v1","classified","Ledgerlight inventory","mixed or historical placement","Development_Docs/Animation_Assets/Rive_Sources/lanternwake-journal-clasp-v1.rev","rewrite-current","classified","engineering-record","yes","pending final validation","generated migration inventory"
"Development_Docs/Animation_Assets/Rive_Sources/lanternwake-journal-clasp-v1.svg","lanternwake-journal-clasp-v1","classified","Ledgerlight inventory","mixed or historical placement","Development_Docs/Animation_Assets/Rive_Sources/lanternwake-journal-clasp-v1.svg","rewrite-current","classified","engineering-record","yes","pending final validation","generated migration inventory"
"Development_Docs/Animation_Assets/Rive_Sources/lanternwake-voyage-compass-v1.rev","lanternwake-voyage-compass-v1","classified","Ledgerlight inventory","mixed or historical placement","Development_Docs/Animation_Assets/Rive_Sources/lanternwake-voyage-compass-v1.rev","rewrite-current","classified","engineering-record","yes","pending final validation","generated migration inventory"
"Development_Docs/Animation_Assets/Rive_Sources/lanternwake-voyage-compass-v1.svg","lanternwake-voyage-compass-v1","classified","Ledgerlight inventory","mixed or historical placement","Development_Docs/Animation_Assets/Rive_Sources/lanternwake-voyage-compass-v1.svg","rewrite-current","classified","engineering-record","yes","pending final validation","generated migration inventory"
"Development_Docs/Architecture_Decisions/0001-use-nextjs-app-router.md","0001-use-nextjs-app-router","classified","Ledgerlight inventory","mixed or historical placement","Development_Docs/Architecture_Decisions/0001-use-nextjs-app-router.md","rewrite-current","classified","engineering-record","yes","pending final validation","generated migration inventory"
"Development_Docs/Architecture_Decisions/0002-use-server-sent-events.md","0002-use-server-sent-events","classified","Ledgerlight inventory","mixed or historical placement","Development_Docs/Architecture_Decisions/0002-use-server-sent-events.md","rewrite-current","classified","engineering-record","yes","pending final validation","generated migration inventory"
"Development_Docs/Architecture_Decisions/0003-use-event-driven-story-state.md","0003-use-event-driven-story-state","classified","Ledgerlight inventory","mixed or historical placement","Development_Docs/Architecture_Decisions/0003-use-event-driven-story-state.md","rewrite-current","classified","engineering-record","yes","pending final validation","generated migration inventory"
"Development_Docs/Archive/Chronicle_Platform_Codex_Implementation_Specification.pdf","Chronicle_Platform_Codex_Implementation_Specification","classified","Ledgerlight inventory","mixed or historical placement","Development_Docs/Archive/Chronicle_Platform_Codex_Implementation_Specification.pdf","rewrite-current","classified","engineering-record","yes","pending final validation","generated migration inventory"
"Development_Docs/Archive/Chronicle_Studio_Phase_1_Codex_Implementation_Prompt.pdf","Chronicle_Studio_Phase_1_Codex_Implementation_Prompt","classified","Ledgerlight inventory","mixed or historical placement","Development_Docs/Archive/Chronicle_Studio_Phase_1_Codex_Implementation_Prompt.pdf","rewrite-current","classified","engineering-record","yes","pending final validation","generated migration inventory"
"Development_Docs/Archive/Forever_Treasure_Cinematic_Animation_Codex_Prompt.pdf","Forever_Treasure_Cinematic_Animation_Codex_Prompt","classified","Ledgerlight inventory","mixed or historical placement","Development_Docs/Archive/Forever_Treasure_Cinematic_Animation_Codex_Prompt.pdf","rewrite-current","classified","engineering-record","yes","pending final validation","generated migration inventory"
"Development_Docs/Archive/Legacy_Docs/action-risk-model.md","action-risk-model","classified","Ledgerlight inventory","mixed or historical placement","Development_Docs/Archive/Legacy_Docs/action-risk-model.md","rewrite-current","classified","engineering-record","yes","pending final validation","generated migration inventory"
"Development_Docs/Archive/Legacy_Docs/admin-command-pipeline.md","admin-command-pipeline","classified","Ledgerlight inventory","mixed or historical placement","Development_Docs/Archive/Legacy_Docs/admin-command-pipeline.md","rewrite-current","classified","engineering-record","yes","pending final validation","generated migration inventory"
"Development_Docs/Archive/Legacy_Docs/animation-architecture.md","animation-architecture","classified","Ledgerlight inventory","mixed or historical placement","Development_Docs/Archive/Legacy_Docs/animation-architecture.md","rewrite-current","classified","engineering-record","yes","pending final validation","generated migration inventory"
"Development_Docs/Archive/Legacy_Docs/animation-assets.md","animation-assets","classified","Ledgerlight inventory","mixed or historical placement","Development_Docs/Archive/Legacy_Docs/animation-assets.md","rewrite-current","classified","engineering-record","yes","pending final validation","generated migration inventory"
"Development_Docs/Archive/Legacy_Docs/animation-library-ownership.md","animation-library-ownership","classified","Ledgerlight inventory","mixed or historical placement","Development_Docs/Archive/Legacy_Docs/animation-library-ownership.md","rewrite-current","classified","engineering-record","yes","pending final validation","generated migration inventory"
"Development_Docs/Archive/Legacy_Docs/animation-lottie-assets.md","animation-lottie-assets","classified","Ledgerlight inventory","mixed or historical placement","Development_Docs/Archive/Legacy_Docs/animation-lottie-assets.md","rewrite-current","classified","engineering-record","yes","pending final validation","generated migration inventory"
"Development_Docs/Archive/Legacy_Docs/animation-performance.md","animation-performance","classified","Ledgerlight inventory","mixed or historical placement","Development_Docs/Archive/Legacy_Docs/animation-performance.md","rewrite-current","classified","engineering-record","yes","pending final validation","generated migration inventory"
"Development_Docs/Archive/Legacy_Docs/animation-rive-assets.md","animation-rive-assets","classified","Ledgerlight inventory","mixed or historical placement","Development_Docs/Archive/Legacy_Docs/animation-rive-assets.md","rewrite-current","classified","engineering-record","yes","pending final validation","generated migration inventory"
"Development_Docs/Archive/Legacy_Docs/animation-scenes.md","animation-scenes","classified","Ledgerlight inventory","mixed or historical placement","Development_Docs/Archive/Legacy_Docs/animation-scenes.md","rewrite-current","classified","engineering-record","yes","pending final validation","generated migration inventory"
"Development_Docs/Archive/Legacy_Docs/animation-showcase.md","animation-showcase","classified","Ledgerlight inventory","mixed or historical placement","Development_Docs/Archive/Legacy_Docs/animation-showcase.md","rewrite-current","classified","engineering-record","yes","pending final validation","generated migration inventory"
"Development_Docs/Archive/Legacy_Docs/animation-testing.md","animation-testing","classified","Ledgerlight inventory","mixed or historical placement","Development_Docs/Archive/Legacy_Docs/animation-testing.md","rewrite-current","classified","engineering-record","yes","pending final validation","generated migration inventory"
"Development_Docs/Archive/Legacy_Docs/architecture.md","architecture","classified","Ledgerlight inventory","mixed or historical placement","Development_Docs/Archive/Legacy_Docs/architecture.md","rewrite-current","classified","engineering-record","yes","pending final validation","generated migration inventory"
"Development_Docs/Archive/Legacy_Docs/artifact-system.md","artifact-system","classified","Ledgerlight inventory","mixed or historical placement","Development_Docs/Archive/Legacy_Docs/artifact-system.md","rewrite-current","classified","engineering-record","yes","pending final validation","generated migration inventory"
"Development_Docs/Archive/Legacy_Docs/asset-licenses.md","asset-licenses","classified","Ledgerlight inventory","mixed or historical placement","Development_Docs/Archive/Legacy_Docs/asset-licenses.md","rewrite-current","classified","engineering-record","yes","pending final validation","generated migration inventory"
"Development_Docs/Archive/Legacy_Docs/audit-and-event-history.md","audit-and-event-history","classified","Ledgerlight inventory","mixed or historical placement","Development_Docs/Archive/Legacy_Docs/audit-and-event-history.md","rewrite-current","classified","engineering-record","yes","pending final validation","generated migration inventory"
"Development_Docs/Archive/Legacy_Docs/chronicle-platform.md","chronicle-platform","classified","Ledgerlight inventory","mixed or historical placement","Development_Docs/Archive/Legacy_Docs/chronicle-platform.md","rewrite-current","classified","engineering-record","yes","pending final validation","generated migration inventory"
"Development_Docs/Archive/Legacy_Docs/chronicle-studio.md","chronicle-studio","classified","Ledgerlight inventory","mixed or historical placement","Development_Docs/Archive/Legacy_Docs/chronicle-studio.md","rewrite-current","classified","engineering-record","yes","pending final validation","generated migration inventory"
"Development_Docs/Archive/Legacy_Docs/cinematic-system.md","cinematic-system","classified","Ledgerlight inventory","mixed or historical placement","Development_Docs/Archive/Legacy_Docs/cinematic-system.md","rewrite-current","classified","engineering-record","yes","pending final validation","generated migration inventory"
"Development_Docs/Archive/Legacy_Docs/command-center-information-architecture.md","command-center-information-architecture","classified","Ledgerlight inventory","mixed or historical placement","Development_Docs/Archive/Legacy_Docs/command-center-information-architecture.md","rewrite-current","classified","engineering-record","yes","pending final validation","generated migration inventory"
"Development_Docs/Archive/Legacy_Docs/deployment.md","deployment","classified","Ledgerlight inventory","mixed or historical placement","Development_Docs/Archive/Legacy_Docs/deployment.md","rewrite-current","classified","engineering-record","yes","pending final validation","generated migration inventory"
"Development_Docs/Archive/Legacy_Docs/design-system.md","design-system","classified","Ledgerlight inventory","mixed or historical placement","Development_Docs/Archive/Legacy_Docs/design-system.md","rewrite-current","classified","engineering-record","yes","pending final validation","generated migration inventory"
"Development_Docs/Archive/Legacy_Docs/finale-shell.md","finale-shell","classified","Ledgerlight inventory","mixed or historical placement","Development_Docs/Archive/Legacy_Docs/finale-shell.md","rewrite-current","classified","engineering-record","yes","pending final validation","generated migration inventory"
"Development_Docs/Archive/Legacy_Docs/future-vision-helper.md","future-vision-helper","classified","Ledgerlight inventory","mixed or historical placement","Development_Docs/Archive/Legacy_Docs/future-vision-helper.md","rewrite-current","classified","engineering-record","yes","pending final validation","generated migration inventory"
"Development_Docs/Archive/Legacy_Docs/game-master-controls.md","game-master-controls","classified","Ledgerlight inventory","mixed or historical placement","Development_Docs/Archive/Legacy_Docs/game-master-controls.md","rewrite-current","classified","engineering-record","yes","pending final validation","generated migration inventory"
"Development_Docs/Archive/Legacy_Docs/journal-system.md","journal-system","classified","Ledgerlight inventory","mixed or historical placement","Development_Docs/Archive/Legacy_Docs/journal-system.md","rewrite-current","classified","engineering-record","yes","pending final validation","generated migration inventory"
"Development_Docs/Archive/Legacy_Docs/known-limitations.md","known-limitations","classified","Ledgerlight inventory","mixed or historical placement","Development_Docs/Archive/Legacy_Docs/known-limitations.md","rewrite-current","classified","engineering-record","yes","pending final validation","generated migration inventory"
"Development_Docs/Archive/Legacy_Docs/local-development.md","local-development","classified","Ledgerlight inventory","mixed or historical placement","Development_Docs/Archive/Legacy_Docs/local-development.md","rewrite-current","classified","engineering-record","yes","pending final validation","generated migration inventory"
"Development_Docs/Archive/Legacy_Docs/parallel-development-phase-3.md","parallel-development-phase-3","classified","Ledgerlight inventory","mixed or historical placement","Development_Docs/Archive/Legacy_Docs/parallel-development-phase-3.md","rewrite-current","classified","engineering-record","yes","pending final validation","generated migration inventory"
"Development_Docs/Archive/Legacy_Docs/phase-2-phase-3-integration.md","phase-2-phase-3-integration","classified","Ledgerlight inventory","mixed or historical placement","Development_Docs/Archive/Legacy_Docs/phase-2-phase-3-integration.md","rewrite-current","classified","engineering-record","yes","pending final validation","generated migration inventory"
"Development_Docs/Archive/Legacy_Docs/player-companion-information-architecture.md","player-companion-information-architecture","classified","Ledgerlight inventory","mixed or historical placement","Development_Docs/Archive/Legacy_Docs/player-companion-information-architecture.md","rewrite-current","classified","engineering-record","yes","pending final validation","generated migration inventory"
"Development_Docs/Archive/Legacy_Docs/player-presence-and-sync.md","player-presence-and-sync","classified","Ledgerlight inventory","mixed or historical placement","Development_Docs/Archive/Legacy_Docs/player-presence-and-sync.md","rewrite-current","classified","engineering-record","yes","pending final validation","generated migration inventory"
"Development_Docs/Archive/Legacy_Docs/recovery-and-reversal.md","recovery-and-reversal","classified","Ledgerlight inventory","mixed or historical placement","Development_Docs/Archive/Legacy_Docs/recovery-and-reversal.md","rewrite-current","classified","engineering-record","yes","pending final validation","generated migration inventory"
"Development_Docs/Archive/Legacy_Docs/responsive-behavior.md","responsive-behavior","classified","Ledgerlight inventory","mixed or historical placement","Development_Docs/Archive/Legacy_Docs/responsive-behavior.md","rewrite-current","classified","engineering-record","yes","pending final validation","generated migration inventory"
"Development_Docs/Archive/Legacy_Docs/security.md","security","classified","Ledgerlight inventory","mixed or historical placement","Development_Docs/Archive/Legacy_Docs/security.md","rewrite-current","classified","engineering-record","yes","pending final validation","generated migration inventory"
"Development_Docs/Archive/Legacy_Docs/ships-log.md","ships-log","classified","Ledgerlight inventory","mixed or historical placement","Development_Docs/Archive/Legacy_Docs/ships-log.md","rewrite-current","classified","engineering-record","yes","pending final validation","generated migration inventory"
"Development_Docs/Archive/Legacy_Docs/side-quest-system.md","side-quest-system","classified","Ledgerlight inventory","mixed or historical placement","Development_Docs/Archive/Legacy_Docs/side-quest-system.md","rewrite-current","classified","engineering-record","yes","pending final validation","generated migration inventory"
"Development_Docs/Archive/Legacy_Docs/story-state-machine.md","story-state-machine","classified","Ledgerlight inventory","mixed or historical placement","Development_Docs/Archive/Legacy_Docs/story-state-machine.md","rewrite-current","classified","engineering-record","yes","pending final validation","generated migration inventory"
"Development_Docs/Archive/Legacy_Docs/testing.md","testing","classified","Ledgerlight inventory","mixed or historical placement","Development_Docs/Archive/Legacy_Docs/testing.md","rewrite-current","classified","engineering-record","yes","pending final validation","generated migration inventory"
"Development_Docs/Archive/Legacy_Docs/theatrical-event-system.md","theatrical-event-system","classified","Ledgerlight inventory","mixed or historical placement","Development_Docs/Archive/Legacy_Docs/theatrical-event-system.md","rewrite-current","classified","engineering-record","yes","pending final validation","generated migration inventory"
"Development_Docs/Archive/Legacy_Docs/unseen-content.md","unseen-content","classified","Ledgerlight inventory","mixed or historical placement","Development_Docs/Archive/Legacy_Docs/unseen-content.md","rewrite-current","classified","engineering-record","yes","pending final validation","generated migration inventory"
"Development_Docs/Archive/Legacy_Docs/voyage-chart.md","voyage-chart","classified","Ledgerlight inventory","mixed or historical placement","Development_Docs/Archive/Legacy_Docs/voyage-chart.md","rewrite-current","classified","engineering-record","yes","pending final validation","generated migration inventory"
"Development_Docs/Archive/Private_Content_Test_Plan.md","Private_Content_Test_Plan","classified","Ledgerlight inventory","mixed or historical placement","Development_Docs/Archive/Private_Content_Test_Plan.md","rewrite-current","classified","engineering-record","yes","pending final validation","generated migration inventory"
"Development_Docs/Community_Harbor_Appeal_and_Restoration_Policy.md","Community_Harbor_Appeal_and_Restoration_Policy","classified","Ledgerlight inventory","mixed or historical placement","Development_Docs/Community_Harbor_Appeal_and_Restoration_Policy.md","rewrite-current","classified","engineering-record","yes","pending final validation","generated migration inventory"
"Development_Docs/Community_Harbor_Backup_and_Recovery.md","Community_Harbor_Backup_and_Recovery","classified","Ledgerlight inventory","mixed or historical placement","Development_Docs/Community_Harbor_Backup_and_Recovery.md","rewrite-current","classified","engineering-record","yes","pending final validation","generated migration inventory"
"Development_Docs/Community_Harbor_Deployment_and_Rollout_Runbook.md","Community_Harbor_Deployment_and_Rollout_Runbook","classified","Ledgerlight inventory","mixed or historical placement","Development_Docs/Community_Harbor_Deployment_and_Rollout_Runbook.md","rewrite-current","classified","engineering-record","yes","pending final validation","generated migration inventory"
"Development_Docs/Community_Harbor_Keepsake_and_Voyage_Log_Model.md","Community_Harbor_Keepsake_and_Voyage_Log_Model","classified","Ledgerlight inventory","mixed or historical placement","Development_Docs/Community_Harbor_Keepsake_and_Voyage_Log_Model.md","rewrite-current","classified","engineering-record","yes","pending final validation","generated migration inventory"
"Development_Docs/Community_Harbor_Moderation_Case_Architecture.md","Community_Harbor_Moderation_Case_Architecture","classified","Ledgerlight inventory","mixed or historical placement","Development_Docs/Community_Harbor_Moderation_Case_Architecture.md","rewrite-current","classified","engineering-record","yes","pending final validation","generated migration inventory"
"Development_Docs/Community_Harbor_Moderation_Policy.md","Community_Harbor_Moderation_Policy","classified","Ledgerlight inventory","mixed or historical placement","Development_Docs/Community_Harbor_Moderation_Policy.md","rewrite-current","classified","engineering-record","yes","pending final validation","generated migration inventory"
"Development_Docs/Community_Harbor_Observability_and_Alerting.md","Community_Harbor_Observability_and_Alerting","classified","Ledgerlight inventory","mixed or historical placement","Development_Docs/Community_Harbor_Observability_and_Alerting.md","rewrite-current","classified","engineering-record","yes","pending final validation","generated migration inventory"
"Development_Docs/Community_Harbor_Phase_3_Test_Plan.md","Community_Harbor_Phase_3_Test_Plan","classified","Ledgerlight inventory","mixed or historical placement","Development_Docs/Community_Harbor_Phase_3_Test_Plan.md","rewrite-current","classified","engineering-record","yes","pending final validation","generated migration inventory"
"Development_Docs/Community_Harbor_Phase_4_Test_Plan.md","Community_Harbor_Phase_4_Test_Plan","classified","Ledgerlight inventory","mixed or historical placement","Development_Docs/Community_Harbor_Phase_4_Test_Plan.md","rewrite-current","classified","engineering-record","yes","pending final validation","generated migration inventory"
"Development_Docs/Community_Harbor_Production_Provider_Architecture.md","Community_Harbor_Production_Provider_Architecture","classified","Ledgerlight inventory","mixed or historical placement","Development_Docs/Community_Harbor_Production_Provider_Architecture.md","rewrite-current","classified","engineering-record","yes","pending final validation","generated migration inventory"
"Development_Docs/Community_Harbor_Rate_Limit_and_Abuse_Model.md","Community_Harbor_Rate_Limit_and_Abuse_Model","classified","Ledgerlight inventory","mixed or historical placement","Development_Docs/Community_Harbor_Rate_Limit_and_Abuse_Model.md","rewrite-current","classified","engineering-record","yes","pending final validation","generated migration inventory"
"Development_Docs/Community_Harbor_Search_and_Discovery_Architecture.md","Community_Harbor_Search_and_Discovery_Architecture","classified","Ledgerlight inventory","mixed or historical placement","Development_Docs/Community_Harbor_Search_and_Discovery_Architecture.md","rewrite-current","classified","engineering-record","yes","pending final validation","generated migration inventory"
"Development_Docs/Community_Harbor_Social_Interaction_Model.md","Community_Harbor_Social_Interaction_Model","classified","Ledgerlight inventory","mixed or historical placement","Development_Docs/Community_Harbor_Social_Interaction_Model.md","rewrite-current","classified","engineering-record","yes","pending final validation","generated migration inventory"
"Development_Docs/Community_Harbor_Worker_and_Outbox_Operations.md","Community_Harbor_Worker_and_Outbox_Operations","classified","Ledgerlight inventory","mixed or historical placement","Development_Docs/Community_Harbor_Worker_and_Outbox_Operations.md","rewrite-current","classified","engineering-record","yes","pending final validation","generated migration inventory"
"Development_Docs/Completion_Receipts/Chronicle_Platform_Implementation_Record.md","Chronicle_Platform_Implementation_Record","classified","Ledgerlight inventory","mixed or historical placement","Development_Docs/Completion_Receipts/Chronicle_Platform_Implementation_Record.md","rewrite-current","classified","engineering-record","yes","pending final validation","generated migration inventory"
"Development_Docs/Completion_Receipts/Full_System_Product_Polish_Implementation_Record.md","Full_System_Product_Polish_Implementation_Record","classified","Ledgerlight inventory","mixed or historical placement","Development_Docs/Completion_Receipts/Full_System_Product_Polish_Implementation_Record.md","rewrite-current","classified","engineering-record","yes","pending final validation","generated migration inventory"
"Development_Docs/Completion_Receipts/Ledgerlight_Mainline_Cleanup_Receipt.md","Ledgerlight_Mainline_Cleanup_Receipt","classified","Ledgerlight inventory","mixed or historical placement","Development_Docs/Completion_Receipts/Ledgerlight_Mainline_Cleanup_Receipt.md","rewrite-current","classified","engineering-record","yes","pending final validation","generated migration inventory"
"Development_Docs/Completion_Receipts/Project_Sounding_Line_Phase_1_Completion_Receipt.md","Project_Sounding_Line_Phase_1_Completion_Receipt","classified","Ledgerlight inventory","mixed or historical placement","Development_Docs/Completion_Receipts/Project_Sounding_Line_Phase_1_Completion_Receipt.md","rewrite-current","classified","engineering-record","yes","pending final validation","generated migration inventory"
"Development_Docs/Consolidated_Mainline_Receipt_2026-07-29.md","Consolidated_Mainline_Receipt_2026-07-29","classified","Ledgerlight inventory","mixed or historical placement","Development_Docs/Consolidated_Mainline_Receipt_2026-07-29.md","rewrite-current","classified","engineering-record","yes","pending final validation","generated migration inventory"
"Development_Docs/Features/FEATURE_CATALOG.md","FEATURE_CATALOG","classified","Ledgerlight inventory","mixed or historical placement","Development_Docs/Features/FEATURE_CATALOG.md","rewrite-current","classified","engineering-record","yes","pending final validation","generated migration inventory"
"Development_Docs/Features/FEATURE_CATALOG_SCHEMA.md","FEATURE_CATALOG_SCHEMA","classified","Ledgerlight inventory","mixed or historical placement","Development_Docs/Features/FEATURE_CATALOG_SCHEMA.md","rewrite-current","classified","engineering-record","yes","pending final validation","generated migration inventory"
"Development_Docs/Features/Feature_Catalog_Mainline_Reconciliation_Receipt.md","Feature_Catalog_Mainline_Reconciliation_Receipt","classified","Ledgerlight inventory","mixed or historical placement","Development_Docs/Features/Feature_Catalog_Mainline_Reconciliation_Receipt.md","rewrite-current","classified","engineering-record","yes","pending final validation","generated migration inventory"
"Development_Docs/Features/README.md","README","classified","Ledgerlight inventory","mixed or historical placement","Development_Docs/Features/README.md","rewrite-current","classified","engineering-record","yes","pending final validation","generated migration inventory"
"Development_Docs/Features/catalog/captain.json","captain","classified","Ledgerlight inventory","mixed or historical placement","Development_Docs/Features/catalog/captain.json","rewrite-current","classified","engineering-record","yes","pending final validation","generated migration inventory"
"Development_Docs/Features/catalog/harborlight.json","harborlight","classified","Ledgerlight inventory","mixed or historical placement","Development_Docs/Features/catalog/harborlight.json","rewrite-current","classified","engineering-record","yes","pending final validation","generated migration inventory"
"Development_Docs/Features/catalog/lanternwake.json","lanternwake","classified","Ledgerlight inventory","mixed or historical placement","Development_Docs/Features/catalog/lanternwake.json","rewrite-current","classified","engineering-record","yes","pending final validation","generated migration inventory"
"Development_Docs/Features/catalog/one-voyage.json","one-voyage","classified","Ledgerlight inventory","mixed or historical placement","Development_Docs/Features/catalog/one-voyage.json","rewrite-current","classified","engineering-record","yes","pending final validation","generated migration inventory"
"Development_Docs/Features/catalog/platform.json","platform","classified","Ledgerlight inventory","mixed or historical placement","Development_Docs/Features/catalog/platform.json","rewrite-current","classified","engineering-record","yes","pending final validation","generated migration inventory"
"Development_Docs/Features/catalog/player.json","player","classified","Ledgerlight inventory","mixed or historical placement","Development_Docs/Features/catalog/player.json","rewrite-current","classified","engineering-record","yes","pending final validation","generated migration inventory"
"Development_Docs/Features/catalog/sealed-hold.json","sealed-hold","classified","Ledgerlight inventory","mixed or historical placement","Development_Docs/Features/catalog/sealed-hold.json","rewrite-current","classified","engineering-record","yes","pending final validation","generated migration inventory"
"Development_Docs/Features/catalog/security-operations.json","security-operations","classified","Ledgerlight inventory","mixed or historical placement","Development_Docs/Features/catalog/security-operations.json","rewrite-current","classified","engineering-record","yes","pending final validation","generated migration inventory"
"Development_Docs/Features/catalog/sounding-line.json","sounding-line","classified","Ledgerlight inventory","mixed or historical placement","Development_Docs/Features/catalog/sounding-line.json","rewrite-current","classified","engineering-record","yes","pending final validation","generated migration inventory"
"Development_Docs/Features/catalog/studio.json","studio","classified","Ledgerlight inventory","mixed or historical placement","Development_Docs/Features/catalog/studio.json","rewrite-current","classified","engineering-record","yes","pending final validation","generated migration inventory"
"Development_Docs/Features/catalog/wayfarer.json","wayfarer","classified","Ledgerlight inventory","mixed or historical placement","Development_Docs/Features/catalog/wayfarer.json","rewrite-current","classified","engineering-record","yes","pending final validation","generated migration inventory"
"Development_Docs/Governing/Phase_1_Cross_Project_Convergence_Design_Record.md","Phase_1_Cross_Project_Convergence_Design_Record","classified","Ledgerlight inventory","mixed or historical placement","Development_Docs/Governing/Phase_1_Cross_Project_Convergence_Design_Record.md","rewrite-current","classified","engineering-record","yes","pending final validation","generated migration inventory"
"Development_Docs/Governing/Project_Phase_2_Mainline_Convergence_Record.md","Project_Phase_2_Mainline_Convergence_Record","classified","Ledgerlight inventory","mixed or historical placement","Development_Docs/Governing/Project_Phase_2_Mainline_Convergence_Record.md","rewrite-current","classified","engineering-record","yes","pending final validation","generated migration inventory"
"Development_Docs/Governing/Voyagewright_Language_Design_Foundation.md","Voyagewright_Language_Design_Foundation","classified","Ledgerlight inventory","mixed or historical placement","Development_Docs/Governing/Voyagewright_Language_Design_Foundation.md","rewrite-current","classified","engineering-record","yes","pending final validation","generated migration inventory"
"Development_Docs/Governing/Voyagewright_Language_Design_Foundation.pdf","Voyagewright_Language_Design_Foundation","classified","Ledgerlight inventory","mixed or historical placement","Development_Docs/Governing/Voyagewright_Language_Design_Foundation.pdf","rewrite-current","classified","engineering-record","yes","pending final validation","generated migration inventory"
"Development_Docs/Governing/Voyagewright_User_Facing_Copy_Inventory.csv","Voyagewright_User_Facing_Copy_Inventory","classified","Ledgerlight inventory","mixed or historical placement","Development_Docs/Governing/Voyagewright_User_Facing_Copy_Inventory.csv","rewrite-current","classified","engineering-record","yes","pending final validation","generated migration inventory"
"Development_Docs/Governing/phase_b_implementation_roadmap_v1_0.pdf","phase_b_implementation_roadmap_v1_0","classified","Ledgerlight inventory","mixed or historical placement","Development_Docs/Governing/phase_b_implementation_roadmap_v1_0.pdf","rewrite-current","classified","engineering-record","yes","pending final validation","generated migration inventory"
"Development_Docs/Governing/vision_waypoint_external_ar_governing_specification_v1_0.pdf","vision_waypoint_external_ar_governing_specification_v1_0","classified","Ledgerlight inventory","mixed or historical placement","Development_Docs/Governing/vision_waypoint_external_ar_governing_specification_v1_0.pdf","rewrite-current","classified","engineering-record","yes","pending final validation","generated migration inventory"
"Development_Docs/INDEX.md","INDEX","classified","Ledgerlight inventory","mixed or historical placement","Development_Docs/INDEX.md","rewrite-current","classified","engineering-record","yes","pending final validation","generated migration inventory"
"Development_Docs/Migrations/Phase_1_Cross_Project_Migration_Order.md","Phase_1_Cross_Project_Migration_Order","classified","Ledgerlight inventory","mixed or historical placement","Development_Docs/Migrations/Phase_1_Cross_Project_Migration_Order.md","rewrite-current","classified","engineering-record","yes","pending final validation","generated migration inventory"
"Development_Docs/Migrations/Voyagewright_Universal_Language_Migration_Record.md","Voyagewright_Universal_Language_Migration_Record","classified","Ledgerlight inventory","mixed or historical placement","Development_Docs/Migrations/Voyagewright_Universal_Language_Migration_Record.md","rewrite-current","classified","engineering-record","yes","pending final validation","generated migration inventory"
"Development_Docs/Phase_3_4_Convergence_Browser_Matrix_Risk_Acceptance.md","Phase_3_4_Convergence_Browser_Matrix_Risk_Acceptance","classified","Ledgerlight inventory","mixed or historical placement","Development_Docs/Phase_3_4_Convergence_Browser_Matrix_Risk_Acceptance.md","rewrite-current","classified","engineering-record","yes","pending final validation","generated migration inventory"
"Development_Docs/Programs/Harborlight/Community_Artifact_2D_3D_Architecture.md","Community_Artifact_2D_3D_Architecture","classified","Ledgerlight inventory","mixed or historical placement","Development_Docs/Programs/Harborlight/Community_Artifact_2D_3D_Architecture.md","rewrite-current","classified","engineering-record","yes","pending final validation","generated migration inventory"
"Development_Docs/Programs/Harborlight/Community_Exchange_Package_Format.md","Community_Exchange_Package_Format","classified","Ledgerlight inventory","mixed or historical placement","Development_Docs/Programs/Harborlight/Community_Exchange_Package_Format.md","rewrite-current","classified","engineering-record","yes","pending final validation","generated migration inventory"
"Development_Docs/Programs/Harborlight/Community_Exchange_Test_Plan.md","Community_Exchange_Test_Plan","classified","Ledgerlight inventory","mixed or historical placement","Development_Docs/Programs/Harborlight/Community_Exchange_Test_Plan.md","rewrite-current","classified","engineering-record","yes","pending final validation","generated migration inventory"
"Development_Docs/Programs/Harborlight/Community_Exchange_Threat_Model.md","Community_Exchange_Threat_Model","classified","Ledgerlight inventory","mixed or historical placement","Development_Docs/Programs/Harborlight/Community_Exchange_Threat_Model.md","rewrite-current","classified","engineering-record","yes","pending final validation","generated migration inventory"
"Development_Docs/Programs/Harborlight/Community_Harbor_Data_Model.md","Community_Harbor_Data_Model","classified","Ledgerlight inventory","mixed or historical placement","Development_Docs/Programs/Harborlight/Community_Harbor_Data_Model.md","rewrite-current","classified","engineering-record","yes","pending final validation","generated migration inventory"
"Development_Docs/Programs/Harborlight/Community_Harbor_Licensing_and_Attribution.md","Community_Harbor_Licensing_and_Attribution","classified","Ledgerlight inventory","mixed or historical placement","Development_Docs/Programs/Harborlight/Community_Harbor_Licensing_and_Attribution.md","rewrite-current","classified","engineering-record","yes","pending final validation","generated migration inventory"
"Development_Docs/Programs/Harborlight/Community_Harbor_Privacy_and_Spoiler_Model.md","Community_Harbor_Privacy_and_Spoiler_Model","classified","Ledgerlight inventory","mixed or historical placement","Development_Docs/Programs/Harborlight/Community_Harbor_Privacy_and_Spoiler_Model.md","rewrite-current","classified","engineering-record","yes","pending final validation","generated migration inventory"
"Development_Docs/Programs/Harborlight/Community_Harbor_Release_Manifest.md","Community_Harbor_Release_Manifest","classified","Ledgerlight inventory","mixed or historical placement","Development_Docs/Programs/Harborlight/Community_Harbor_Release_Manifest.md","rewrite-current","classified","engineering-record","yes","pending final validation","generated migration inventory"
"Development_Docs/Programs/Harborlight/Community_Harbor_Storage_and_Job_Architecture.md","Community_Harbor_Storage_and_Job_Architecture","classified","Ledgerlight inventory","mixed or historical placement","Development_Docs/Programs/Harborlight/Community_Harbor_Storage_and_Job_Architecture.md","rewrite-current","classified","engineering-record","yes","pending final validation","generated migration inventory"
"Development_Docs/Programs/Harborlight/Community_Harbor_Test_Plan.md","Community_Harbor_Test_Plan","classified","Ledgerlight inventory","mixed or historical placement","Development_Docs/Programs/Harborlight/Community_Harbor_Test_Plan.md","rewrite-current","classified","engineering-record","yes","pending final validation","generated migration inventory"
"Development_Docs/Programs/Harborlight/Community_Installation_and_Rollback_Architecture.md","Community_Installation_and_Rollback_Architecture","classified","Ledgerlight inventory","mixed or historical placement","Development_Docs/Programs/Harborlight/Community_Installation_and_Rollback_Architecture.md","rewrite-current","classified","engineering-record","yes","pending final validation","generated migration inventory"
"Development_Docs/Programs/Harborlight/Community_Publication_Workflow.md","Community_Publication_Workflow","classified","Ledgerlight inventory","mixed or historical placement","Development_Docs/Programs/Harborlight/Community_Publication_Workflow.md","rewrite-current","classified","engineering-record","yes","pending final validation","generated migration inventory"
"Development_Docs/Programs/Harborlight/Community_Release_Update_Model.md","Community_Release_Update_Model","classified","Ledgerlight inventory","mixed or historical placement","Development_Docs/Programs/Harborlight/Community_Release_Update_Model.md","rewrite-current","classified","engineering-record","yes","pending final validation","generated migration inventory"
"Development_Docs/Programs/Harborlight/Community_Remix_Lineage_and_Licensing.md","Community_Remix_Lineage_and_Licensing","classified","Ledgerlight inventory","mixed or historical placement","Development_Docs/Programs/Harborlight/Community_Remix_Lineage_and_Licensing.md","rewrite-current","classified","engineering-record","yes","pending final validation","generated migration inventory"
"Development_Docs/Programs/Harborlight/Project_Harborlight_Phase_1_Acceptance_Closure_Ledger.csv","Project_Harborlight_Phase_1_Acceptance_Closure_Ledger","classified","Ledgerlight inventory","mixed or historical placement","Development_Docs/Programs/Harborlight/Project_Harborlight_Phase_1_Acceptance_Closure_Ledger.csv","rewrite-current","classified","engineering-record","yes","pending final validation","generated migration inventory"
"Development_Docs/Programs/Harborlight/Project_Harborlight_Phase_1_Acceptance_Closure_Report.md","Project_Harborlight_Phase_1_Acceptance_Closure_Report","classified","Ledgerlight inventory","mixed or historical placement","Development_Docs/Programs/Harborlight/Project_Harborlight_Phase_1_Acceptance_Closure_Report.md","rewrite-current","classified","engineering-record","yes","pending final validation","generated migration inventory"
"Development_Docs/Programs/Harborlight/Project_Harborlight_Phase_1_Design_Record.md","Project_Harborlight_Phase_1_Design_Record","classified","Ledgerlight inventory","mixed or historical placement","Development_Docs/Programs/Harborlight/Project_Harborlight_Phase_1_Design_Record.md","rewrite-current","classified","engineering-record","yes","pending final validation","generated migration inventory"
"Development_Docs/Programs/Harborlight/Project_Harborlight_Phase_1_Gap_Analysis.md","Project_Harborlight_Phase_1_Gap_Analysis","classified","Ledgerlight inventory","mixed or historical placement","Development_Docs/Programs/Harborlight/Project_Harborlight_Phase_1_Gap_Analysis.md","rewrite-current","classified","engineering-record","yes","pending final validation","generated migration inventory"
"Development_Docs/Programs/Harborlight/Project_Harborlight_Phase_1_Integration_Manifest.md","Project_Harborlight_Phase_1_Integration_Manifest","classified","Ledgerlight inventory","mixed or historical placement","Development_Docs/Programs/Harborlight/Project_Harborlight_Phase_1_Integration_Manifest.md","rewrite-current","classified","engineering-record","yes","pending final validation","generated migration inventory"
"Development_Docs/Programs/Harborlight/Project_Harborlight_Phase_2_Completion_Report.md","Project_Harborlight_Phase_2_Completion_Report","classified","Ledgerlight inventory","mixed or historical placement","Development_Docs/Programs/Harborlight/Project_Harborlight_Phase_2_Completion_Report.md","rewrite-current","classified","engineering-record","yes","pending final validation","generated migration inventory"
"Development_Docs/Programs/Harborlight/Project_Harborlight_Phase_2_Convergence_Ledger.csv","Project_Harborlight_Phase_2_Convergence_Ledger","classified","Ledgerlight inventory","mixed or historical placement","Development_Docs/Programs/Harborlight/Project_Harborlight_Phase_2_Convergence_Ledger.csv","rewrite-current","classified","engineering-record","yes","pending final validation","generated migration inventory"
"Development_Docs/Programs/Harborlight/Project_Harborlight_Phase_2_Cross_Project_Integration_Manifest.md","Project_Harborlight_Phase_2_Cross_Project_Integration_Manifest","classified","Ledgerlight inventory","mixed or historical placement","Development_Docs/Programs/Harborlight/Project_Harborlight_Phase_2_Cross_Project_Integration_Manifest.md","rewrite-current","classified","engineering-record","yes","pending final validation","generated migration inventory"
"Development_Docs/Programs/Harborlight/Project_Harborlight_Phase_2_Design_Record.md","Project_Harborlight_Phase_2_Design_Record","classified","Ledgerlight inventory","mixed or historical placement","Development_Docs/Programs/Harborlight/Project_Harborlight_Phase_2_Design_Record.md","rewrite-current","classified","engineering-record","yes","pending final validation","generated migration inventory"
"Development_Docs/Programs/Harborlight/Project_Harborlight_Phase_2_Implementation_Manifest.txt","Project_Harborlight_Phase_2_Implementation_Manifest","classified","Ledgerlight inventory","mixed or historical placement","Development_Docs/Programs/Harborlight/Project_Harborlight_Phase_2_Implementation_Manifest.txt","rewrite-current","classified","engineering-record","yes","pending final validation","generated migration inventory"
"Development_Docs/Programs/Harborlight/Project_Harborlight_Phase_2_Integration_Manifest.md","Project_Harborlight_Phase_2_Integration_Manifest","classified","Ledgerlight inventory","mixed or historical placement","Development_Docs/Programs/Harborlight/Project_Harborlight_Phase_2_Integration_Manifest.md","rewrite-current","classified","engineering-record","yes","pending final validation","generated migration inventory"
"Development_Docs/Programs/Harborlight/Project_Harborlight_Phase_2_Reconciliation_Record.md","Project_Harborlight_Phase_2_Reconciliation_Record","classified","Ledgerlight inventory","mixed or historical placement","Development_Docs/Programs/Harborlight/Project_Harborlight_Phase_2_Reconciliation_Record.md","rewrite-current","classified","engineering-record","yes","pending final validation","generated migration inventory"
"Development_Docs/Programs/Harborlight/Project_Harborlight_Phase_2_Validation_Record.md","Project_Harborlight_Phase_2_Validation_Record","classified","Ledgerlight inventory","mixed or historical placement","Development_Docs/Programs/Harborlight/Project_Harborlight_Phase_2_Validation_Record.md","rewrite-current","classified","engineering-record","yes","pending final validation","generated migration inventory"
"Development_Docs/Programs/Harborlight/Project_Harborlight_Phase_4_Sounding_Line_Handoff.json","Project_Harborlight_Phase_4_Sounding_Line_Handoff","classified","Ledgerlight inventory","mixed or historical placement","Development_Docs/Programs/Harborlight/Project_Harborlight_Phase_4_Sounding_Line_Handoff.json","rewrite-current","classified","engineering-record","yes","pending final validation","generated migration inventory"
"Development_Docs/Programs/Lanternwake/Animation_Original_Audit_Reconciliation_Ledger.csv","Animation_Original_Audit_Reconciliation_Ledger","classified","Ledgerlight inventory","mixed or historical placement","Development_Docs/Programs/Lanternwake/Animation_Original_Audit_Reconciliation_Ledger.csv","rewrite-current","classified","engineering-record","yes","pending final validation","generated migration inventory"
"Development_Docs/Programs/Lanternwake/Animation_System_Audit_Matrix.csv","Animation_System_Audit_Matrix","classified","Ledgerlight inventory","mixed or historical placement","Development_Docs/Programs/Lanternwake/Animation_System_Audit_Matrix.csv","rewrite-current","classified","engineering-record","yes","pending final validation","generated migration inventory"
"Development_Docs/Programs/Lanternwake/Animation_System_Full_Audit.md","Animation_System_Full_Audit","classified","Ledgerlight inventory","mixed or historical placement","Development_Docs/Programs/Lanternwake/Animation_System_Full_Audit.md","rewrite-current","classified","engineering-record","yes","pending final validation","generated migration inventory"
"Development_Docs/Programs/Lanternwake/Animation_System_Implementation_Roadmap.md","Animation_System_Implementation_Roadmap","classified","Ledgerlight inventory","mixed or historical placement","Development_Docs/Programs/Lanternwake/Animation_System_Implementation_Roadmap.md","rewrite-current","classified","engineering-record","yes","pending final validation","generated migration inventory"
"Development_Docs/Programs/Lanternwake/Animation_System_Test_Plan.md","Animation_System_Test_Plan","classified","Ledgerlight inventory","mixed or historical placement","Development_Docs/Programs/Lanternwake/Animation_System_Test_Plan.md","rewrite-current","classified","engineering-record","yes","pending final validation","generated migration inventory"
"Development_Docs/Programs/Lanternwake/Project_Lanternwake_Canonical_Event_Matrix_Mapping.csv","Project_Lanternwake_Canonical_Event_Matrix_Mapping","classified","Ledgerlight inventory","mixed or historical placement","Development_Docs/Programs/Lanternwake/Project_Lanternwake_Canonical_Event_Matrix_Mapping.csv","rewrite-current","classified","engineering-record","yes","pending final validation","generated migration inventory"
"Development_Docs/Programs/Lanternwake/Project_Lanternwake_Completion_Receipt.md","Project_Lanternwake_Completion_Receipt","classified","Ledgerlight inventory","mixed or historical placement","Development_Docs/Programs/Lanternwake/Project_Lanternwake_Completion_Receipt.md","rewrite-current","classified","engineering-record","yes","pending final validation","generated migration inventory"
"Development_Docs/Programs/Lanternwake/Project_Lanternwake_Final_Accessibility_Report.md","Project_Lanternwake_Final_Accessibility_Report","classified","Ledgerlight inventory","mixed or historical placement","Development_Docs/Programs/Lanternwake/Project_Lanternwake_Final_Accessibility_Report.md","rewrite-current","classified","engineering-record","yes","pending final validation","generated migration inventory"
"Development_Docs/Programs/Lanternwake/Project_Lanternwake_Final_Animation_Completion_Ledger.csv","Project_Lanternwake_Final_Animation_Completion_Ledger","classified","Ledgerlight inventory","mixed or historical placement","Development_Docs/Programs/Lanternwake/Project_Lanternwake_Final_Animation_Completion_Ledger.csv","rewrite-current","classified","engineering-record","yes","pending final validation","generated migration inventory"
"Development_Docs/Programs/Lanternwake/Project_Lanternwake_Final_Performance_Report.md","Project_Lanternwake_Final_Performance_Report","classified","Ledgerlight inventory","mixed or historical placement","Development_Docs/Programs/Lanternwake/Project_Lanternwake_Final_Performance_Report.md","rewrite-current","classified","engineering-record","yes","pending final validation","generated migration inventory"
"Development_Docs/Programs/Lanternwake/Project_Lanternwake_Final_Visual_Quality_Report.md","Project_Lanternwake_Final_Visual_Quality_Report","classified","Ledgerlight inventory","mixed or historical placement","Development_Docs/Programs/Lanternwake/Project_Lanternwake_Final_Visual_Quality_Report.md","rewrite-current","classified","engineering-record","yes","pending final validation","generated migration inventory"
"Development_Docs/Programs/Lanternwake/Project_Lanternwake_Phase_1_Design_Record.md","Project_Lanternwake_Phase_1_Design_Record","classified","Ledgerlight inventory","mixed or historical placement","Development_Docs/Programs/Lanternwake/Project_Lanternwake_Phase_1_Design_Record.md","rewrite-current","classified","engineering-record","yes","pending final validation","generated migration inventory"
"Development_Docs/Programs/Lanternwake/Project_Lanternwake_Phase_2_Design_Record.md","Project_Lanternwake_Phase_2_Design_Record","classified","Ledgerlight inventory","mixed or historical placement","Development_Docs/Programs/Lanternwake/Project_Lanternwake_Phase_2_Design_Record.md","rewrite-current","classified","engineering-record","yes","pending final validation","generated migration inventory"
"Development_Docs/Programs/Lanternwake/Project_Lanternwake_Phase_2_Implementation_Report.md","Project_Lanternwake_Phase_2_Implementation_Report","classified","Ledgerlight inventory","mixed or historical placement","Development_Docs/Programs/Lanternwake/Project_Lanternwake_Phase_2_Implementation_Report.md","rewrite-current","classified","engineering-record","yes","pending final validation","generated migration inventory"
"Development_Docs/Programs/Lanternwake/Project_Lanternwake_Phase_2_Reconciliation_Shard_Manifest.csv","Project_Lanternwake_Phase_2_Reconciliation_Shard_Manifest","classified","Ledgerlight inventory","mixed or historical placement","Development_Docs/Programs/Lanternwake/Project_Lanternwake_Phase_2_Reconciliation_Shard_Manifest.csv","rewrite-current","classified","engineering-record","yes","pending final validation","generated migration inventory"
"Development_Docs/Programs/Lanternwake/Project_Lanternwake_Phase_2_Validation_Report.md","Project_Lanternwake_Phase_2_Validation_Report","classified","Ledgerlight inventory","mixed or historical placement","Development_Docs/Programs/Lanternwake/Project_Lanternwake_Phase_2_Validation_Report.md","rewrite-current","classified","engineering-record","yes","pending final validation","generated migration inventory"
"Development_Docs/Programs/Lanternwake/Project_Lanternwake_Phase_3_Design_Record.md","Project_Lanternwake_Phase_3_Design_Record","classified","Ledgerlight inventory","mixed or historical placement","Development_Docs/Programs/Lanternwake/Project_Lanternwake_Phase_3_Design_Record.md","rewrite-current","classified","engineering-record","yes","pending final validation","generated migration inventory"
"Development_Docs/Programs/Lanternwake/Project_Lanternwake_Phase_3_Implementation_Report.md","Project_Lanternwake_Phase_3_Implementation_Report","classified","Ledgerlight inventory","mixed or historical placement","Development_Docs/Programs/Lanternwake/Project_Lanternwake_Phase_3_Implementation_Report.md","rewrite-current","classified","engineering-record","yes","pending final validation","generated migration inventory"
"Development_Docs/Programs/Lanternwake/Project_Lanternwake_Phase_3_Player_Event_Coverage_Ledger.csv","Project_Lanternwake_Phase_3_Player_Event_Coverage_Ledger","classified","Ledgerlight inventory","mixed or historical placement","Development_Docs/Programs/Lanternwake/Project_Lanternwake_Phase_3_Player_Event_Coverage_Ledger.csv","rewrite-current","classified","engineering-record","yes","pending final validation","generated migration inventory"
"Development_Docs/Programs/Lanternwake/Project_Lanternwake_Phase_3_Validation_Report.md","Project_Lanternwake_Phase_3_Validation_Report","classified","Ledgerlight inventory","mixed or historical placement","Development_Docs/Programs/Lanternwake/Project_Lanternwake_Phase_3_Validation_Report.md","rewrite-current","classified","engineering-record","yes","pending final validation","generated migration inventory"
"Development_Docs/Programs/Lanternwake/Project_Lanternwake_Phase_3_Visual_Checkpoint_Index.md","Project_Lanternwake_Phase_3_Visual_Checkpoint_Index","classified","Ledgerlight inventory","mixed or historical placement","Development_Docs/Programs/Lanternwake/Project_Lanternwake_Phase_3_Visual_Checkpoint_Index.md","rewrite-current","classified","engineering-record","yes","pending final validation","generated migration inventory"
"Development_Docs/Programs/Lanternwake/Project_Lanternwake_Phase_4_Animation_Manifest.csv","Project_Lanternwake_Phase_4_Animation_Manifest","classified","Ledgerlight inventory","mixed or historical placement","Development_Docs/Programs/Lanternwake/Project_Lanternwake_Phase_4_Animation_Manifest.csv","rewrite-current","classified","engineering-record","yes","pending final validation","generated migration inventory"
"Development_Docs/Programs/Lanternwake/Project_Lanternwake_Phase_4_Design_Record.md","Project_Lanternwake_Phase_4_Design_Record","classified","Ledgerlight inventory","mixed or historical placement","Development_Docs/Programs/Lanternwake/Project_Lanternwake_Phase_4_Design_Record.md","rewrite-current","classified","engineering-record","yes","pending final validation","generated migration inventory"
"Development_Docs/Programs/Lanternwake/Project_Lanternwake_Phase_4_Implementation_Report.md","Project_Lanternwake_Phase_4_Implementation_Report","classified","Ledgerlight inventory","mixed or historical placement","Development_Docs/Programs/Lanternwake/Project_Lanternwake_Phase_4_Implementation_Report.md","rewrite-current","classified","engineering-record","yes","pending final validation","generated migration inventory"
"Development_Docs/Programs/Lanternwake/Project_Lanternwake_Phase_4_Validation_Report.md","Project_Lanternwake_Phase_4_Validation_Report","classified","Ledgerlight inventory","mixed or historical placement","Development_Docs/Programs/Lanternwake/Project_Lanternwake_Phase_4_Validation_Report.md","rewrite-current","classified","engineering-record","yes","pending final validation","generated migration inventory"
"Development_Docs/Programs/Lanternwake/Project_Lanternwake_Phase_4_Visual_Checkpoint_Index.md","Project_Lanternwake_Phase_4_Visual_Checkpoint_Index","classified","Ledgerlight inventory","mixed or historical placement","Development_Docs/Programs/Lanternwake/Project_Lanternwake_Phase_4_Visual_Checkpoint_Index.md","rewrite-current","classified","engineering-record","yes","pending final validation","generated migration inventory"
"Development_Docs/Programs/Lanternwake/Project_Lanternwake_Phase_5_Animation_Ledger.csv","Project_Lanternwake_Phase_5_Animation_Ledger","classified","Ledgerlight inventory","mixed or historical placement","Development_Docs/Programs/Lanternwake/Project_Lanternwake_Phase_5_Animation_Ledger.csv","rewrite-current","classified","engineering-record","yes","pending final validation","generated migration inventory"
"Development_Docs/Programs/Lanternwake/Project_Lanternwake_Phase_5_Asset_Contract_Ledger.csv","Project_Lanternwake_Phase_5_Asset_Contract_Ledger","classified","Ledgerlight inventory","mixed or historical placement","Development_Docs/Programs/Lanternwake/Project_Lanternwake_Phase_5_Asset_Contract_Ledger.csv","rewrite-current","classified","engineering-record","yes","pending final validation","generated migration inventory"
"Development_Docs/Programs/Lanternwake/Project_Lanternwake_Phase_5_Design_Record.md","Project_Lanternwake_Phase_5_Design_Record","classified","Ledgerlight inventory","mixed or historical placement","Development_Docs/Programs/Lanternwake/Project_Lanternwake_Phase_5_Design_Record.md","rewrite-current","classified","engineering-record","yes","pending final validation","generated migration inventory"
"Development_Docs/Programs/Lanternwake/Project_Lanternwake_Phase_5_Implementation_Report.md","Project_Lanternwake_Phase_5_Implementation_Report","classified","Ledgerlight inventory","mixed or historical placement","Development_Docs/Programs/Lanternwake/Project_Lanternwake_Phase_5_Implementation_Report.md","rewrite-current","classified","engineering-record","yes","pending final validation","generated migration inventory"
"Development_Docs/Programs/Lanternwake/Project_Lanternwake_Phase_5_PageFlip_Lifecycle_Specification.md","Project_Lanternwake_Phase_5_PageFlip_Lifecycle_Specification","classified","Ledgerlight inventory","mixed or historical placement","Development_Docs/Programs/Lanternwake/Project_Lanternwake_Phase_5_PageFlip_Lifecycle_Specification.md","rewrite-current","classified","engineering-record","yes","pending final validation","generated migration inventory"
"Development_Docs/Programs/Lanternwake/Project_Lanternwake_Phase_5_Rive_Authoring_Specification.md","Project_Lanternwake_Phase_5_Rive_Authoring_Specification","classified","Ledgerlight inventory","mixed or historical placement","Development_Docs/Programs/Lanternwake/Project_Lanternwake_Phase_5_Rive_Authoring_Specification.md","rewrite-current","classified","engineering-record","yes","pending final validation","generated migration inventory"
"Development_Docs/Programs/Lanternwake/Project_Lanternwake_Phase_5_Universal_Language_Integration_Hashes.md","Project_Lanternwake_Phase_5_Universal_Language_Integration_Hashes","classified","Ledgerlight inventory","mixed or historical placement","Development_Docs/Programs/Lanternwake/Project_Lanternwake_Phase_5_Universal_Language_Integration_Hashes.md","rewrite-current","classified","engineering-record","yes","pending final validation","generated migration inventory"
"Development_Docs/Programs/Lanternwake/Project_Lanternwake_Phase_5_Universal_Language_Integration_Record.md","Project_Lanternwake_Phase_5_Universal_Language_Integration_Record","classified","Ledgerlight inventory","mixed or historical placement","Development_Docs/Programs/Lanternwake/Project_Lanternwake_Phase_5_Universal_Language_Integration_Record.md","rewrite-current","classified","engineering-record","yes","pending final validation","generated migration inventory"
"Development_Docs/Programs/Lanternwake/Project_Lanternwake_Phase_5_Universal_Language_Integration_Validation_Report.md","Project_Lanternwake_Phase_5_Universal_Language_Integration_Validation_Report","classified","Ledgerlight inventory","mixed or historical placement","Development_Docs/Programs/Lanternwake/Project_Lanternwake_Phase_5_Universal_Language_Integration_Validation_Report.md","rewrite-current","classified","engineering-record","yes","pending final validation","generated migration inventory"
"Development_Docs/Programs/Lanternwake/Project_Lanternwake_Phase_5_Validation_Report.md","Project_Lanternwake_Phase_5_Validation_Report","classified","Ledgerlight inventory","mixed or historical placement","Development_Docs/Programs/Lanternwake/Project_Lanternwake_Phase_5_Validation_Report.md","rewrite-current","classified","engineering-record","yes","pending final validation","generated migration inventory"
"Development_Docs/Programs/Lanternwake/Project_Lanternwake_Phase_6_Account_Switch_Continuation.md","Project_Lanternwake_Phase_6_Account_Switch_Continuation","classified","Ledgerlight inventory","mixed or historical placement","Development_Docs/Programs/Lanternwake/Project_Lanternwake_Phase_6_Account_Switch_Continuation.md","rewrite-current","classified","engineering-record","yes","pending final validation","generated migration inventory"
"Development_Docs/Programs/Lanternwake/Project_Lanternwake_Phase_6_Baseline_Record.md","Project_Lanternwake_Phase_6_Baseline_Record","classified","Ledgerlight inventory","mixed or historical placement","Development_Docs/Programs/Lanternwake/Project_Lanternwake_Phase_6_Baseline_Record.md","rewrite-current","classified","engineering-record","yes","pending final validation","generated migration inventory"
"Development_Docs/Programs/Lanternwake/Project_Lanternwake_Phase_6_Continuation.json","Project_Lanternwake_Phase_6_Continuation","classified","Ledgerlight inventory","mixed or historical placement","Development_Docs/Programs/Lanternwake/Project_Lanternwake_Phase_6_Continuation.json","rewrite-current","classified","engineering-record","yes","pending final validation","generated migration inventory"
"Development_Docs/Programs/Lanternwake/Project_Lanternwake_Phase_6_Design_and_Closure_Record.md","Project_Lanternwake_Phase_6_Design_and_Closure_Record","classified","Ledgerlight inventory","mixed or historical placement","Development_Docs/Programs/Lanternwake/Project_Lanternwake_Phase_6_Design_and_Closure_Record.md","rewrite-current","classified","engineering-record","yes","pending final validation","generated migration inventory"
"Development_Docs/Programs/Lanternwake/Project_Lanternwake_Phase_6_Implementation_Report.md","Project_Lanternwake_Phase_6_Implementation_Report","classified","Ledgerlight inventory","mixed or historical placement","Development_Docs/Programs/Lanternwake/Project_Lanternwake_Phase_6_Implementation_Report.md","rewrite-current","classified","engineering-record","yes","pending final validation","generated migration inventory"
"Development_Docs/Programs/Lanternwake/Project_Lanternwake_Phase_6_Mainline_Integration_Report.md","Project_Lanternwake_Phase_6_Mainline_Integration_Report","classified","Ledgerlight inventory","mixed or historical placement","Development_Docs/Programs/Lanternwake/Project_Lanternwake_Phase_6_Mainline_Integration_Report.md","rewrite-current","classified","engineering-record","yes","pending final validation","generated migration inventory"
"Development_Docs/Programs/Lanternwake/Project_Lanternwake_Phase_6_Manual_Rive_Authoring_Specification.md","Project_Lanternwake_Phase_6_Manual_Rive_Authoring_Specification","classified","Ledgerlight inventory","mixed or historical placement","Development_Docs/Programs/Lanternwake/Project_Lanternwake_Phase_6_Manual_Rive_Authoring_Specification.md","rewrite-current","classified","engineering-record","yes","pending final validation","generated migration inventory"
"Development_Docs/Programs/Lanternwake/Project_Lanternwake_Phase_6_Validation_Report.md","Project_Lanternwake_Phase_6_Validation_Report","classified","Ledgerlight inventory","mixed or historical placement","Development_Docs/Programs/Lanternwake/Project_Lanternwake_Phase_6_Validation_Report.md","rewrite-current","classified","engineering-record","yes","pending final validation","generated migration inventory"
"Development_Docs/Programs/One_Voyage/Canonical_Player_Journal_Implementation_Record.md","Canonical_Player_Journal_Implementation_Record","classified","Ledgerlight inventory","mixed or historical placement","Development_Docs/Programs/One_Voyage/Canonical_Player_Journal_Implementation_Record.md","rewrite-current","classified","engineering-record","yes","pending final validation","generated migration inventory"
"Development_Docs/Programs/One_Voyage/Project_One_Voyage_Architecture_Inventory.md","Project_One_Voyage_Architecture_Inventory","classified","Ledgerlight inventory","mixed or historical placement","Development_Docs/Programs/One_Voyage/Project_One_Voyage_Architecture_Inventory.md","rewrite-current","classified","engineering-record","yes","pending final validation","generated migration inventory"
"Development_Docs/Programs/One_Voyage/Project_One_Voyage_Canonical_Domain_ADR.md","Project_One_Voyage_Canonical_Domain_ADR","classified","Ledgerlight inventory","mixed or historical placement","Development_Docs/Programs/One_Voyage/Project_One_Voyage_Canonical_Domain_ADR.md","rewrite-current","classified","engineering-record","yes","pending final validation","generated migration inventory"
"Development_Docs/Programs/One_Voyage/Project_One_Voyage_Domain_Mapping.csv","Project_One_Voyage_Domain_Mapping","classified","Ledgerlight inventory","mixed or historical placement","Development_Docs/Programs/One_Voyage/Project_One_Voyage_Domain_Mapping.csv","rewrite-current","classified","engineering-record","yes","pending final validation","generated migration inventory"
"Development_Docs/Programs/One_Voyage/Project_One_Voyage_Phase_2_Backup_Restore_Rehearsal.md","Project_One_Voyage_Phase_2_Backup_Restore_Rehearsal","classified","Ledgerlight inventory","mixed or historical placement","Development_Docs/Programs/One_Voyage/Project_One_Voyage_Phase_2_Backup_Restore_Rehearsal.md","rewrite-current","classified","engineering-record","yes","pending final validation","generated migration inventory"
"Development_Docs/Programs/One_Voyage/Project_One_Voyage_Phase_2_Compatibility_Observation_Ledger.csv","Project_One_Voyage_Phase_2_Compatibility_Observation_Ledger","classified","Ledgerlight inventory","mixed or historical placement","Development_Docs/Programs/One_Voyage/Project_One_Voyage_Phase_2_Compatibility_Observation_Ledger.csv","rewrite-current","classified","engineering-record","yes","pending final validation","generated migration inventory"
"Development_Docs/Programs/One_Voyage/Project_One_Voyage_Phase_2_Completion_Report.md","Project_One_Voyage_Phase_2_Completion_Report","classified","Ledgerlight inventory","mixed or historical placement","Development_Docs/Programs/One_Voyage/Project_One_Voyage_Phase_2_Completion_Report.md","rewrite-current","classified","engineering-record","yes","pending final validation","generated migration inventory"
"Development_Docs/Programs/One_Voyage/Project_One_Voyage_Phase_2_Design_Record.md","Project_One_Voyage_Phase_2_Design_Record","classified","Ledgerlight inventory","mixed or historical placement","Development_Docs/Programs/One_Voyage/Project_One_Voyage_Phase_2_Design_Record.md","rewrite-current","classified","engineering-record","yes","pending final validation","generated migration inventory"
"Development_Docs/Programs/One_Voyage/Project_One_Voyage_Phase_2_Integration_Manifest.md","Project_One_Voyage_Phase_2_Integration_Manifest","classified","Ledgerlight inventory","mixed or historical placement","Development_Docs/Programs/One_Voyage/Project_One_Voyage_Phase_2_Integration_Manifest.md","rewrite-current","classified","engineering-record","yes","pending final validation","generated migration inventory"
"Development_Docs/Programs/One_Voyage/Project_One_Voyage_Phase_2_Legacy_Reachability_Ledger.csv","Project_One_Voyage_Phase_2_Legacy_Reachability_Ledger","classified","Ledgerlight inventory","mixed or historical placement","Development_Docs/Programs/One_Voyage/Project_One_Voyage_Phase_2_Legacy_Reachability_Ledger.csv","rewrite-current","classified","engineering-record","yes","pending final validation","generated migration inventory"
"Development_Docs/Programs/One_Voyage/Project_One_Voyage_Phase_2_Legacy_Removal_Plan.md","Project_One_Voyage_Phase_2_Legacy_Removal_Plan","classified","Ledgerlight inventory","mixed or historical placement","Development_Docs/Programs/One_Voyage/Project_One_Voyage_Phase_2_Legacy_Removal_Plan.md","rewrite-current","classified","engineering-record","yes","pending final validation","generated migration inventory"
"Development_Docs/Programs/One_Voyage/Project_One_Voyage_Phase_2_MySQL_Rehearsal_Runbook.md","Project_One_Voyage_Phase_2_MySQL_Rehearsal_Runbook","classified","Ledgerlight inventory","mixed or historical placement","Development_Docs/Programs/One_Voyage/Project_One_Voyage_Phase_2_MySQL_Rehearsal_Runbook.md","rewrite-current","classified","engineering-record","yes","pending final validation","generated migration inventory"
"Development_Docs/Programs/One_Voyage/Project_One_Voyage_Phase_2_Test_Plan.md","Project_One_Voyage_Phase_2_Test_Plan","classified","Ledgerlight inventory","mixed or historical placement","Development_Docs/Programs/One_Voyage/Project_One_Voyage_Phase_2_Test_Plan.md","rewrite-current","classified","engineering-record","yes","pending final validation","generated migration inventory"
"Development_Docs/Programs/One_Voyage/Project_One_Voyage_Phase_2_Validation_Record.md","Project_One_Voyage_Phase_2_Validation_Record","classified","Ledgerlight inventory","mixed or historical placement","Development_Docs/Programs/One_Voyage/Project_One_Voyage_Phase_2_Validation_Record.md","rewrite-current","classified","engineering-record","yes","pending final validation","generated migration inventory"
"Development_Docs/Programs/One_Voyage/Project_One_Voyage_Rollback_Runbook.md","Project_One_Voyage_Rollback_Runbook","classified","Ledgerlight inventory","mixed or historical placement","Development_Docs/Programs/One_Voyage/Project_One_Voyage_Rollback_Runbook.md","rewrite-current","classified","engineering-record","yes","pending final validation","generated migration inventory"
"Development_Docs/Programs/One_Voyage/Project_One_Voyage_Validation_Record.md","Project_One_Voyage_Validation_Record","classified","Ledgerlight inventory","mixed or historical placement","Development_Docs/Programs/One_Voyage/Project_One_Voyage_Validation_Record.md","rewrite-current","classified","engineering-record","yes","pending final validation","generated migration inventory"
"Development_Docs/Programs/Other/Project_Ledgerlight_Completion_Receipt.md","Project_Ledgerlight_Completion_Receipt","classified","Ledgerlight inventory","mixed or historical placement","Development_Docs/Programs/Other/Project_Ledgerlight_Completion_Receipt.md","rewrite-current","classified","engineering-record","yes","pending final validation","generated migration inventory"
"Development_Docs/Programs/Other/Project_Ledgerlight_Design_Record.md","Project_Ledgerlight_Design_Record","classified","Ledgerlight inventory","mixed or historical placement","Development_Docs/Programs/Other/Project_Ledgerlight_Design_Record.md","rewrite-current","classified","engineering-record","yes","pending final validation","generated migration inventory"
"Development_Docs/Programs/Other/Project_Ledgerlight_Documentation_Audit.md","Project_Ledgerlight_Documentation_Audit","classified","Ledgerlight inventory","mixed or historical placement","Development_Docs/Programs/Other/Project_Ledgerlight_Documentation_Audit.md","rewrite-current","classified","engineering-record","yes","pending final validation","generated migration inventory"
"Development_Docs/Programs/Other/Project_Ledgerlight_Mainline_Truth_Reconciliation.md","Project_Ledgerlight_Mainline_Truth_Reconciliation","classified","Ledgerlight inventory","mixed or historical placement","Development_Docs/Programs/Other/Project_Ledgerlight_Mainline_Truth_Reconciliation.md","rewrite-current","classified","engineering-record","yes","pending final validation","generated migration inventory"
"Development_Docs/Programs/Other/Project_Ledgerlight_Validation_Record.md","Project_Ledgerlight_Validation_Record","classified","Ledgerlight inventory","mixed or historical placement","Development_Docs/Programs/Other/Project_Ledgerlight_Validation_Record.md","rewrite-current","classified","engineering-record","yes","pending final validation","generated migration inventory"
"Development_Docs/Programs/Sealed_Hold/Private_Chronicle_Package_Format.md","Private_Chronicle_Package_Format","classified","Ledgerlight inventory","mixed or historical placement","Development_Docs/Programs/Sealed_Hold/Private_Chronicle_Package_Format.md","rewrite-current","classified","engineering-record","yes","pending final validation","generated migration inventory"
"Development_Docs/Programs/Sealed_Hold/Private_Content_Backup_and_Recovery_Phase_2.md","Private_Content_Backup_and_Recovery_Phase_2","classified","Ledgerlight inventory","mixed or historical placement","Development_Docs/Programs/Sealed_Hold/Private_Content_Backup_and_Recovery_Phase_2.md","rewrite-current","classified","engineering-record","yes","pending final validation","generated migration inventory"
"Development_Docs/Programs/Sealed_Hold/Private_Content_Canonical_Import_Architecture.md","Private_Content_Canonical_Import_Architecture","classified","Ledgerlight inventory","mixed or historical placement","Development_Docs/Programs/Sealed_Hold/Private_Content_Canonical_Import_Architecture.md","rewrite-current","classified","engineering-record","yes","pending final validation","generated migration inventory"
"Development_Docs/Programs/Sealed_Hold/Private_Content_Key_Management.md","Private_Content_Key_Management","classified","Ledgerlight inventory","mixed or historical placement","Development_Docs/Programs/Sealed_Hold/Private_Content_Key_Management.md","rewrite-current","classified","engineering-record","yes","pending final validation","generated migration inventory"
"Development_Docs/Programs/Sealed_Hold/Private_Content_Operations_Runbook.md","Private_Content_Operations_Runbook","classified","Ledgerlight inventory","mixed or historical placement","Development_Docs/Programs/Sealed_Hold/Private_Content_Operations_Runbook.md","rewrite-current","classified","engineering-record","yes","pending final validation","generated migration inventory"
"Development_Docs/Programs/Sealed_Hold/Private_Content_Production_Storage_Architecture.md","Private_Content_Production_Storage_Architecture","classified","Ledgerlight inventory","mixed or historical placement","Development_Docs/Programs/Sealed_Hold/Private_Content_Production_Storage_Architecture.md","rewrite-current","classified","engineering-record","yes","pending final validation","generated migration inventory"
"Development_Docs/Programs/Sealed_Hold/Private_Content_Scanner_and_Quarantine.md","Private_Content_Scanner_and_Quarantine","classified","Ledgerlight inventory","mixed or historical placement","Development_Docs/Programs/Sealed_Hold/Private_Content_Scanner_and_Quarantine.md","rewrite-current","classified","engineering-record","yes","pending final validation","generated migration inventory"
"Development_Docs/Programs/Sealed_Hold/Private_Content_Streaming_Package_Format.md","Private_Content_Streaming_Package_Format","classified","Ledgerlight inventory","mixed or historical placement","Development_Docs/Programs/Sealed_Hold/Private_Content_Streaming_Package_Format.md","rewrite-current","classified","engineering-record","yes","pending final validation","generated migration inventory"
"Development_Docs/Programs/Sealed_Hold/Private_Content_Threat_Model.md","Private_Content_Threat_Model","classified","Ledgerlight inventory","mixed or historical placement","Development_Docs/Programs/Sealed_Hold/Private_Content_Threat_Model.md","rewrite-current","classified","engineering-record","yes","pending final validation","generated migration inventory"
"Development_Docs/Programs/Sealed_Hold/Private_Content_Worker_and_Outbox_Architecture.md","Private_Content_Worker_and_Outbox_Architecture","classified","Ledgerlight inventory","mixed or historical placement","Development_Docs/Programs/Sealed_Hold/Private_Content_Worker_and_Outbox_Architecture.md","rewrite-current","classified","engineering-record","yes","pending final validation","generated migration inventory"
"Development_Docs/Programs/Sealed_Hold/Project_Sealed_Hold_Migration_Reconciliation_Note.md","Project_Sealed_Hold_Migration_Reconciliation_Note","classified","Ledgerlight inventory","mixed or historical placement","Development_Docs/Programs/Sealed_Hold/Project_Sealed_Hold_Migration_Reconciliation_Note.md","rewrite-current","classified","engineering-record","yes","pending final validation","generated migration inventory"
"Development_Docs/Programs/Sealed_Hold/Project_Sealed_Hold_Parallel_Work_Record.md","Project_Sealed_Hold_Parallel_Work_Record","classified","Ledgerlight inventory","mixed or historical placement","Development_Docs/Programs/Sealed_Hold/Project_Sealed_Hold_Parallel_Work_Record.md","rewrite-current","classified","engineering-record","yes","pending final validation","generated migration inventory"
"Development_Docs/Programs/Sealed_Hold/Project_Sealed_Hold_Phase_1_Completion_Checklist.md","Project_Sealed_Hold_Phase_1_Completion_Checklist","classified","Ledgerlight inventory","mixed or historical placement","Development_Docs/Programs/Sealed_Hold/Project_Sealed_Hold_Phase_1_Completion_Checklist.md","rewrite-current","classified","engineering-record","yes","pending final validation","generated migration inventory"
"Development_Docs/Programs/Sealed_Hold/Project_Sealed_Hold_Phase_1_Completion_Report.md","Project_Sealed_Hold_Phase_1_Completion_Report","classified","Ledgerlight inventory","mixed or historical placement","Development_Docs/Programs/Sealed_Hold/Project_Sealed_Hold_Phase_1_Completion_Report.md","rewrite-current","classified","engineering-record","yes","pending final validation","generated migration inventory"
"Development_Docs/Programs/Sealed_Hold/Project_Sealed_Hold_Phase_1_Design_Record.md","Project_Sealed_Hold_Phase_1_Design_Record","classified","Ledgerlight inventory","mixed or historical placement","Development_Docs/Programs/Sealed_Hold/Project_Sealed_Hold_Phase_1_Design_Record.md","rewrite-current","classified","engineering-record","yes","pending final validation","generated migration inventory"
"Development_Docs/Programs/Sealed_Hold/Project_Sealed_Hold_Phase_1_Implementation_Manifest.txt","Project_Sealed_Hold_Phase_1_Implementation_Manifest","classified","Ledgerlight inventory","mixed or historical placement","Development_Docs/Programs/Sealed_Hold/Project_Sealed_Hold_Phase_1_Implementation_Manifest.txt","rewrite-current","classified","engineering-record","yes","pending final validation","generated migration inventory"
"Development_Docs/Programs/Sealed_Hold/Project_Sealed_Hold_Phase_2_Completion_Receipt.md","Project_Sealed_Hold_Phase_2_Completion_Receipt","classified","Ledgerlight inventory","mixed or historical placement","Development_Docs/Programs/Sealed_Hold/Project_Sealed_Hold_Phase_2_Completion_Receipt.md","rewrite-current","classified","engineering-record","yes","pending final validation","generated migration inventory"
"Development_Docs/Programs/Sealed_Hold/Project_Sealed_Hold_Phase_2_Design_Record.md","Project_Sealed_Hold_Phase_2_Design_Record","classified","Ledgerlight inventory","mixed or historical placement","Development_Docs/Programs/Sealed_Hold/Project_Sealed_Hold_Phase_2_Design_Record.md","rewrite-current","classified","engineering-record","yes","pending final validation","generated migration inventory"
"Development_Docs/Programs/Sealed_Hold/Project_Sealed_Hold_Phase_2_Remaining_Gap_Ledger.md","Project_Sealed_Hold_Phase_2_Remaining_Gap_Ledger","classified","Ledgerlight inventory","mixed or historical placement","Development_Docs/Programs/Sealed_Hold/Project_Sealed_Hold_Phase_2_Remaining_Gap_Ledger.md","rewrite-current","classified","engineering-record","yes","pending final validation","generated migration inventory"
"Development_Docs/Programs/Sealed_Hold/Project_Sealed_Hold_Phase_2_Test_Plan.md","Project_Sealed_Hold_Phase_2_Test_Plan","classified","Ledgerlight inventory","mixed or historical placement","Development_Docs/Programs/Sealed_Hold/Project_Sealed_Hold_Phase_2_Test_Plan.md","rewrite-current","classified","engineering-record","yes","pending final validation","generated migration inventory"
"Development_Docs/Programs/Sealed_Hold/Project_Sealed_Hold_Phase_2_Threat_Model_Update.md","Project_Sealed_Hold_Phase_2_Threat_Model_Update","classified","Ledgerlight inventory","mixed or historical placement","Development_Docs/Programs/Sealed_Hold/Project_Sealed_Hold_Phase_2_Threat_Model_Update.md","rewrite-current","classified","engineering-record","yes","pending final validation","generated migration inventory"
"Development_Docs/Programs/Sealed_Hold/Project_Sealed_Hold_Phase_2_Validation_Record.md","Project_Sealed_Hold_Phase_2_Validation_Record","classified","Ledgerlight inventory","mixed or historical placement","Development_Docs/Programs/Sealed_Hold/Project_Sealed_Hold_Phase_2_Validation_Record.md","rewrite-current","classified","engineering-record","yes","pending final validation","generated migration inventory"
"Development_Docs/Programs/Sounding_Line/Project_Sounding_Line_Phase_1_Current_Verification_Inventory.md","Project_Sounding_Line_Phase_1_Current_Verification_Inventory","classified","Ledgerlight inventory","mixed or historical placement","Development_Docs/Programs/Sounding_Line/Project_Sounding_Line_Phase_1_Current_Verification_Inventory.md","rewrite-current","classified","engineering-record","yes","pending final validation","generated migration inventory"
"Development_Docs/Programs/Sounding_Line/Project_Sounding_Line_Phase_1_Design_Record.md","Project_Sounding_Line_Phase_1_Design_Record","classified","Ledgerlight inventory","mixed or historical placement","Development_Docs/Programs/Sounding_Line/Project_Sounding_Line_Phase_1_Design_Record.md","rewrite-current","classified","engineering-record","yes","pending final validation","generated migration inventory"
"Development_Docs/Programs/Sounding_Line/Project_Sounding_Line_Phase_1_Inventory_Completeness_Audit.md","Project_Sounding_Line_Phase_1_Inventory_Completeness_Audit","classified","Ledgerlight inventory","mixed or historical placement","Development_Docs/Programs/Sounding_Line/Project_Sounding_Line_Phase_1_Inventory_Completeness_Audit.md","rewrite-current","classified","engineering-record","yes","pending final validation","generated migration inventory"
"Development_Docs/Programs/Sounding_Line/Project_Sounding_Line_Phase_1_Legacy_Harness_Map.md","Project_Sounding_Line_Phase_1_Legacy_Harness_Map","classified","Ledgerlight inventory","mixed or historical placement","Development_Docs/Programs/Sounding_Line/Project_Sounding_Line_Phase_1_Legacy_Harness_Map.md","rewrite-current","classified","engineering-record","yes","pending final validation","generated migration inventory"
"Development_Docs/Programs/Sounding_Line/Project_Sounding_Line_Phase_1_Ownership_and_Contract_Register.md","Project_Sounding_Line_Phase_1_Ownership_and_Contract_Register","classified","Ledgerlight inventory","mixed or historical placement","Development_Docs/Programs/Sounding_Line/Project_Sounding_Line_Phase_1_Ownership_and_Contract_Register.md","rewrite-current","classified","engineering-record","yes","pending final validation","generated migration inventory"
"Development_Docs/Programs/Sounding_Line/Project_Sounding_Line_Phase_1_Post_Harborlight_Reconciliation_Manifest.md","Project_Sounding_Line_Phase_1_Post_Harborlight_Reconciliation_Manifest","classified","Ledgerlight inventory","mixed or historical placement","Development_Docs/Programs/Sounding_Line/Project_Sounding_Line_Phase_1_Post_Harborlight_Reconciliation_Manifest.md","rewrite-current","classified","engineering-record","yes","pending final validation","generated migration inventory"
"Development_Docs/Programs/Sounding_Line/Project_Sounding_Line_Phase_1_Post_Harborlight_Reconciliation_Receipt.md","Project_Sounding_Line_Phase_1_Post_Harborlight_Reconciliation_Receipt","classified","Ledgerlight inventory","mixed or historical placement","Development_Docs/Programs/Sounding_Line/Project_Sounding_Line_Phase_1_Post_Harborlight_Reconciliation_Receipt.md","rewrite-current","classified","engineering-record","yes","pending final validation","generated migration inventory"
"Development_Docs/Programs/Sounding_Line/Project_Sounding_Line_Phase_1_Requirement_Ledger.csv","Project_Sounding_Line_Phase_1_Requirement_Ledger","classified","Ledgerlight inventory","mixed or historical placement","Development_Docs/Programs/Sounding_Line/Project_Sounding_Line_Phase_1_Requirement_Ledger.csv","rewrite-current","classified","engineering-record","yes","pending final validation","generated migration inventory"
"Development_Docs/Programs/Sounding_Line/Project_Sounding_Line_Phase_1_Resource_and_Legacy_Harness_Map.md","Project_Sounding_Line_Phase_1_Resource_and_Legacy_Harness_Map","classified","Ledgerlight inventory","mixed or historical placement","Development_Docs/Programs/Sounding_Line/Project_Sounding_Line_Phase_1_Resource_and_Legacy_Harness_Map.md","rewrite-current","classified","engineering-record","yes","pending final validation","generated migration inventory"
"Development_Docs/Programs/Sounding_Line/Project_Sounding_Line_Phase_1_Validation_and_Integration_Record.md","Project_Sounding_Line_Phase_1_Validation_and_Integration_Record","classified","Ledgerlight inventory","mixed or historical placement","Development_Docs/Programs/Sounding_Line/Project_Sounding_Line_Phase_1_Validation_and_Integration_Record.md","rewrite-current","classified","engineering-record","yes","pending final validation","generated migration inventory"
"Development_Docs/Programs/Sounding_Line/Project_Sounding_Line_Phase_2_Browser_Isolation_and_Shards.md","Project_Sounding_Line_Phase_2_Browser_Isolation_and_Shards","classified","Ledgerlight inventory","mixed or historical placement","Development_Docs/Programs/Sounding_Line/Project_Sounding_Line_Phase_2_Browser_Isolation_and_Shards.md","rewrite-current","classified","engineering-record","yes","pending final validation","generated migration inventory"
"Development_Docs/Programs/Sounding_Line/Project_Sounding_Line_Phase_2_Compatibility_Adapter_Map.md","Project_Sounding_Line_Phase_2_Compatibility_Adapter_Map","classified","Ledgerlight inventory","mixed or historical placement","Development_Docs/Programs/Sounding_Line/Project_Sounding_Line_Phase_2_Compatibility_Adapter_Map.md","rewrite-current","classified","engineering-record","yes","pending final validation","generated migration inventory"
"Development_Docs/Programs/Sounding_Line/Project_Sounding_Line_Phase_2_Completion_Receipt.md","Project_Sounding_Line_Phase_2_Completion_Receipt","classified","Ledgerlight inventory","mixed or historical placement","Development_Docs/Programs/Sounding_Line/Project_Sounding_Line_Phase_2_Completion_Receipt.md","rewrite-current","classified","engineering-record","yes","pending final validation","generated migration inventory"
"Development_Docs/Programs/Sounding_Line/Project_Sounding_Line_Phase_2_Database_Isolation.md","Project_Sounding_Line_Phase_2_Database_Isolation","classified","Ledgerlight inventory","mixed or historical placement","Development_Docs/Programs/Sounding_Line/Project_Sounding_Line_Phase_2_Database_Isolation.md","rewrite-current","classified","engineering-record","yes","pending final validation","generated migration inventory"
"Development_Docs/Programs/Sounding_Line/Project_Sounding_Line_Phase_2_Design_Record.md","Project_Sounding_Line_Phase_2_Design_Record","classified","Ledgerlight inventory","mixed or historical placement","Development_Docs/Programs/Sounding_Line/Project_Sounding_Line_Phase_2_Design_Record.md","rewrite-current","classified","engineering-record","yes","pending final validation","generated migration inventory"
"Development_Docs/Programs/Sounding_Line/Project_Sounding_Line_Phase_2_Execution_Graph_and_Scheduler.md","Project_Sounding_Line_Phase_2_Execution_Graph_and_Scheduler","classified","Ledgerlight inventory","mixed or historical placement","Development_Docs/Programs/Sounding_Line/Project_Sounding_Line_Phase_2_Execution_Graph_and_Scheduler.md","rewrite-current","classified","engineering-record","yes","pending final validation","generated migration inventory"
"Development_Docs/Programs/Sounding_Line/Project_Sounding_Line_Phase_2_Harborlight_Reconciliation_Record.md","Project_Sounding_Line_Phase_2_Harborlight_Reconciliation_Record","classified","Ledgerlight inventory","mixed or historical placement","Development_Docs/Programs/Sounding_Line/Project_Sounding_Line_Phase_2_Harborlight_Reconciliation_Record.md","rewrite-current","classified","engineering-record","yes","pending final validation","generated migration inventory"
"Development_Docs/Programs/Sounding_Line/Project_Sounding_Line_Phase_2_Implementation_Report.md","Project_Sounding_Line_Phase_2_Implementation_Report","classified","Ledgerlight inventory","mixed or historical placement","Development_Docs/Programs/Sounding_Line/Project_Sounding_Line_Phase_2_Implementation_Report.md","rewrite-current","classified","engineering-record","yes","pending final validation","generated migration inventory"
"Development_Docs/Programs/Sounding_Line/Project_Sounding_Line_Phase_2_Integration_Manifest.md","Project_Sounding_Line_Phase_2_Integration_Manifest","classified","Ledgerlight inventory","mixed or historical placement","Development_Docs/Programs/Sounding_Line/Project_Sounding_Line_Phase_2_Integration_Manifest.md","rewrite-current","classified","engineering-record","yes","pending final validation","generated migration inventory"
"Development_Docs/Programs/Sounding_Line/Project_Sounding_Line_Phase_2_Parallel_Safety_Register.md","Project_Sounding_Line_Phase_2_Parallel_Safety_Register","classified","Ledgerlight inventory","mixed or historical placement","Development_Docs/Programs/Sounding_Line/Project_Sounding_Line_Phase_2_Parallel_Safety_Register.md","rewrite-current","classified","engineering-record","yes","pending final validation","generated migration inventory"
"Development_Docs/Programs/Sounding_Line/Project_Sounding_Line_Phase_2_Requirement_Ledger.csv","Project_Sounding_Line_Phase_2_Requirement_Ledger","classified","Ledgerlight inventory","mixed or historical placement","Development_Docs/Programs/Sounding_Line/Project_Sounding_Line_Phase_2_Requirement_Ledger.csv","rewrite-current","classified","engineering-record","yes","pending final validation","generated migration inventory"
"Development_Docs/Programs/Sounding_Line/Project_Sounding_Line_Phase_2_Resource_Broker_and_Lease_Model.md","Project_Sounding_Line_Phase_2_Resource_Broker_and_Lease_Model","classified","Ledgerlight inventory","mixed or historical placement","Development_Docs/Programs/Sounding_Line/Project_Sounding_Line_Phase_2_Resource_Broker_and_Lease_Model.md","rewrite-current","classified","engineering-record","yes","pending final validation","generated migration inventory"
"Development_Docs/Programs/Sounding_Line/Project_Sounding_Line_Phase_2_Rollback_Instructions.md","Project_Sounding_Line_Phase_2_Rollback_Instructions","classified","Ledgerlight inventory","mixed or historical placement","Development_Docs/Programs/Sounding_Line/Project_Sounding_Line_Phase_2_Rollback_Instructions.md","rewrite-current","classified","engineering-record","yes","pending final validation","generated migration inventory"
"Development_Docs/Programs/Sounding_Line/Project_Sounding_Line_Phase_2_Runtime_Root_and_Process_Ownership.md","Project_Sounding_Line_Phase_2_Runtime_Root_and_Process_Ownership","classified","Ledgerlight inventory","mixed or historical placement","Development_Docs/Programs/Sounding_Line/Project_Sounding_Line_Phase_2_Runtime_Root_and_Process_Ownership.md","rewrite-current","classified","engineering-record","yes","pending final validation","generated migration inventory"
"Development_Docs/Programs/Sounding_Line/Project_Sounding_Line_Phase_2_Test_Plan.md","Project_Sounding_Line_Phase_2_Test_Plan","classified","Ledgerlight inventory","mixed or historical placement","Development_Docs/Programs/Sounding_Line/Project_Sounding_Line_Phase_2_Test_Plan.md","rewrite-current","classified","engineering-record","yes","pending final validation","generated migration inventory"
"Development_Docs/Programs/Sounding_Line/Project_Sounding_Line_Phase_2_Validation_Record.md","Project_Sounding_Line_Phase_2_Validation_Record","classified","Ledgerlight inventory","mixed or historical placement","Development_Docs/Programs/Sounding_Line/Project_Sounding_Line_Phase_2_Validation_Record.md","rewrite-current","classified","engineering-record","yes","pending final validation","generated migration inventory"
"Development_Docs/Programs/Sounding_Line/Project_Sounding_Line_Phase_2_Validation_and_Integration_Record.md","Project_Sounding_Line_Phase_2_Validation_and_Integration_Record","classified","Ledgerlight inventory","mixed or historical placement","Development_Docs/Programs/Sounding_Line/Project_Sounding_Line_Phase_2_Validation_and_Integration_Record.md","rewrite-current","classified","engineering-record","yes","pending final validation","generated migration inventory"
"Development_Docs/Programs/Sounding_Line/Project_Sounding_Line_Phase_3_Codex_Enforcement.md","Project_Sounding_Line_Phase_3_Codex_Enforcement","classified","Ledgerlight inventory","mixed or historical placement","Development_Docs/Programs/Sounding_Line/Project_Sounding_Line_Phase_3_Codex_Enforcement.md","rewrite-current","classified","engineering-record","yes","pending final validation","generated migration inventory"
"Development_Docs/Programs/Sounding_Line/Project_Sounding_Line_Phase_3_Codex_Enforcement_Design.md","Project_Sounding_Line_Phase_3_Codex_Enforcement_Design","classified","Ledgerlight inventory","mixed or historical placement","Development_Docs/Programs/Sounding_Line/Project_Sounding_Line_Phase_3_Codex_Enforcement_Design.md","rewrite-current","classified","engineering-record","yes","pending final validation","generated migration inventory"
"Development_Docs/Programs/Sounding_Line/Project_Sounding_Line_Phase_3_Completion_Receipt.md","Project_Sounding_Line_Phase_3_Completion_Receipt","classified","Ledgerlight inventory","mixed or historical placement","Development_Docs/Programs/Sounding_Line/Project_Sounding_Line_Phase_3_Completion_Receipt.md","rewrite-current","classified","engineering-record","yes","pending final validation","generated migration inventory"
"Development_Docs/Programs/Sounding_Line/Project_Sounding_Line_Phase_3_Design_Record.md","Project_Sounding_Line_Phase_3_Design_Record","classified","Ledgerlight inventory","mixed or historical placement","Development_Docs/Programs/Sounding_Line/Project_Sounding_Line_Phase_3_Design_Record.md","rewrite-current","classified","engineering-record","yes","pending final validation","generated migration inventory"
"Development_Docs/Programs/Sounding_Line/Project_Sounding_Line_Phase_3_Durable_Execution_Recovery_and_Resume.md","Project_Sounding_Line_Phase_3_Durable_Execution_Recovery_and_Resume","classified","Ledgerlight inventory","mixed or historical placement","Development_Docs/Programs/Sounding_Line/Project_Sounding_Line_Phase_3_Durable_Execution_Recovery_and_Resume.md","rewrite-current","classified","engineering-record","yes","pending final validation","generated migration inventory"
"Development_Docs/Programs/Sounding_Line/Project_Sounding_Line_Phase_3_Durable_Execution_and_Recovery_Contracts.md","Project_Sounding_Line_Phase_3_Durable_Execution_and_Recovery_Contracts","classified","Ledgerlight inventory","mixed or historical placement","Development_Docs/Programs/Sounding_Line/Project_Sounding_Line_Phase_3_Durable_Execution_and_Recovery_Contracts.md","rewrite-current","classified","engineering-record","yes","pending final validation","generated migration inventory"
"Development_Docs/Programs/Sounding_Line/Project_Sounding_Line_Phase_3_Duration_Shards_and_Throttling.md","Project_Sounding_Line_Phase_3_Duration_Shards_and_Throttling","classified","Ledgerlight inventory","mixed or historical placement","Development_Docs/Programs/Sounding_Line/Project_Sounding_Line_Phase_3_Duration_Shards_and_Throttling.md","rewrite-current","classified","engineering-record","yes","pending final validation","generated migration inventory"
"Development_Docs/Programs/Sounding_Line/Project_Sounding_Line_Phase_3_Duration_Sharing_and_Shards.md","Project_Sounding_Line_Phase_3_Duration_Sharing_and_Shards","classified","Ledgerlight inventory","mixed or historical placement","Development_Docs/Programs/Sounding_Line/Project_Sounding_Line_Phase_3_Duration_Sharing_and_Shards.md","rewrite-current","classified","engineering-record","yes","pending final validation","generated migration inventory"
"Development_Docs/Programs/Sounding_Line/Project_Sounding_Line_Phase_3_Evidence_Freshness_Reuse_and_Invalidation.md","Project_Sounding_Line_Phase_3_Evidence_Freshness_Reuse_and_Invalidation","classified","Ledgerlight inventory","mixed or historical placement","Development_Docs/Programs/Sounding_Line/Project_Sounding_Line_Phase_3_Evidence_Freshness_Reuse_and_Invalidation.md","rewrite-current","classified","engineering-record","yes","pending final validation","generated migration inventory"
"Development_Docs/Programs/Sounding_Line/Project_Sounding_Line_Phase_3_Evidence_Freshness_and_Invalidation.md","Project_Sounding_Line_Phase_3_Evidence_Freshness_and_Invalidation","classified","Ledgerlight inventory","mixed or historical placement","Development_Docs/Programs/Sounding_Line/Project_Sounding_Line_Phase_3_Evidence_Freshness_and_Invalidation.md","rewrite-current","classified","engineering-record","yes","pending final validation","generated migration inventory"
"Development_Docs/Programs/Sounding_Line/Project_Sounding_Line_Phase_3_Flake_Stale_and_Slow_Suite_Governance.md","Project_Sounding_Line_Phase_3_Flake_Stale_and_Slow_Suite_Governance","classified","Ledgerlight inventory","mixed or historical placement","Development_Docs/Programs/Sounding_Line/Project_Sounding_Line_Phase_3_Flake_Stale_and_Slow_Suite_Governance.md","rewrite-current","classified","engineering-record","yes","pending final validation","generated migration inventory"
"Development_Docs/Programs/Sounding_Line/Project_Sounding_Line_Phase_3_Historical_Result_Architecture.md","Project_Sounding_Line_Phase_3_Historical_Result_Architecture","classified","Ledgerlight inventory","mixed or historical placement","Development_Docs/Programs/Sounding_Line/Project_Sounding_Line_Phase_3_Historical_Result_Architecture.md","rewrite-current","classified","engineering-record","yes","pending final validation","generated migration inventory"
"Development_Docs/Programs/Sounding_Line/Project_Sounding_Line_Phase_3_Historical_Store_and_Schema.md","Project_Sounding_Line_Phase_3_Historical_Store_and_Schema","classified","Ledgerlight inventory","mixed or historical placement","Development_Docs/Programs/Sounding_Line/Project_Sounding_Line_Phase_3_Historical_Store_and_Schema.md","rewrite-current","classified","engineering-record","yes","pending final validation","generated migration inventory"
"Development_Docs/Programs/Sounding_Line/Project_Sounding_Line_Phase_3_Impact_Planning_Architecture.md","Project_Sounding_Line_Phase_3_Impact_Planning_Architecture","classified","Ledgerlight inventory","mixed or historical placement","Development_Docs/Programs/Sounding_Line/Project_Sounding_Line_Phase_3_Impact_Planning_Architecture.md","rewrite-current","classified","engineering-record","yes","pending final validation","generated migration inventory"
"Development_Docs/Programs/Sounding_Line/Project_Sounding_Line_Phase_3_Impact_Planning_and_Explanations.md","Project_Sounding_Line_Phase_3_Impact_Planning_and_Explanations","classified","Ledgerlight inventory","mixed or historical placement","Development_Docs/Programs/Sounding_Line/Project_Sounding_Line_Phase_3_Impact_Planning_and_Explanations.md","rewrite-current","classified","engineering-record","yes","pending final validation","generated migration inventory"
"Development_Docs/Programs/Sounding_Line/Project_Sounding_Line_Phase_3_Implementation_Report.md","Project_Sounding_Line_Phase_3_Implementation_Report","classified","Ledgerlight inventory","mixed or historical placement","Development_Docs/Programs/Sounding_Line/Project_Sounding_Line_Phase_3_Implementation_Report.md","rewrite-current","classified","engineering-record","yes","pending final validation","generated migration inventory"
"Development_Docs/Programs/Sounding_Line/Project_Sounding_Line_Phase_3_Integration_Manifest.md","Project_Sounding_Line_Phase_3_Integration_Manifest","classified","Ledgerlight inventory","mixed or historical placement","Development_Docs/Programs/Sounding_Line/Project_Sounding_Line_Phase_3_Integration_Manifest.md","rewrite-current","classified","engineering-record","yes","pending final validation","generated migration inventory"
"Development_Docs/Programs/Sounding_Line/Project_Sounding_Line_Phase_3_Mainline_Completion_Receipt.md","Project_Sounding_Line_Phase_3_Mainline_Completion_Receipt","classified","Ledgerlight inventory","mixed or historical placement","Development_Docs/Programs/Sounding_Line/Project_Sounding_Line_Phase_3_Mainline_Completion_Receipt.md","rewrite-current","classified","engineering-record","yes","pending final validation","generated migration inventory"
"Development_Docs/Programs/Sounding_Line/Project_Sounding_Line_Phase_3_Mainline_Integration_Record.md","Project_Sounding_Line_Phase_3_Mainline_Integration_Record","classified","Ledgerlight inventory","mixed or historical placement","Development_Docs/Programs/Sounding_Line/Project_Sounding_Line_Phase_3_Mainline_Integration_Record.md","rewrite-current","classified","engineering-record","yes","pending final validation","generated migration inventory"
"Development_Docs/Programs/Sounding_Line/Project_Sounding_Line_Phase_3_Mainline_Validation_Record.md","Project_Sounding_Line_Phase_3_Mainline_Validation_Record","classified","Ledgerlight inventory","mixed or historical placement","Development_Docs/Programs/Sounding_Line/Project_Sounding_Line_Phase_3_Mainline_Validation_Record.md","rewrite-current","classified","engineering-record","yes","pending final validation","generated migration inventory"
"Development_Docs/Programs/Sounding_Line/Project_Sounding_Line_Phase_3_Phase_2_Handoff_Checklist.md","Project_Sounding_Line_Phase_3_Phase_2_Handoff_Checklist","classified","Ledgerlight inventory","mixed or historical placement","Development_Docs/Programs/Sounding_Line/Project_Sounding_Line_Phase_3_Phase_2_Handoff_Checklist.md","rewrite-current","classified","engineering-record","yes","pending final validation","generated migration inventory"
"Development_Docs/Programs/Sounding_Line/Project_Sounding_Line_Phase_3_Post_Merge_Cleanup_Record.md","Project_Sounding_Line_Phase_3_Post_Merge_Cleanup_Record","classified","Ledgerlight inventory","mixed or historical placement","Development_Docs/Programs/Sounding_Line/Project_Sounding_Line_Phase_3_Post_Merge_Cleanup_Record.md","rewrite-current","classified","engineering-record","yes","pending final validation","generated migration inventory"
"Development_Docs/Programs/Sounding_Line/Project_Sounding_Line_Phase_3_Post_Phase_2_Reconciliation_Record.md","Project_Sounding_Line_Phase_3_Post_Phase_2_Reconciliation_Record","classified","Ledgerlight inventory","mixed or historical placement","Development_Docs/Programs/Sounding_Line/Project_Sounding_Line_Phase_3_Post_Phase_2_Reconciliation_Record.md","rewrite-current","classified","engineering-record","yes","pending final validation","generated migration inventory"
"Development_Docs/Programs/Sounding_Line/Project_Sounding_Line_Phase_3_Preparation_Completion_Receipt.md","Project_Sounding_Line_Phase_3_Preparation_Completion_Receipt","classified","Ledgerlight inventory","mixed or historical placement","Development_Docs/Programs/Sounding_Line/Project_Sounding_Line_Phase_3_Preparation_Completion_Receipt.md","rewrite-current","classified","engineering-record","yes","pending final validation","generated migration inventory"
"Development_Docs/Programs/Sounding_Line/Project_Sounding_Line_Phase_3_Preparation_Design_Record.md","Project_Sounding_Line_Phase_3_Preparation_Design_Record","classified","Ledgerlight inventory","mixed or historical placement","Development_Docs/Programs/Sounding_Line/Project_Sounding_Line_Phase_3_Preparation_Design_Record.md","rewrite-current","classified","engineering-record","yes","pending final validation","generated migration inventory"
"Development_Docs/Programs/Sounding_Line/Project_Sounding_Line_Phase_3_Preparation_Requirement_Ledger.csv","Project_Sounding_Line_Phase_3_Preparation_Requirement_Ledger","classified","Ledgerlight inventory","mixed or historical placement","Development_Docs/Programs/Sounding_Line/Project_Sounding_Line_Phase_3_Preparation_Requirement_Ledger.csv","rewrite-current","classified","engineering-record","yes","pending final validation","generated migration inventory"
"Development_Docs/Programs/Sounding_Line/Project_Sounding_Line_Phase_3_Receipt_Ingestion_and_Compatibility.md","Project_Sounding_Line_Phase_3_Receipt_Ingestion_and_Compatibility","classified","Ledgerlight inventory","mixed or historical placement","Development_Docs/Programs/Sounding_Line/Project_Sounding_Line_Phase_3_Receipt_Ingestion_and_Compatibility.md","rewrite-current","classified","engineering-record","yes","pending final validation","generated migration inventory"
"Development_Docs/Programs/Sounding_Line/Project_Sounding_Line_Phase_3_Requirement_Ledger.csv","Project_Sounding_Line_Phase_3_Requirement_Ledger","classified","Ledgerlight inventory","mixed or historical placement","Development_Docs/Programs/Sounding_Line/Project_Sounding_Line_Phase_3_Requirement_Ledger.csv","rewrite-current","classified","engineering-record","yes","pending final validation","generated migration inventory"
"Development_Docs/Programs/Sounding_Line/Project_Sounding_Line_Phase_3_Rerun_Architecture.md","Project_Sounding_Line_Phase_3_Rerun_Architecture","classified","Ledgerlight inventory","mixed or historical placement","Development_Docs/Programs/Sounding_Line/Project_Sounding_Line_Phase_3_Rerun_Architecture.md","rewrite-current","classified","engineering-record","yes","pending final validation","generated migration inventory"
"Development_Docs/Programs/Sounding_Line/Project_Sounding_Line_Phase_3_Rerun_and_Evidence_Reuse_Policy.md","Project_Sounding_Line_Phase_3_Rerun_and_Evidence_Reuse_Policy","classified","Ledgerlight inventory","mixed or historical placement","Development_Docs/Programs/Sounding_Line/Project_Sounding_Line_Phase_3_Rerun_and_Evidence_Reuse_Policy.md","rewrite-current","classified","engineering-record","yes","pending final validation","generated migration inventory"
"Development_Docs/Programs/Sounding_Line/Project_Sounding_Line_Phase_3_Rollback_Instructions.md","Project_Sounding_Line_Phase_3_Rollback_Instructions","classified","Ledgerlight inventory","mixed or historical placement","Development_Docs/Programs/Sounding_Line/Project_Sounding_Line_Phase_3_Rollback_Instructions.md","rewrite-current","classified","engineering-record","yes","pending final validation","generated migration inventory"
"Development_Docs/Programs/Sounding_Line/Project_Sounding_Line_Phase_3_Root_Cascade_and_Failure_Signatures.md","Project_Sounding_Line_Phase_3_Root_Cascade_and_Failure_Signatures","classified","Ledgerlight inventory","mixed or historical placement","Development_Docs/Programs/Sounding_Line/Project_Sounding_Line_Phase_3_Root_Cascade_and_Failure_Signatures.md","rewrite-current","classified","engineering-record","yes","pending final validation","generated migration inventory"
"Development_Docs/Programs/Sounding_Line/Project_Sounding_Line_Phase_3_Security_and_Privacy.md","Project_Sounding_Line_Phase_3_Security_and_Privacy","classified","Ledgerlight inventory","mixed or historical placement","Development_Docs/Programs/Sounding_Line/Project_Sounding_Line_Phase_3_Security_and_Privacy.md","rewrite-current","classified","engineering-record","yes","pending final validation","generated migration inventory"
"Development_Docs/Programs/Sounding_Line/Project_Sounding_Line_Phase_3_Security_and_Privacy_Threat_Model.md","Project_Sounding_Line_Phase_3_Security_and_Privacy_Threat_Model","classified","Ledgerlight inventory","mixed or historical placement","Development_Docs/Programs/Sounding_Line/Project_Sounding_Line_Phase_3_Security_and_Privacy_Threat_Model.md","rewrite-current","classified","engineering-record","yes","pending final validation","generated migration inventory"
"Development_Docs/Programs/Sounding_Line/Project_Sounding_Line_Phase_3_Test_Plan.md","Project_Sounding_Line_Phase_3_Test_Plan","classified","Ledgerlight inventory","mixed or historical placement","Development_Docs/Programs/Sounding_Line/Project_Sounding_Line_Phase_3_Test_Plan.md","rewrite-current","classified","engineering-record","yes","pending final validation","generated migration inventory"
"Development_Docs/Programs/Sounding_Line/Project_Sounding_Line_Phase_3_Test_and_Acceptance_Plan.md","Project_Sounding_Line_Phase_3_Test_and_Acceptance_Plan","classified","Ledgerlight inventory","mixed or historical placement","Development_Docs/Programs/Sounding_Line/Project_Sounding_Line_Phase_3_Test_and_Acceptance_Plan.md","rewrite-current","classified","engineering-record","yes","pending final validation","generated migration inventory"
"Development_Docs/Programs/Sounding_Line/Project_Sounding_Line_Phase_3_Validation_Record.md","Project_Sounding_Line_Phase_3_Validation_Record","classified","Ledgerlight inventory","mixed or historical placement","Development_Docs/Programs/Sounding_Line/Project_Sounding_Line_Phase_3_Validation_Record.md","rewrite-current","classified","engineering-record","yes","pending final validation","generated migration inventory"
"Development_Docs/Programs/Wayfarer/Project_Wayfarer_Phase_1_Design_Record.md","Project_Wayfarer_Phase_1_Design_Record","classified","Ledgerlight inventory","mixed or historical placement","Development_Docs/Programs/Wayfarer/Project_Wayfarer_Phase_1_Design_Record.md","rewrite-current","classified","engineering-record","yes","pending final validation","generated migration inventory"
"Development_Docs/Programs/Wayfarer/Project_Wayfarer_Phase_1_Integration_Manifest.md","Project_Wayfarer_Phase_1_Integration_Manifest","classified","Ledgerlight inventory","mixed or historical placement","Development_Docs/Programs/Wayfarer/Project_Wayfarer_Phase_1_Integration_Manifest.md","rewrite-current","classified","engineering-record","yes","pending final validation","generated migration inventory"
"Development_Docs/Programs/Wayfarer/Project_Wayfarer_Phase_1_Migration_Runbook.md","Project_Wayfarer_Phase_1_Migration_Runbook","classified","Ledgerlight inventory","mixed or historical placement","Development_Docs/Programs/Wayfarer/Project_Wayfarer_Phase_1_Migration_Runbook.md","rewrite-current","classified","engineering-record","yes","pending final validation","generated migration inventory"
"Development_Docs/Programs/Wayfarer/Project_Wayfarer_Phase_1_Test_Plan.md","Project_Wayfarer_Phase_1_Test_Plan","classified","Ledgerlight inventory","mixed or historical placement","Development_Docs/Programs/Wayfarer/Project_Wayfarer_Phase_1_Test_Plan.md","rewrite-current","classified","engineering-record","yes","pending final validation","generated migration inventory"
"Development_Docs/Programs/Wayfarer/Project_Wayfarer_Phase_1_Validation_Record.md","Project_Wayfarer_Phase_1_Validation_Record","classified","Ledgerlight inventory","mixed or historical placement","Development_Docs/Programs/Wayfarer/Project_Wayfarer_Phase_1_Validation_Record.md","rewrite-current","classified","engineering-record","yes","pending final validation","generated migration inventory"
"Development_Docs/Programs/Wayfarer/Project_Wayfarer_Phase_2_Design_Record.md","Project_Wayfarer_Phase_2_Design_Record","classified","Ledgerlight inventory","mixed or historical placement","Development_Docs/Programs/Wayfarer/Project_Wayfarer_Phase_2_Design_Record.md","rewrite-current","classified","engineering-record","yes","pending final validation","generated migration inventory"
"Development_Docs/Programs/Wayfarer/Project_Wayfarer_Phase_2_Integration_Manifest.md","Project_Wayfarer_Phase_2_Integration_Manifest","classified","Ledgerlight inventory","mixed or historical placement","Development_Docs/Programs/Wayfarer/Project_Wayfarer_Phase_2_Integration_Manifest.md","rewrite-current","classified","engineering-record","yes","pending final validation","generated migration inventory"
"Development_Docs/Programs/Wayfarer/Project_Wayfarer_Phase_2_Migration_Runbook.md","Project_Wayfarer_Phase_2_Migration_Runbook","classified","Ledgerlight inventory","mixed or historical placement","Development_Docs/Programs/Wayfarer/Project_Wayfarer_Phase_2_Migration_Runbook.md","rewrite-current","classified","engineering-record","yes","pending final validation","generated migration inventory"
"Development_Docs/Programs/Wayfarer/Project_Wayfarer_Phase_2_Preference_Catalog.md","Project_Wayfarer_Phase_2_Preference_Catalog","classified","Ledgerlight inventory","mixed or historical placement","Development_Docs/Programs/Wayfarer/Project_Wayfarer_Phase_2_Preference_Catalog.md","rewrite-current","classified","engineering-record","yes","pending final validation","generated migration inventory"
"Development_Docs/Programs/Wayfarer/Project_Wayfarer_Phase_2_Privacy_Matrix.md","Project_Wayfarer_Phase_2_Privacy_Matrix","classified","Ledgerlight inventory","mixed or historical placement","Development_Docs/Programs/Wayfarer/Project_Wayfarer_Phase_2_Privacy_Matrix.md","rewrite-current","classified","engineering-record","yes","pending final validation","generated migration inventory"
"Development_Docs/Programs/Wayfarer/Project_Wayfarer_Phase_2_Profile_Data_Model.md","Project_Wayfarer_Phase_2_Profile_Data_Model","classified","Ledgerlight inventory","mixed or historical placement","Development_Docs/Programs/Wayfarer/Project_Wayfarer_Phase_2_Profile_Data_Model.md","rewrite-current","classified","engineering-record","yes","pending final validation","generated migration inventory"
"Development_Docs/Programs/Wayfarer/Project_Wayfarer_Phase_2_Provider_Architecture.md","Project_Wayfarer_Phase_2_Provider_Architecture","classified","Ledgerlight inventory","mixed or historical placement","Development_Docs/Programs/Wayfarer/Project_Wayfarer_Phase_2_Provider_Architecture.md","rewrite-current","classified","engineering-record","yes","pending final validation","generated migration inventory"
"Development_Docs/Programs/Wayfarer/Project_Wayfarer_Phase_2_Test_Plan.md","Project_Wayfarer_Phase_2_Test_Plan","classified","Ledgerlight inventory","mixed or historical placement","Development_Docs/Programs/Wayfarer/Project_Wayfarer_Phase_2_Test_Plan.md","rewrite-current","classified","engineering-record","yes","pending final validation","generated migration inventory"
"Development_Docs/Programs/Wayfarer/Project_Wayfarer_Phase_2_Validation_Record.md","Project_Wayfarer_Phase_2_Validation_Record","classified","Ledgerlight inventory","mixed or historical placement","Development_Docs/Programs/Wayfarer/Project_Wayfarer_Phase_2_Validation_Record.md","rewrite-current","classified","engineering-record","yes","pending final validation","generated migration inventory"
"Development_Docs/Project_Harborlight_Phase_3_Completion_Report.md","Project_Harborlight_Phase_3_Completion_Report","classified","Ledgerlight inventory","mixed or historical placement","Development_Docs/Project_Harborlight_Phase_3_Completion_Report.md","rewrite-current","classified","engineering-record","yes","pending final validation","generated migration inventory"
"Development_Docs/Project_Harborlight_Phase_3_Design_Record.md","Project_Harborlight_Phase_3_Design_Record","classified","Ledgerlight inventory","mixed or historical placement","Development_Docs/Project_Harborlight_Phase_3_Design_Record.md","rewrite-current","classified","engineering-record","yes","pending final validation","generated migration inventory"
"Development_Docs/Project_Harborlight_Phase_3_Gap_Ledger.md","Project_Harborlight_Phase_3_Gap_Ledger","classified","Ledgerlight inventory","mixed or historical placement","Development_Docs/Project_Harborlight_Phase_3_Gap_Ledger.md","rewrite-current","classified","engineering-record","yes","pending final validation","generated migration inventory"
"Development_Docs/Project_Harborlight_Phase_3_Implementation_Manifest.txt","Project_Harborlight_Phase_3_Implementation_Manifest","classified","Ledgerlight inventory","mixed or historical placement","Development_Docs/Project_Harborlight_Phase_3_Implementation_Manifest.txt","rewrite-current","classified","engineering-record","yes","pending final validation","generated migration inventory"
"Development_Docs/Project_Harborlight_Phase_3_Integration_Manifest.md","Project_Harborlight_Phase_3_Integration_Manifest","classified","Ledgerlight inventory","mixed or historical placement","Development_Docs/Project_Harborlight_Phase_3_Integration_Manifest.md","rewrite-current","classified","engineering-record","yes","pending final validation","generated migration inventory"
"Development_Docs/Project_Harborlight_Phase_3_Validation_Record.md","Project_Harborlight_Phase_3_Validation_Record","classified","Ledgerlight inventory","mixed or historical placement","Development_Docs/Project_Harborlight_Phase_3_Validation_Record.md","rewrite-current","classified","engineering-record","yes","pending final validation","generated migration inventory"
"Development_Docs/Project_Harborlight_Phase_4_Completion_Receipt.md","Project_Harborlight_Phase_4_Completion_Receipt","classified","Ledgerlight inventory","mixed or historical placement","Development_Docs/Project_Harborlight_Phase_4_Completion_Receipt.md","rewrite-current","classified","engineering-record","yes","pending final validation","generated migration inventory"
"Development_Docs/Project_Harborlight_Phase_4_Design_Record.md","Project_Harborlight_Phase_4_Design_Record","classified","Ledgerlight inventory","mixed or historical placement","Development_Docs/Project_Harborlight_Phase_4_Design_Record.md","rewrite-current","classified","engineering-record","yes","pending final validation","generated migration inventory"
"Development_Docs/Project_Harborlight_Phase_4_Implementation_Manifest.txt","Project_Harborlight_Phase_4_Implementation_Manifest","classified","Ledgerlight inventory","mixed or historical placement","Development_Docs/Project_Harborlight_Phase_4_Implementation_Manifest.txt","rewrite-current","classified","engineering-record","yes","pending final validation","generated migration inventory"
"Development_Docs/Project_Harborlight_Phase_4_Integration_Manifest.md","Project_Harborlight_Phase_4_Integration_Manifest","classified","Ledgerlight inventory","mixed or historical placement","Development_Docs/Project_Harborlight_Phase_4_Integration_Manifest.md","rewrite-current","classified","engineering-record","yes","pending final validation","generated migration inventory"
"Development_Docs/Project_Harborlight_Phase_4_Mainline_Integration_Receipt.md","Project_Harborlight_Phase_4_Mainline_Integration_Receipt","classified","Ledgerlight inventory","mixed or historical placement","Development_Docs/Project_Harborlight_Phase_4_Mainline_Integration_Receipt.md","rewrite-current","classified","engineering-record","yes","pending final validation","generated migration inventory"
"Development_Docs/Project_Harborlight_Phase_4_Production_Threat_Model.md","Project_Harborlight_Phase_4_Production_Threat_Model","classified","Ledgerlight inventory","mixed or historical placement","Development_Docs/Project_Harborlight_Phase_4_Production_Threat_Model.md","rewrite-current","classified","engineering-record","yes","pending final validation","generated migration inventory"
"Development_Docs/Project_Harborlight_Phase_4_Validation_Record.md","Project_Harborlight_Phase_4_Validation_Record","classified","Ledgerlight inventory","mixed or historical placement","Development_Docs/Project_Harborlight_Phase_4_Validation_Record.md","rewrite-current","classified","engineering-record","yes","pending final validation","generated migration inventory"
"Development_Docs/Project_Ledgerlight_Documentation_Migration_Matrix.csv","Project_Ledgerlight_Documentation_Migration_Matrix","classified","Ledgerlight inventory","mixed or historical placement","Development_Docs/Project_Ledgerlight_Documentation_Migration_Matrix.csv","rewrite-current","classified","engineering-record","yes","pending final validation","generated migration inventory"
"Development_Docs/Project_Ledgerlight_Mainline_Reconciliation_Receipt.md","Project_Ledgerlight_Mainline_Reconciliation_Receipt","classified","Ledgerlight inventory","mixed or historical placement","Development_Docs/Project_Ledgerlight_Mainline_Reconciliation_Receipt.md","rewrite-current","classified","engineering-record","yes","pending final validation","generated migration inventory"
"Development_Docs/Project_Phase_3_4_Browser_Compatibility_Map.md","Project_Phase_3_4_Browser_Compatibility_Map","classified","Ledgerlight inventory","mixed or historical placement","Development_Docs/Project_Phase_3_4_Browser_Compatibility_Map.md","rewrite-current","classified","engineering-record","yes","pending final validation","generated migration inventory"
"Development_Docs/Project_Phase_3_4_Cross_Project_Convergence_Integration_Record.md","Project_Phase_3_4_Cross_Project_Convergence_Integration_Record","classified","Ledgerlight inventory","mixed or historical placement","Development_Docs/Project_Phase_3_4_Cross_Project_Convergence_Integration_Record.md","rewrite-current","classified","engineering-record","yes","pending final validation","generated migration inventory"
"Development_Docs/Project_Phase_3_4_Validation_Worktree_Incident_Record.md","Project_Phase_3_4_Validation_Worktree_Incident_Record","classified","Ledgerlight inventory","mixed or historical placement","Development_Docs/Project_Phase_3_4_Validation_Worktree_Incident_Record.md","rewrite-current","classified","engineering-record","yes","pending final validation","generated migration inventory"
"Development_Docs/Project_Sealed_Hold_Phase_3_Completion_Receipt.md","Project_Sealed_Hold_Phase_3_Completion_Receipt","classified","Ledgerlight inventory","mixed or historical placement","Development_Docs/Project_Sealed_Hold_Phase_3_Completion_Receipt.md","rewrite-current","classified","engineering-record","yes","pending final validation","generated migration inventory"
"Development_Docs/Project_Sealed_Hold_Phase_3_Design_Record.md","Project_Sealed_Hold_Phase_3_Design_Record","classified","Ledgerlight inventory","mixed or historical placement","Development_Docs/Project_Sealed_Hold_Phase_3_Design_Record.md","rewrite-current","classified","engineering-record","yes","pending final validation","generated migration inventory"
"Development_Docs/Project_Sealed_Hold_Phase_3_Disaster_Recovery_Runbook.md","Project_Sealed_Hold_Phase_3_Disaster_Recovery_Runbook","classified","Ledgerlight inventory","mixed or historical placement","Development_Docs/Project_Sealed_Hold_Phase_3_Disaster_Recovery_Runbook.md","rewrite-current","classified","engineering-record","yes","pending final validation","generated migration inventory"
"Development_Docs/Project_Sealed_Hold_Phase_3_Implementation_Manifest.txt","Project_Sealed_Hold_Phase_3_Implementation_Manifest","classified","Ledgerlight inventory","mixed or historical placement","Development_Docs/Project_Sealed_Hold_Phase_3_Implementation_Manifest.txt","rewrite-current","classified","engineering-record","yes","pending final validation","generated migration inventory"
"Development_Docs/Project_Sealed_Hold_Phase_3_Incident_Response_Runbook.md","Project_Sealed_Hold_Phase_3_Incident_Response_Runbook","classified","Ledgerlight inventory","mixed or historical placement","Development_Docs/Project_Sealed_Hold_Phase_3_Incident_Response_Runbook.md","rewrite-current","classified","engineering-record","yes","pending final validation","generated migration inventory"
"Development_Docs/Project_Sealed_Hold_Phase_3_Integration_Manifest.md","Project_Sealed_Hold_Phase_3_Integration_Manifest","classified","Ledgerlight inventory","mixed or historical placement","Development_Docs/Project_Sealed_Hold_Phase_3_Integration_Manifest.md","rewrite-current","classified","engineering-record","yes","pending final validation","generated migration inventory"
"Development_Docs/Project_Sealed_Hold_Phase_3_Operations_Runbook.md","Project_Sealed_Hold_Phase_3_Operations_Runbook","classified","Ledgerlight inventory","mixed or historical placement","Development_Docs/Project_Sealed_Hold_Phase_3_Operations_Runbook.md","rewrite-current","classified","engineering-record","yes","pending final validation","generated migration inventory"
"Development_Docs/Project_Sealed_Hold_Phase_3_Production_Threat_Model_Update.md","Project_Sealed_Hold_Phase_3_Production_Threat_Model_Update","classified","Ledgerlight inventory","mixed or historical placement","Development_Docs/Project_Sealed_Hold_Phase_3_Production_Threat_Model_Update.md","rewrite-current","classified","engineering-record","yes","pending final validation","generated migration inventory"
"Development_Docs/Project_Sealed_Hold_Phase_3_Provider_Integration_Matrix.md","Project_Sealed_Hold_Phase_3_Provider_Integration_Matrix","classified","Ledgerlight inventory","mixed or historical placement","Development_Docs/Project_Sealed_Hold_Phase_3_Provider_Integration_Matrix.md","rewrite-current","classified","engineering-record","yes","pending final validation","generated migration inventory"
"Development_Docs/Project_Sealed_Hold_Phase_3_Test_Plan.md","Project_Sealed_Hold_Phase_3_Test_Plan","classified","Ledgerlight inventory","mixed or historical placement","Development_Docs/Project_Sealed_Hold_Phase_3_Test_Plan.md","rewrite-current","classified","engineering-record","yes","pending final validation","generated migration inventory"
"Development_Docs/Project_Sealed_Hold_Phase_3_Validation_Record.md","Project_Sealed_Hold_Phase_3_Validation_Record","classified","Ledgerlight inventory","mixed or historical placement","Development_Docs/Project_Sealed_Hold_Phase_3_Validation_Record.md","rewrite-current","classified","engineering-record","yes","pending final validation","generated migration inventory"
"Development_Docs/Project_Sealed_Hold_Phase_4_Completion_Receipt.md","Project_Sealed_Hold_Phase_4_Completion_Receipt","classified","Ledgerlight inventory","mixed or historical placement","Development_Docs/Project_Sealed_Hold_Phase_4_Completion_Receipt.md","rewrite-current","classified","engineering-record","yes","pending final validation","generated migration inventory"
"Development_Docs/Project_Sealed_Hold_Phase_4_Design_Record.md","Project_Sealed_Hold_Phase_4_Design_Record","classified","Ledgerlight inventory","mixed or historical placement","Development_Docs/Project_Sealed_Hold_Phase_4_Design_Record.md","rewrite-current","classified","engineering-record","yes","pending final validation","generated migration inventory"
"Development_Docs/Project_Sealed_Hold_Phase_4_Implementation_Manifest.md","Project_Sealed_Hold_Phase_4_Implementation_Manifest","classified","Ledgerlight inventory","mixed or historical placement","Development_Docs/Project_Sealed_Hold_Phase_4_Implementation_Manifest.md","rewrite-current","classified","engineering-record","yes","pending final validation","generated migration inventory"
"Development_Docs/Project_Sealed_Hold_Phase_4_Integration_Manifest.md","Project_Sealed_Hold_Phase_4_Integration_Manifest","classified","Ledgerlight inventory","mixed or historical placement","Development_Docs/Project_Sealed_Hold_Phase_4_Integration_Manifest.md","rewrite-current","classified","engineering-record","yes","pending final validation","generated migration inventory"
"Development_Docs/Project_Sealed_Hold_Phase_4_Test_Plan.md","Project_Sealed_Hold_Phase_4_Test_Plan","classified","Ledgerlight inventory","mixed or historical placement","Development_Docs/Project_Sealed_Hold_Phase_4_Test_Plan.md","rewrite-current","classified","engineering-record","yes","pending final validation","generated migration inventory"
"Development_Docs/Project_Sealed_Hold_Phase_4_Threat_Model_Update.md","Project_Sealed_Hold_Phase_4_Threat_Model_Update","classified","Ledgerlight inventory","mixed or historical placement","Development_Docs/Project_Sealed_Hold_Phase_4_Threat_Model_Update.md","rewrite-current","classified","engineering-record","yes","pending final validation","generated migration inventory"
"Development_Docs/Project_Sealed_Hold_Phase_4_Validation_Record.md","Project_Sealed_Hold_Phase_4_Validation_Record","classified","Ledgerlight inventory","mixed or historical placement","Development_Docs/Project_Sealed_Hold_Phase_4_Validation_Record.md","rewrite-current","classified","engineering-record","yes","pending final validation","generated migration inventory"
"Development_Docs/Project_Sounding_Line_Governing_Document.md","Project_Sounding_Line_Governing_Document","classified","Ledgerlight inventory","mixed or historical placement","Development_Docs/Project_Sounding_Line_Governing_Document.md","rewrite-current","classified","engineering-record","yes","pending final validation","generated migration inventory"
"Development_Docs/Project_True_North_Completion_Receipt.md","Project_True_North_Completion_Receipt","classified","Ledgerlight inventory","mixed or historical placement","Development_Docs/Project_True_North_Completion_Receipt.md","rewrite-current","classified","engineering-record","yes","pending final validation","generated migration inventory"
"Development_Docs/Project_True_North_Design_Record.md","Project_True_North_Design_Record","classified","Ledgerlight inventory","mixed or historical placement","Development_Docs/Project_True_North_Design_Record.md","rewrite-current","classified","engineering-record","yes","pending final validation","generated migration inventory"
"Development_Docs/Project_True_North_Integration_Manifest.md","Project_True_North_Integration_Manifest","classified","Ledgerlight inventory","mixed or historical placement","Development_Docs/Project_True_North_Integration_Manifest.md","rewrite-current","classified","engineering-record","yes","pending final validation","generated migration inventory"
"Development_Docs/Project_True_North_Mainline_Reconciliation_Receipt.md","Project_True_North_Mainline_Reconciliation_Receipt","classified","Ledgerlight inventory","mixed or historical placement","Development_Docs/Project_True_North_Mainline_Reconciliation_Receipt.md","rewrite-current","classified","engineering-record","yes","pending final validation","generated migration inventory"
"Development_Docs/Project_True_North_Navigation_Matrix.csv","Project_True_North_Navigation_Matrix","classified","Ledgerlight inventory","mixed or historical placement","Development_Docs/Project_True_North_Navigation_Matrix.csv","rewrite-current","classified","engineering-record","yes","pending final validation","generated migration inventory"
"Development_Docs/Project_True_North_Test_Plan.md","Project_True_North_Test_Plan","classified","Ledgerlight inventory","mixed or historical placement","Development_Docs/Project_True_North_Test_Plan.md","rewrite-current","classified","engineering-record","yes","pending final validation","generated migration inventory"
"Development_Docs/Project_Wayfarer_Phase_3_Completion_Receipt.md","Project_Wayfarer_Phase_3_Completion_Receipt","classified","Ledgerlight inventory","mixed or historical placement","Development_Docs/Project_Wayfarer_Phase_3_Completion_Receipt.md","rewrite-current","classified","engineering-record","yes","pending final validation","generated migration inventory"
"Development_Docs/Project_Wayfarer_Phase_3_Design_Record.md","Project_Wayfarer_Phase_3_Design_Record","classified","Ledgerlight inventory","mixed or historical placement","Development_Docs/Project_Wayfarer_Phase_3_Design_Record.md","rewrite-current","classified","engineering-record","yes","pending final validation","generated migration inventory"
"Development_Docs/Project_Wayfarer_Phase_3_History_Data_Model.md","Project_Wayfarer_Phase_3_History_Data_Model","classified","Ledgerlight inventory","mixed or historical placement","Development_Docs/Project_Wayfarer_Phase_3_History_Data_Model.md","rewrite-current","classified","engineering-record","yes","pending final validation","generated migration inventory"
"Development_Docs/Project_Wayfarer_Phase_3_Implementation_Record.md","Project_Wayfarer_Phase_3_Implementation_Record","classified","Ledgerlight inventory","mixed or historical placement","Development_Docs/Project_Wayfarer_Phase_3_Implementation_Record.md","rewrite-current","classified","engineering-record","yes","pending final validation","generated migration inventory"
"Development_Docs/Project_Wayfarer_Phase_3_Integration_Manifest.md","Project_Wayfarer_Phase_3_Integration_Manifest","classified","Ledgerlight inventory","mixed or historical placement","Development_Docs/Project_Wayfarer_Phase_3_Integration_Manifest.md","rewrite-current","classified","engineering-record","yes","pending final validation","generated migration inventory"
"Development_Docs/Project_Wayfarer_Phase_3_Migration_Runbook.md","Project_Wayfarer_Phase_3_Migration_Runbook","classified","Ledgerlight inventory","mixed or historical placement","Development_Docs/Project_Wayfarer_Phase_3_Migration_Runbook.md","rewrite-current","classified","engineering-record","yes","pending final validation","generated migration inventory"
"Development_Docs/Project_Wayfarer_Phase_3_Privacy_and_Consent_Matrix.md","Project_Wayfarer_Phase_3_Privacy_and_Consent_Matrix","classified","Ledgerlight inventory","mixed or historical placement","Development_Docs/Project_Wayfarer_Phase_3_Privacy_and_Consent_Matrix.md","rewrite-current","classified","engineering-record","yes","pending final validation","generated migration inventory"
"Development_Docs/Project_Wayfarer_Phase_3_Source_Mapping.md","Project_Wayfarer_Phase_3_Source_Mapping","classified","Ledgerlight inventory","mixed or historical placement","Development_Docs/Project_Wayfarer_Phase_3_Source_Mapping.md","rewrite-current","classified","engineering-record","yes","pending final validation","generated migration inventory"
"Development_Docs/Project_Wayfarer_Phase_3_Test_Plan.md","Project_Wayfarer_Phase_3_Test_Plan","classified","Ledgerlight inventory","mixed or historical placement","Development_Docs/Project_Wayfarer_Phase_3_Test_Plan.md","rewrite-current","classified","engineering-record","yes","pending final validation","generated migration inventory"
"Development_Docs/Project_Wayfarer_Phase_3_Timing_Metric_Catalog.md","Project_Wayfarer_Phase_3_Timing_Metric_Catalog","classified","Ledgerlight inventory","mixed or historical placement","Development_Docs/Project_Wayfarer_Phase_3_Timing_Metric_Catalog.md","rewrite-current","classified","engineering-record","yes","pending final validation","generated migration inventory"
"Development_Docs/Project_Wayfarer_Phase_3_Validation_Record.md","Project_Wayfarer_Phase_3_Validation_Record","classified","Ledgerlight inventory","mixed or historical placement","Development_Docs/Project_Wayfarer_Phase_3_Validation_Record.md","rewrite-current","classified","engineering-record","yes","pending final validation","generated migration inventory"
"Development_Docs/Project_Wayfarer_Phase_4_Design_Record.md","Project_Wayfarer_Phase_4_Design_Record","classified","Ledgerlight inventory","mixed or historical placement","Development_Docs/Project_Wayfarer_Phase_4_Design_Record.md","rewrite-current","classified","engineering-record","yes","pending final validation","generated migration inventory"
"Development_Docs/Project_Wayfarer_Phase_4_Implementation_Record.md","Project_Wayfarer_Phase_4_Implementation_Record","classified","Ledgerlight inventory","mixed or historical placement","Development_Docs/Project_Wayfarer_Phase_4_Implementation_Record.md","rewrite-current","classified","engineering-record","yes","pending final validation","generated migration inventory"
"Development_Docs/Protected_Media_Cross_Project_Integration_Contract.md","Protected_Media_Cross_Project_Integration_Contract","classified","Ledgerlight inventory","mixed or historical placement","Development_Docs/Protected_Media_Cross_Project_Integration_Contract.md","rewrite-current","classified","engineering-record","yes","pending final validation","generated migration inventory"
"Development_Docs/Protected_Media_Derivative_Policy.md","Protected_Media_Derivative_Policy","classified","Ledgerlight inventory","mixed or historical placement","Development_Docs/Protected_Media_Derivative_Policy.md","rewrite-current","classified","engineering-record","yes","pending final validation","generated migration inventory"
"Development_Docs/Protected_Media_Purpose_and_Consent_Model.md","Protected_Media_Purpose_and_Consent_Model","classified","Ledgerlight inventory","mixed or historical placement","Development_Docs/Protected_Media_Purpose_and_Consent_Model.md","rewrite-current","classified","engineering-record","yes","pending final validation","generated migration inventory"
"Development_Docs/Protected_Personal_Media_Architecture.md","Protected_Personal_Media_Architecture","classified","Ledgerlight inventory","mixed or historical placement","Development_Docs/Protected_Personal_Media_Architecture.md","rewrite-current","classified","engineering-record","yes","pending final validation","generated migration inventory"
"Development_Docs/README.md","README","classified","Ledgerlight inventory","mixed or historical placement","Development_Docs/README.md","rewrite-current","classified","engineering-record","yes","pending final validation","generated migration inventory"
"Development_Docs/Testing/Browser_and_Compatibility_Strategy.md","Browser_and_Compatibility_Strategy","classified","Ledgerlight inventory","mixed or historical placement","Development_Docs/Testing/Browser_and_Compatibility_Strategy.md","rewrite-current","classified","engineering-record","yes","pending final validation","generated migration inventory"
"Development_Docs/Testing/Codex_Testing_Obligations.md","Codex_Testing_Obligations","classified","Ledgerlight inventory","mixed or historical placement","Development_Docs/Testing/Codex_Testing_Obligations.md","rewrite-current","classified","engineering-record","yes","pending final validation","generated migration inventory"
"Development_Docs/Testing/Current_Testing_System_Audit.md","Current_Testing_System_Audit","classified","Ledgerlight inventory","mixed or historical placement","Development_Docs/Testing/Current_Testing_System_Audit.md","rewrite-current","classified","engineering-record","yes","pending final validation","generated migration inventory"
"Development_Docs/Testing/Database_and_Fixture_Strategy.md","Database_and_Fixture_Strategy","classified","Ledgerlight inventory","mixed or historical placement","Development_Docs/Testing/Database_and_Fixture_Strategy.md","rewrite-current","classified","engineering-record","yes","pending final validation","generated migration inventory"
"Development_Docs/Testing/Failure_Classification_and_Evidence.md","Failure_Classification_and_Evidence","classified","Ledgerlight inventory","mixed or historical placement","Development_Docs/Testing/Failure_Classification_and_Evidence.md","rewrite-current","classified","engineering-record","yes","pending final validation","generated migration inventory"
"Development_Docs/Testing/Flake_and_Quarantine_Policy.md","Flake_and_Quarantine_Policy","classified","Ledgerlight inventory","mixed or historical placement","Development_Docs/Testing/Flake_and_Quarantine_Policy.md","rewrite-current","classified","engineering-record","yes","pending final validation","generated migration inventory"
"Development_Docs/Testing/Parallel_Execution_and_Resource_Isolation.md","Parallel_Execution_and_Resource_Isolation","classified","Ledgerlight inventory","mixed or historical placement","Development_Docs/Testing/Parallel_Execution_and_Resource_Isolation.md","rewrite-current","classified","engineering-record","yes","pending final validation","generated migration inventory"
"Development_Docs/Testing/README.md","README","classified","Ledgerlight inventory","mixed or historical placement","Development_Docs/Testing/README.md","rewrite-current","classified","engineering-record","yes","pending final validation","generated migration inventory"
"Development_Docs/Testing/Release_Validation_Policy.md","Release_Validation_Policy","classified","Ledgerlight inventory","mixed or historical placement","Development_Docs/Testing/Release_Validation_Policy.md","rewrite-current","classified","engineering-record","yes","pending final validation","generated migration inventory"
"Development_Docs/Testing/Sounding_Line_Documentation_Validation_Report.md","Sounding_Line_Documentation_Validation_Report","classified","Ledgerlight inventory","mixed or historical placement","Development_Docs/Testing/Sounding_Line_Documentation_Validation_Report.md","rewrite-current","classified","engineering-record","yes","pending final validation","generated migration inventory"
"Development_Docs/Testing/Sounding_Line_Implementation_Roadmap.md","Sounding_Line_Implementation_Roadmap","classified","Ledgerlight inventory","mixed or historical placement","Development_Docs/Testing/Sounding_Line_Implementation_Roadmap.md","rewrite-current","classified","engineering-record","yes","pending final validation","generated migration inventory"
"Development_Docs/Testing/Sounding_Line_Integration_Manifest.md","Sounding_Line_Integration_Manifest","classified","Ledgerlight inventory","mixed or historical placement","Development_Docs/Testing/Sounding_Line_Integration_Manifest.md","rewrite-current","classified","engineering-record","yes","pending final validation","generated migration inventory"
"Development_Docs/Testing/Test_Impact_Analysis.md","Test_Impact_Analysis","classified","Ledgerlight inventory","mixed or historical placement","Development_Docs/Testing/Test_Impact_Analysis.md","rewrite-current","classified","engineering-record","yes","pending final validation","generated migration inventory"
"Development_Docs/Testing/Test_Taxonomy_and_Ownership.md","Test_Taxonomy_and_Ownership","classified","Ledgerlight inventory","mixed or historical placement","Development_Docs/Testing/Test_Taxonomy_and_Ownership.md","rewrite-current","classified","engineering-record","yes","pending final validation","generated migration inventory"
"Development_Docs/Testing/Testing_Architecture.md","Testing_Architecture","classified","Ledgerlight inventory","mixed or historical placement","Development_Docs/Testing/Testing_Architecture.md","rewrite-current","classified","engineering-record","yes","pending final validation","generated migration inventory"
"Development_Docs/Testing/Testing_Performance_Budgets.md","Testing_Performance_Budgets","classified","Ledgerlight inventory","mixed or historical placement","Development_Docs/Testing/Testing_Performance_Budgets.md","rewrite-current","classified","engineering-record","yes","pending final validation","generated migration inventory"
"Development_Docs/Testing/Testing_Security_and_Privacy.md","Testing_Security_and_Privacy","classified","Ledgerlight inventory","mixed or historical placement","Development_Docs/Testing/Testing_Security_and_Privacy.md","rewrite-current","classified","engineering-record","yes","pending final validation","generated migration inventory"
"Development_Docs/Validation/Isolated_Validation_Baselines.md","Isolated_Validation_Baselines","classified","Ledgerlight inventory","mixed or historical placement","Development_Docs/Validation/Isolated_Validation_Baselines.md","rewrite-current","classified","engineering-record","yes","pending final validation","generated migration inventory"
"Development_Docs/Validation/KG_Original_Animation_Audit_Reconciliation_Source.md","KG_Original_Animation_Audit_Reconciliation_Source","classified","Ledgerlight inventory","mixed or historical placement","Development_Docs/Validation/KG_Original_Animation_Audit_Reconciliation_Source.md","rewrite-current","classified","engineering-record","yes","pending final validation","generated migration inventory"
"Development_Docs/Validation/Ledgerlight_Mainline_Cleanup_Validation.md","Ledgerlight_Mainline_Cleanup_Validation","classified","Ledgerlight inventory","mixed or historical placement","Development_Docs/Validation/Ledgerlight_Mainline_Cleanup_Validation.md","rewrite-current","classified","engineering-record","yes","pending final validation","generated migration inventory"
"Development_Docs/Validation/Phase_1_Cross_Project_Conflict_Ledger.csv","Phase_1_Cross_Project_Conflict_Ledger","classified","Ledgerlight inventory","mixed or historical placement","Development_Docs/Validation/Phase_1_Cross_Project_Conflict_Ledger.csv","rewrite-current","classified","engineering-record","yes","pending final validation","generated migration inventory"
"Development_Docs/Validation/Phase_1_Cross_Project_Integration_Manifest.txt","Phase_1_Cross_Project_Integration_Manifest","classified","Ledgerlight inventory","mixed or historical placement","Development_Docs/Validation/Phase_1_Cross_Project_Integration_Manifest.txt","rewrite-current","classified","engineering-record","yes","pending final validation","generated migration inventory"
"Development_Docs/Validation/Phase_1_Cross_Project_Test_Plan.md","Phase_1_Cross_Project_Test_Plan","classified","Ledgerlight inventory","mixed or historical placement","Development_Docs/Validation/Phase_1_Cross_Project_Test_Plan.md","rewrite-current","classified","engineering-record","yes","pending final validation","generated migration inventory"
"Development_Docs/Validation/Phase_1_Cross_Project_Validation_Record.md","Phase_1_Cross_Project_Validation_Record","classified","Ledgerlight inventory","mixed or historical placement","Development_Docs/Validation/Phase_1_Cross_Project_Validation_Record.md","rewrite-current","classified","engineering-record","yes","pending final validation","generated migration inventory"
"Development_Docs/Validation/legacy-retirement-manifest.json","legacy-retirement-manifest","classified","Ledgerlight inventory","mixed or historical placement","Development_Docs/Validation/legacy-retirement-manifest.json","rewrite-current","classified","engineering-record","yes","pending final validation","generated migration inventory"
"Development_Docs/document-index.json","document-index","classified","Ledgerlight inventory","mixed or historical placement","Development_Docs/document-index.json","rewrite-current","classified","engineering-record","yes","pending final validation","generated migration inventory"
"PLANS.md","PLANS","classified","Ledgerlight inventory","mixed or historical placement","PLANS.md","rewrite-current","classified","current-document","yes","pending final validation","generated migration inventory"
"README.md","README","classified","Ledgerlight inventory","mixed or historical placement","README.md","rewrite-current","classified","current-document","yes","pending final validation","generated migration inventory"
"SECURITY.md","SECURITY","classified","Ledgerlight inventory","mixed or historical placement","SECURITY.md","rewrite-current","classified","current-document","yes","pending final validation","generated migration inventory"
"docs/README.md","README","classified","Ledgerlight inventory","mixed or historical placement","docs/README.md","rewrite-current","classified","current-document","yes","pending final validation","generated migration inventory"
"docs/administrator/backup-and-recovery.md","backup-and-recovery","classified","Ledgerlight inventory","mixed or historical placement","docs/administrator/backup-and-recovery.md","rewrite-current","classified","current-document","yes","pending final validation","generated migration inventory"
"docs/administrator/configuration.md","configuration","classified","Ledgerlight inventory","mixed or historical placement","docs/administrator/configuration.md","rewrite-current","classified","current-document","yes","pending final validation","generated migration inventory"
"docs/administrator/deployment.md","deployment","classified","Ledgerlight inventory","mixed or historical placement","docs/administrator/deployment.md","rewrite-current","classified","current-document","yes","pending final validation","generated migration inventory"
"docs/administrator/installation.md","installation","classified","Ledgerlight inventory","mixed or historical placement","docs/administrator/installation.md","rewrite-current","classified","current-document","yes","pending final validation","generated migration inventory"
"docs/administrator/private-content.md","private-content","classified","Ledgerlight inventory","mixed or historical placement","docs/administrator/private-content.md","rewrite-current","classified","current-document","yes","pending final validation","generated migration inventory"
"docs/administrator/self-hosting.md","self-hosting","classified","Ledgerlight inventory","mixed or historical placement","docs/administrator/self-hosting.md","rewrite-current","classified","current-document","yes","pending final validation","generated migration inventory"
"docs/administrator/upgrading.md","upgrading","classified","Ledgerlight inventory","mixed or historical placement","docs/administrator/upgrading.md","rewrite-current","classified","current-document","yes","pending final validation","generated migration inventory"
"docs/assets/README.md","README","classified","Ledgerlight inventory","mixed or historical placement","docs/assets/README.md","rewrite-current","classified","current-document","yes","pending final validation","generated migration inventory"
"docs/developer/animation/README.md","README","classified","Ledgerlight inventory","mixed or historical placement","docs/developer/animation/README.md","rewrite-current","classified","current-document","yes","pending final validation","generated migration inventory"
"docs/developer/animation/architecture.md","architecture","classified","Ledgerlight inventory","mixed or historical placement","docs/developer/animation/architecture.md","rewrite-current","classified","current-document","yes","pending final validation","generated migration inventory"
"docs/developer/animation/assets.md","assets","classified","Ledgerlight inventory","mixed or historical placement","docs/developer/animation/assets.md","rewrite-current","classified","current-document","yes","pending final validation","generated migration inventory"
"docs/developer/animation/ownership.md","ownership","classified","Ledgerlight inventory","mixed or historical placement","docs/developer/animation/ownership.md","rewrite-current","classified","current-document","yes","pending final validation","generated migration inventory"
"docs/developer/animation/performance.md","performance","classified","Ledgerlight inventory","mixed or historical placement","docs/developer/animation/performance.md","rewrite-current","classified","current-document","yes","pending final validation","generated migration inventory"
"docs/developer/animation/testing.md","testing","classified","Ledgerlight inventory","mixed or historical placement","docs/developer/animation/testing.md","rewrite-current","classified","current-document","yes","pending final validation","generated migration inventory"
"docs/developer/architecture.md","architecture","classified","Ledgerlight inventory","mixed or historical placement","docs/developer/architecture.md","rewrite-current","classified","current-document","yes","pending final validation","generated migration inventory"
"docs/developer/database-and-migrations.md","database-and-migrations","classified","Ledgerlight inventory","mixed or historical placement","docs/developer/database-and-migrations.md","rewrite-current","classified","current-document","yes","pending final validation","generated migration inventory"
"docs/developer/documentation-governance.md","documentation-governance","classified","Ledgerlight inventory","mixed or historical placement","docs/developer/documentation-governance.md","rewrite-current","classified","current-document","yes","pending final validation","generated migration inventory"
"docs/developer/domain-ownership.md","domain-ownership","classified","Ledgerlight inventory","mixed or historical placement","docs/developer/domain-ownership.md","rewrite-current","classified","current-document","yes","pending final validation","generated migration inventory"
"docs/developer/local-development.md","local-development","classified","Ledgerlight inventory","mixed or historical placement","docs/developer/local-development.md","rewrite-current","classified","current-document","yes","pending final validation","generated migration inventory"
"docs/developer/security-architecture.md","security-architecture","classified","Ledgerlight inventory","mixed or historical placement","docs/developer/security-architecture.md","rewrite-current","classified","current-document","yes","pending final validation","generated migration inventory"
"docs/developer/testing.md","testing","classified","Ledgerlight inventory","mixed or historical placement","docs/developer/testing.md","rewrite-current","classified","current-document","yes","pending final validation","generated migration inventory"
"docs/product/current-status.md","current-status","classified","Ledgerlight inventory","mixed or historical placement","docs/product/current-status.md","rewrite-current","classified","current-document","yes","pending final validation","generated migration inventory"
"docs/product/features.md","features","classified","Ledgerlight inventory","mixed or historical placement","docs/product/features.md","rewrite-current","classified","current-document","yes","pending final validation","generated migration inventory"
"docs/product/overview.md","overview","classified","Ledgerlight inventory","mixed or historical placement","docs/product/overview.md","rewrite-current","classified","current-document","yes","pending final validation","generated migration inventory"
"docs/product/roadmap.md","roadmap","classified","Ledgerlight inventory","mixed or historical placement","docs/product/roadmap.md","rewrite-current","classified","current-document","yes","pending final validation","generated migration inventory"
"docs/product/terminology.md","terminology","classified","Ledgerlight inventory","mixed or historical placement","docs/product/terminology.md","rewrite-current","classified","current-document","yes","pending final validation","generated migration inventory"
"docs/reference/commands.md","commands","classified","Ledgerlight inventory","mixed or historical placement","docs/reference/commands.md","rewrite-current","classified","current-document","yes","pending final validation","generated migration inventory"
"docs/reference/environment-variables.md","environment-variables","classified","Ledgerlight inventory","mixed or historical placement","docs/reference/environment-variables.md","rewrite-current","classified","current-document","yes","pending final validation","generated migration inventory"
"docs/reference/feature-status.md","feature-status","classified","Ledgerlight inventory","mixed or historical placement","docs/reference/feature-status.md","rewrite-current","classified","current-document","yes","pending final validation","generated migration inventory"
"docs/reference/routes.md","routes","classified","Ledgerlight inventory","mixed or historical placement","docs/reference/routes.md","rewrite-current","classified","current-document","yes","pending final validation","generated migration inventory"
"docs/templates/developer-reference-template.md","developer-reference-template","classified","Ledgerlight inventory","mixed or historical placement","docs/templates/developer-reference-template.md","rewrite-current","classified","current-document","yes","pending final validation","generated migration inventory"
"docs/templates/operator-runbook-template.md","operator-runbook-template","classified","Ledgerlight inventory","mixed or historical placement","docs/templates/operator-runbook-template.md","rewrite-current","classified","current-document","yes","pending final validation","generated migration inventory"
"docs/templates/user-guide-template.md","user-guide-template","classified","Ledgerlight inventory","mixed or historical placement","docs/templates/user-guide-template.md","rewrite-current","classified","current-document","yes","pending final validation","generated migration inventory"
"docs/user/accessibility.md","accessibility","classified","Ledgerlight inventory","mixed or historical placement","docs/user/accessibility.md","rewrite-current","classified","current-document","yes","pending final validation","generated migration inventory"
"docs/user/captain-guide.md","captain-guide","classified","Ledgerlight inventory","mixed or historical placement","docs/user/captain-guide.md","rewrite-current","classified","current-document","yes","pending final validation","generated migration inventory"
"docs/user/chronicle-passport.md","chronicle-passport","classified","Ledgerlight inventory","mixed or historical placement","docs/user/chronicle-passport.md","rewrite-current","classified","current-document","yes","pending final validation","generated migration inventory"
"docs/user/community-harbor.md","community-harbor","classified","Ledgerlight inventory","mixed or historical placement","docs/user/community-harbor.md","rewrite-current","classified","current-document","yes","pending final validation","generated migration inventory"
"docs/user/creator-guide.md","creator-guide","classified","Ledgerlight inventory","mixed or historical placement","docs/user/creator-guide.md","rewrite-current","classified","current-document","yes","pending final validation","generated migration inventory"
"docs/user/getting-started.md","getting-started","classified","Ledgerlight inventory","mixed or historical placement","docs/user/getting-started.md","rewrite-current","classified","current-document","yes","pending final validation","generated migration inventory"
"docs/user/player-guide.md","player-guide","classified","Ledgerlight inventory","mixed or historical placement","docs/user/player-guide.md","rewrite-current","classified","current-document","yes","pending final validation","generated migration inventory"
"docs/user/privacy.md","privacy","classified","Ledgerlight inventory","mixed or historical placement","docs/user/privacy.md","rewrite-current","classified","current-document","yes","pending final validation","generated migration inventory"
"docs/user/troubleshooting.md","troubleshooting","classified","Ledgerlight inventory","mixed or historical placement","docs/user/troubleshooting.md","rewrite-current","classified","current-document","yes","pending final validation","generated migration inventory"
