"screen_id","route","criticality","viewport_family","viewport","layout_mode","shell_behavior","navigation_behavior","content_columns","card_behavior","form_behavior","table_list_transformation","dialogs_drawers","sticky_elements","overflow","scroll","touch_targets","evidence","test_result"
"screen-page-root","route-page-root","CRITICAL","LARGE_DESKTOP","1600x1000","GOVERNED_DESKTOP_OR_TABLET","GATEWAY_STANDARD","Visible, keyboard and touch operable, with contextual exit retained.","ONE_TO_THREE_BY_SURFACE","No unreadable slivers; stacks or intentional shelf affordance.","Labels, descriptions, validation, and actions remain visible.","Governed responsive list or intentional scroll container.","Viewport-bounded internal scroll with focus containment and body-lock restoration.","Do not cover headings or critical controls.","NO_ACCIDENTAL_HORIZONTAL_DOCUMENT_OVERFLOW","DOCUMENT_OR_EXPLICIT_NAMED_REGION","GOVERNED_TARGET_SIZE","HP-P6-EV-001-root-standard-desktop;HP-P6-EV-059-root-compact-desktop","PASSED"
"screen-page-root","route-page-root","CRITICAL","STANDARD_DESKTOP","1440x900","GOVERNED_DESKTOP_OR_TABLET","GATEWAY_STANDARD","Visible, keyboard and touch operable, with contextual exit retained.","ONE_TO_THREE_BY_SURFACE","No unreadable slivers; stacks or intentional shelf affordance.","Labels, descriptions, validation, and actions remain visible.","Governed responsive list or intentional scroll container.","Viewport-bounded internal scroll with focus containment and body-lock restoration.","Do not cover headings or critical controls.","NO_ACCIDENTAL_HORIZONTAL_DOCUMENT_OVERFLOW","DOCUMENT_OR_EXPLICIT_NAMED_REGION","GOVERNED_TARGET_SIZE","HP-P6-EV-001-root-standard-desktop;HP-P6-EV-059-root-compact-desktop","PASSED"
"screen-page-root","route-page-root","CRITICAL","COMPACT_DESKTOP","1280x720","GOVERNED_DESKTOP_OR_TABLET","GATEWAY_STANDARD","Visible, keyboard and touch operable, with contextual exit retained.","ONE_TO_THREE_BY_SURFACE","No unreadable slivers; stacks or intentional shelf affordance.","Labels, descriptions, validation, and actions remain visible.","Governed responsive list or intentional scroll container.","Viewport-bounded internal scroll with focus containment and body-lock restoration.","Do not cover headings or critical controls.","NO_ACCIDENTAL_HORIZONTAL_DOCUMENT_OVERFLOW","DOCUMENT_OR_EXPLICIT_NAMED_REGION","GOVERNED_TARGET_SIZE","HP-P6-EV-001-root-standard-desktop;HP-P6-EV-059-root-compact-desktop","PASSED"
"screen-page-root","route-page-root","CRITICAL","TABLET_LANDSCAPE","1024x768","GOVERNED_DESKTOP_OR_TABLET","GATEWAY_STANDARD","Visible, keyboard and touch operable, with contextual exit retained.","ONE_TO_THREE_BY_SURFACE","No unreadable slivers; stacks or intentional shelf affordance.","Labels, descriptions, validation, and actions remain visible.","Governed responsive list or intentional scroll container.","Viewport-bounded internal scroll with focus containment and body-lock restoration.","Do not cover headings or critical controls.","NO_ACCIDENTAL_HORIZONTAL_DOCUMENT_OVERFLOW","DOCUMENT_OR_EXPLICIT_NAMED_REGION","GOVERNED_TARGET_SIZE","HP-P6-EV-001-root-standard-desktop;HP-P6-EV-059-root-compact-desktop","PASSED"
"screen-page-root","route-page-root","CRITICAL","TABLET_PORTRAIT","768x1024","SINGLE_COLUMN_OR_GOVERNED_DRAWER","GATEWAY_STANDARD","Visible, keyboard and touch operable, with contextual exit retained.","ONE","No unreadable slivers; stacks or intentional shelf affordance.","Labels, descriptions, validation, and actions remain visible.","Governed responsive list or intentional scroll container.","Viewport-bounded internal scroll with focus containment and body-lock restoration.","Do not cover headings or critical controls.","NO_ACCIDENTAL_HORIZONTAL_DOCUMENT_OVERFLOW","DOCUMENT_OR_EXPLICIT_NAMED_REGION","GOVERNED_TARGET_SIZE","HP-P6-EV-001-root-standard-desktop;HP-P6-EV-059-root-compact-desktop","PASSED"
"screen-page-root","route-page-root","CRITICAL","MODERN_MOBILE","390x844","SINGLE_COLUMN_OR_GOVERNED_DRAWER","GATEWAY_STANDARD","Visible, keyboard and touch operable, with contextual exit retained.","ONE","No unreadable slivers; stacks or intentional shelf affordance.","Labels, descriptions, validation, and actions remain visible.","Governed responsive list or intentional scroll container.","Viewport-bounded internal scroll with focus containment and body-lock restoration.","Do not cover headings or critical controls.","NO_ACCIDENTAL_HORIZONTAL_DOCUMENT_OVERFLOW","DOCUMENT_OR_EXPLICIT_NAMED_REGION","GOVERNED_TARGET_SIZE","HP-P6-EV-002-root-modern-mobile;HP-P6-EV-062-root-narrow-mobile","PASSED"
"screen-page-root","route-page-root","CRITICAL","NARROW_MOBILE","320x568","SINGLE_COLUMN_OR_GOVERNED_DRAWER","GATEWAY_STANDARD","Visible, keyboard and touch operable, with contextual exit retained.","ONE","No unreadable slivers; stacks or intentional shelf affordance.","Labels, descriptions, validation, and actions remain visible.","Governed responsive list or intentional scroll container.","Viewport-bounded internal scroll with focus containment and body-lock restoration.","Do not cover headings or critical controls.","NO_ACCIDENTAL_HORIZONTAL_DOCUMENT_OVERFLOW","DOCUMENT_OR_EXPLICIT_NAMED_REGION","GOVERNED_TARGET_SIZE","HP-P6-EV-002-root-modern-mobile;HP-P6-EV-062-root-narrow-mobile","PASSED"
"screen-page-root","route-page-root","CRITICAL","EFFECTIVE_200_PERCENT","720x450","SINGLE_COLUMN_OR_GOVERNED_DRAWER","GATEWAY_STANDARD","Visible, keyboard and touch operable, with contextual exit retained.","ONE","No unreadable slivers; stacks or intentional shelf affordance.","Labels, descriptions, validation, and actions remain visible.","Governed responsive list or intentional scroll container.","Viewport-bounded internal scroll with focus containment and body-lock restoration.","Do not cover headings or critical controls.","NO_ACCIDENTAL_HORIZONTAL_DOCUMENT_OVERFLOW","DOCUMENT_OR_EXPLICIT_NAMED_REGION","GOVERNED_TARGET_SIZE","","PASSED"
"screen-page-account","route-page-account","CRITICAL","LARGE_DESKTOP","1600x1000","GOVERNED_DESKTOP_OR_TABLET","WORKSPACE_STANDARD","Visible, keyboard and touch operable, with contextual exit retained.","ONE_TO_THREE_BY_SURFACE","No unreadable slivers; stacks or intentional shelf affordance.","Labels, descriptions, validation, and actions remain visible.","Governed responsive list or intentional scroll container.","Viewport-bounded internal scroll with focus containment and body-lock restoration.","Do not cover headings or critical controls.","NO_ACCIDENTAL_HORIZONTAL_DOCUMENT_OVERFLOW","DOCUMENT_OR_EXPLICIT_NAMED_REGION","GOVERNED_TARGET_SIZE","HP-P6-EV-011-account-standard-desktop;HP-P6-EV-079-account-compact-desktop","PASSED"
"screen-page-account","route-page-account","CRITICAL","STANDARD_DESKTOP","1440x900","GOVERNED_DESKTOP_OR_TABLET","WORKSPACE_STANDARD","Visible, keyboard and touch operable, with contextual exit retained.","ONE_TO_THREE_BY_SURFACE","No unreadable slivers; stacks or intentional shelf affordance.","Labels, descriptions, validation, and actions remain visible.","Governed responsive list or intentional scroll container.","Viewport-bounded internal scroll with focus containment and body-lock restoration.","Do not cover headings or critical controls.","NO_ACCIDENTAL_HORIZONTAL_DOCUMENT_OVERFLOW","DOCUMENT_OR_EXPLICIT_NAMED_REGION","GOVERNED_TARGET_SIZE","HP-P6-EV-011-account-standard-desktop;HP-P6-EV-079-account-compact-desktop","PASSED"
"screen-page-account","route-page-account","CRITICAL","COMPACT_DESKTOP","1280x720","GOVERNED_DESKTOP_OR_TABLET","WORKSPACE_STANDARD","Visible, keyboard and touch operable, with contextual exit retained.","ONE_TO_THREE_BY_SURFACE","No unreadable slivers; stacks or intentional shelf affordance.","Labels, descriptions, validation, and actions remain visible.","Governed responsive list or intentional scroll container.","Viewport-bounded internal scroll with focus containment and body-lock restoration.","Do not cover headings or critical controls.","NO_ACCIDENTAL_HORIZONTAL_DOCUMENT_OVERFLOW","DOCUMENT_OR_EXPLICIT_NAMED_REGION","GOVERNED_TARGET_SIZE","HP-P6-EV-011-account-standard-desktop;HP-P6-EV-079-account-compact-desktop","PASSED"
"screen-page-account","route-page-account","CRITICAL","TABLET_LANDSCAPE","1024x768","GOVERNED_DESKTOP_OR_TABLET","WORKSPACE_STANDARD","Visible, keyboard and touch operable, with contextual exit retained.","ONE_TO_THREE_BY_SURFACE","No unreadable slivers; stacks or intentional shelf affordance.","Labels, descriptions, validation, and actions remain visible.","Governed responsive list or intentional scroll container.","Viewport-bounded internal scroll with focus containment and body-lock restoration.","Do not cover headings or critical controls.","NO_ACCIDENTAL_HORIZONTAL_DOCUMENT_OVERFLOW","DOCUMENT_OR_EXPLICIT_NAMED_REGION","GOVERNED_TARGET_SIZE","HP-P6-EV-011-account-standard-desktop;HP-P6-EV-079-account-compact-desktop","PASSED"
"screen-page-account","route-page-account","CRITICAL","TABLET_PORTRAIT","768x1024","SINGLE_COLUMN_OR_GOVERNED_DRAWER","WORKSPACE_STANDARD","Visible, keyboard and touch operable, with contextual exit retained.","ONE","No unreadable slivers; stacks or intentional shelf affordance.","Labels, descriptions, validation, and actions remain visible.","Governed responsive list or intentional scroll container.","Viewport-bounded internal scroll with focus containment and body-lock restoration.","Do not cover headings or critical controls.","NO_ACCIDENTAL_HORIZONTAL_DOCUMENT_OVERFLOW","DOCUMENT_OR_EXPLICIT_NAMED_REGION","GOVERNED_TARGET_SIZE","HP-P6-EV-011-account-standard-desktop;HP-P6-EV-079-account-compact-desktop","PASSED"
"screen-page-account","route-page-account","CRITICAL","MODERN_MOBILE","390x844","SINGLE_COLUMN_OR_GOVERNED_DRAWER","WORKSPACE_STANDARD","Visible, keyboard and touch operable, with contextual exit retained.","ONE","No unreadable slivers; stacks or intentional shelf affordance.","Labels, descriptions, validation, and actions remain visible.","Governed responsive list or intentional scroll container.","Viewport-bounded internal scroll with focus containment and body-lock restoration.","Do not cover headings or critical controls.","NO_ACCIDENTAL_HORIZONTAL_DOCUMENT_OVERFLOW","DOCUMENT_OR_EXPLICIT_NAMED_REGION","GOVERNED_TARGET_SIZE","HP-P6-EV-012-account-modern-mobile;HP-P6-EV-082-account-narrow-mobile","PASSED"
"screen-page-account","route-page-account","CRITICAL","NARROW_MOBILE","320x568","SINGLE_COLUMN_OR_GOVERNED_DRAWER","WORKSPACE_STANDARD","Visible, keyboard and touch operable, with contextual exit retained.","ONE","No unreadable slivers; stacks or intentional shelf affordance.","Labels, descriptions, validation, and actions remain visible.","Governed responsive list or intentional scroll container.","Viewport-bounded internal scroll with focus containment and body-lock restoration.","Do not cover headings or critical controls.","NO_ACCIDENTAL_HORIZONTAL_DOCUMENT_OVERFLOW","DOCUMENT_OR_EXPLICIT_NAMED_REGION","GOVERNED_TARGET_SIZE","HP-P6-EV-012-account-modern-mobile;HP-P6-EV-082-account-narrow-mobile","PASSED"
"screen-page-account","route-page-account","CRITICAL","EFFECTIVE_200_PERCENT","720x450","SINGLE_COLUMN_OR_GOVERNED_DRAWER","WORKSPACE_STANDARD","Visible, keyboard and touch operable, with contextual exit retained.","ONE","No unreadable slivers; stacks or intentional shelf affordance.","Labels, descriptions, validation, and actions remain visible.","Governed responsive list or intentional scroll container.","Viewport-bounded internal scroll with focus containment and body-lock restoration.","Do not cover headings or critical controls.","NO_ACCIDENTAL_HORIZONTAL_DOCUMENT_OVERFLOW","DOCUMENT_OR_EXPLICIT_NAMED_REGION","GOVERNED_TARGET_SIZE","","PASSED"
"screen-page-account-profile","route-page-account-profile","CRITICAL","LARGE_DESKTOP","1600x1000","GOVERNED_DESKTOP_OR_TABLET","WORKSPACE_STANDARD","Visible, keyboard and touch operable, with contextual exit retained.","ONE_TO_THREE_BY_SURFACE","No unreadable slivers; stacks or intentional shelf affordance.","Labels, descriptions, validation, and actions remain visible.","Governed responsive list or intentional scroll container.","Viewport-bounded internal scroll with focus containment and body-lock restoration.","Do not cover headings or critical controls.","NO_ACCIDENTAL_HORIZONTAL_DOCUMENT_OVERFLOW","DOCUMENT_OR_EXPLICIT_NAMED_REGION","GOVERNED_TARGET_SIZE","HP-P6-EV-013-account-profile-standard-desktop;HP-P6-EV-083-account-profile-compact-desktop","PASSED"
"screen-page-account-profile","route-page-account-profile","CRITICAL","STANDARD_DESKTOP","1440x900","GOVERNED_DESKTOP_OR_TABLET","WORKSPACE_STANDARD","Visible, keyboard and touch operable, with contextual exit retained.","ONE_TO_THREE_BY_SURFACE","No unreadable slivers; stacks or intentional shelf affordance.","Labels, descriptions, validation, and actions remain visible.","Governed responsive list or intentional scroll container.","Viewport-bounded internal scroll with focus containment and body-lock restoration.","Do not cover headings or critical controls.","NO_ACCIDENTAL_HORIZONTAL_DOCUMENT_OVERFLOW","DOCUMENT_OR_EXPLICIT_NAMED_REGION","GOVERNED_TARGET_SIZE","HP-P6-EV-013-account-profile-standard-desktop;HP-P6-EV-083-account-profile-compact-desktop","PASSED"
"screen-page-account-profile","route-page-account-profile","CRITICAL","COMPACT_DESKTOP","1280x720","GOVERNED_DESKTOP_OR_TABLET","WORKSPACE_STANDARD","Visible, keyboard and touch operable, with contextual exit retained.","ONE_TO_THREE_BY_SURFACE","No unreadable slivers; stacks or intentional shelf affordance.","Labels, descriptions, validation, and actions remain visible.","Governed responsive list or intentional scroll container.","Viewport-bounded internal scroll with focus containment and body-lock restoration.","Do not cover headings or critical controls.","NO_ACCIDENTAL_HORIZONTAL_DOCUMENT_OVERFLOW","DOCUMENT_OR_EXPLICIT_NAMED_REGION","GOVERNED_TARGET_SIZE","HP-P6-EV-013-account-profile-standard-desktop;HP-P6-EV-083-account-profile-compact-desktop","PASSED"
"screen-page-account-profile","route-page-account-profile","CRITICAL","TABLET_LANDSCAPE","1024x768","GOVERNED_DESKTOP_OR_TABLET","WORKSPACE_STANDARD","Visible, keyboard and touch operable, with contextual exit retained.","ONE_TO_THREE_BY_SURFACE","No unreadable slivers; stacks or intentional shelf affordance.","Labels, descriptions, validation, and actions remain visible.","Governed responsive list or intentional scroll container.","Viewport-bounded internal scroll with focus containment and body-lock restoration.","Do not cover headings or critical controls.","NO_ACCIDENTAL_HORIZONTAL_DOCUMENT_OVERFLOW","DOCUMENT_OR_EXPLICIT_NAMED_REGION","GOVERNED_TARGET_SIZE","HP-P6-EV-013-account-profile-standard-desktop;HP-P6-EV-083-account-profile-compact-desktop","PASSED"
"screen-page-account-profile","route-page-account-profile","CRITICAL","TABLET_PORTRAIT","768x1024","SINGLE_COLUMN_OR_GOVERNED_DRAWER","WORKSPACE_STANDARD","Visible, keyboard and touch operable, with contextual exit retained.","ONE","No unreadable slivers; stacks or intentional shelf affordance.","Labels, descriptions, validation, and actions remain visible.","Governed responsive list or intentional scroll container.","Viewport-bounded internal scroll with focus containment and body-lock restoration.","Do not cover headings or critical controls.","NO_ACCIDENTAL_HORIZONTAL_DOCUMENT_OVERFLOW","DOCUMENT_OR_EXPLICIT_NAMED_REGION","GOVERNED_TARGET_SIZE","HP-P6-EV-013-account-profile-standard-desktop;HP-P6-EV-083-account-profile-compact-desktop","PASSED"
"screen-page-account-profile","route-page-account-profile","CRITICAL","MODERN_MOBILE","390x844","SINGLE_COLUMN_OR_GOVERNED_DRAWER","WORKSPACE_STANDARD","Visible, keyboard and touch operable, with contextual exit retained.","ONE","No unreadable slivers; stacks or intentional shelf affordance.","Labels, descriptions, validation, and actions remain visible.","Governed responsive list or intentional scroll container.","Viewport-bounded internal scroll with focus containment and body-lock restoration.","Do not cover headings or critical controls.","NO_ACCIDENTAL_HORIZONTAL_DOCUMENT_OVERFLOW","DOCUMENT_OR_EXPLICIT_NAMED_REGION","GOVERNED_TARGET_SIZE","HP-P6-EV-014-account-profile-modern-mobile;HP-P6-EV-086-account-profile-narrow-mobile","PASSED"
"screen-page-account-profile","route-page-account-profile","CRITICAL","NARROW_MOBILE","320x568","SINGLE_COLUMN_OR_GOVERNED_DRAWER","WORKSPACE_STANDARD","Visible, keyboard and touch operable, with contextual exit retained.","ONE","No unreadable slivers; stacks or intentional shelf affordance.","Labels, descriptions, validation, and actions remain visible.","Governed responsive list or intentional scroll container.","Viewport-bounded internal scroll with focus containment and body-lock restoration.","Do not cover headings or critical controls.","NO_ACCIDENTAL_HORIZONTAL_DOCUMENT_OVERFLOW","DOCUMENT_OR_EXPLICIT_NAMED_REGION","GOVERNED_TARGET_SIZE","HP-P6-EV-014-account-profile-modern-mobile;HP-P6-EV-086-account-profile-narrow-mobile","PASSED"
"screen-page-account-profile","route-page-account-profile","CRITICAL","EFFECTIVE_200_PERCENT","720x450","SINGLE_COLUMN_OR_GOVERNED_DRAWER","WORKSPACE_STANDARD","Visible, keyboard and touch operable, with contextual exit retained.","ONE","No unreadable slivers; stacks or intentional shelf affordance.","Labels, descriptions, validation, and actions remain visible.","Governed responsive list or intentional scroll container.","Viewport-bounded internal scroll with focus containment and body-lock restoration.","Do not cover headings or critical controls.","NO_ACCIDENTAL_HORIZONTAL_DOCUMENT_OVERFLOW","DOCUMENT_OR_EXPLICIT_NAMED_REGION","GOVERNED_TARGET_SIZE","","PASSED"
"screen-page-account-security","route-page-account-security","HIGH","LARGE_DESKTOP","1600x1000","GOVERNED_DESKTOP_OR_TABLET","WORKSPACE_STANDARD","Visible, keyboard and touch operable, with contextual exit retained.","ONE_TO_THREE_BY_SURFACE","No unreadable slivers; stacks or intentional shelf affordance.","Labels, descriptions, validation, and actions remain visible.","Governed responsive list or intentional scroll container.","Viewport-bounded internal scroll with focus containment and body-lock restoration.","Do not cover headings or critical controls.","NO_ACCIDENTAL_HORIZONTAL_DOCUMENT_OVERFLOW","DOCUMENT_OR_EXPLICIT_NAMED_REGION","GOVERNED_TARGET_SIZE","HP-P6-EV-033-account-security-standard-desktop","PASSED"
"screen-page-account-security","route-page-account-security","HIGH","STANDARD_DESKTOP","1440x900","GOVERNED_DESKTOP_OR_TABLET","WORKSPACE_STANDARD","Visible, keyboard and touch operable, with contextual exit retained.","ONE_TO_THREE_BY_SURFACE","No unreadable slivers; stacks or intentional shelf affordance.","Labels, descriptions, validation, and actions remain visible.","Governed responsive list or intentional scroll container.","Viewport-bounded internal scroll with focus containment and body-lock restoration.","Do not cover headings or critical controls.","NO_ACCIDENTAL_HORIZONTAL_DOCUMENT_OVERFLOW","DOCUMENT_OR_EXPLICIT_NAMED_REGION","GOVERNED_TARGET_SIZE","HP-P6-EV-033-account-security-standard-desktop","PASSED"
"screen-page-account-security","route-page-account-security","HIGH","COMPACT_DESKTOP","1280x720","GOVERNED_DESKTOP_OR_TABLET","WORKSPACE_STANDARD","Visible, keyboard and touch operable, with contextual exit retained.","ONE_TO_THREE_BY_SURFACE","No unreadable slivers; stacks or intentional shelf affordance.","Labels, descriptions, validation, and actions remain visible.","Governed responsive list or intentional scroll container.","Viewport-bounded internal scroll with focus containment and body-lock restoration.","Do not cover headings or critical controls.","NO_ACCIDENTAL_HORIZONTAL_DOCUMENT_OVERFLOW","DOCUMENT_OR_EXPLICIT_NAMED_REGION","GOVERNED_TARGET_SIZE","HP-P6-EV-033-account-security-standard-desktop","PASSED"
"screen-page-account-security","route-page-account-security","HIGH","TABLET_LANDSCAPE","1024x768","GOVERNED_DESKTOP_OR_TABLET","WORKSPACE_STANDARD","Visible, keyboard and touch operable, with contextual exit retained.","ONE_TO_THREE_BY_SURFACE","No unreadable slivers; stacks or intentional shelf affordance.","Labels, descriptions, validation, and actions remain visible.","Governed responsive list or intentional scroll container.","Viewport-bounded internal scroll with focus containment and body-lock restoration.","Do not cover headings or critical controls.","NO_ACCIDENTAL_HORIZONTAL_DOCUMENT_OVERFLOW","DOCUMENT_OR_EXPLICIT_NAMED_REGION","GOVERNED_TARGET_SIZE","HP-P6-EV-033-account-security-standard-desktop","PASSED"
"screen-page-account-security","route-page-account-security","HIGH","TABLET_PORTRAIT","768x1024","SINGLE_COLUMN_OR_GOVERNED_DRAWER","WORKSPACE_STANDARD","Visible, keyboard and touch operable, with contextual exit retained.","ONE","No unreadable slivers; stacks or intentional shelf affordance.","Labels, descriptions, validation, and actions remain visible.","Governed responsive list or intentional scroll container.","Viewport-bounded internal scroll with focus containment and body-lock restoration.","Do not cover headings or critical controls.","NO_ACCIDENTAL_HORIZONTAL_DOCUMENT_OVERFLOW","DOCUMENT_OR_EXPLICIT_NAMED_REGION","GOVERNED_TARGET_SIZE","HP-P6-EV-033-account-security-standard-desktop","PASSED"
"screen-page-account-security","route-page-account-security","HIGH","MODERN_MOBILE","390x844","SINGLE_COLUMN_OR_GOVERNED_DRAWER","WORKSPACE_STANDARD","Visible, keyboard and touch operable, with contextual exit retained.","ONE","No unreadable slivers; stacks or intentional shelf affordance.","Labels, descriptions, validation, and actions remain visible.","Governed responsive list or intentional scroll container.","Viewport-bounded internal scroll with focus containment and body-lock restoration.","Do not cover headings or critical controls.","NO_ACCIDENTAL_HORIZONTAL_DOCUMENT_OVERFLOW","DOCUMENT_OR_EXPLICIT_NAMED_REGION","GOVERNED_TARGET_SIZE","HP-P6-EV-034-account-security-modern-mobile","PASSED"
"screen-page-account-security","route-page-account-security","HIGH","NARROW_MOBILE","320x568","SINGLE_COLUMN_OR_GOVERNED_DRAWER","WORKSPACE_STANDARD","Visible, keyboard and touch operable, with contextual exit retained.","ONE","No unreadable slivers; stacks or intentional shelf affordance.","Labels, descriptions, validation, and actions remain visible.","Governed responsive list or intentional scroll container.","Viewport-bounded internal scroll with focus containment and body-lock restoration.","Do not cover headings or critical controls.","NO_ACCIDENTAL_HORIZONTAL_DOCUMENT_OVERFLOW","DOCUMENT_OR_EXPLICIT_NAMED_REGION","GOVERNED_TARGET_SIZE","HP-P6-EV-034-account-security-modern-mobile","PASSED"
"screen-page-account-security","route-page-account-security","HIGH","EFFECTIVE_200_PERCENT","720x450","SINGLE_COLUMN_OR_GOVERNED_DRAWER","WORKSPACE_STANDARD","Visible, keyboard and touch operable, with contextual exit retained.","ONE","No unreadable slivers; stacks or intentional shelf affordance.","Labels, descriptions, validation, and actions remain visible.","Governed responsive list or intentional scroll container.","Viewport-bounded internal scroll with focus containment and body-lock restoration.","Do not cover headings or critical controls.","NO_ACCIDENTAL_HORIZONTAL_DOCUMENT_OVERFLOW","DOCUMENT_OR_EXPLICIT_NAMED_REGION","GOVERNED_TARGET_SIZE","","PASSED"
"screen-page-account-sessions","route-page-account-sessions","HIGH","LARGE_DESKTOP","1600x1000","GOVERNED_DESKTOP_OR_TABLET","WORKSPACE_STANDARD","Visible, keyboard and touch operable, with contextual exit retained.","ONE_TO_THREE_BY_SURFACE","No unreadable slivers; stacks or intentional shelf affordance.","Labels, descriptions, validation, and actions remain visible.","Governed responsive list or intentional scroll container.","Viewport-bounded internal scroll with focus containment and body-lock restoration.","Do not cover headings or critical controls.","NO_ACCIDENTAL_HORIZONTAL_DOCUMENT_OVERFLOW","DOCUMENT_OR_EXPLICIT_NAMED_REGION","GOVERNED_TARGET_SIZE","HP-P6-EV-035-account-sessions-standard-desktop","PASSED"
"screen-page-account-sessions","route-page-account-sessions","HIGH","STANDARD_DESKTOP","1440x900","GOVERNED_DESKTOP_OR_TABLET","WORKSPACE_STANDARD","Visible, keyboard and touch operable, with contextual exit retained.","ONE_TO_THREE_BY_SURFACE","No unreadable slivers; stacks or intentional shelf affordance.","Labels, descriptions, validation, and actions remain visible.","Governed responsive list or intentional scroll container.","Viewport-bounded internal scroll with focus containment and body-lock restoration.","Do not cover headings or critical controls.","NO_ACCIDENTAL_HORIZONTAL_DOCUMENT_OVERFLOW","DOCUMENT_OR_EXPLICIT_NAMED_REGION","GOVERNED_TARGET_SIZE","HP-P6-EV-035-account-sessions-standard-desktop","PASSED"
"screen-page-account-sessions","route-page-account-sessions","HIGH","COMPACT_DESKTOP","1280x720","GOVERNED_DESKTOP_OR_TABLET","WORKSPACE_STANDARD","Visible, keyboard and touch operable, with contextual exit retained.","ONE_TO_THREE_BY_SURFACE","No unreadable slivers; stacks or intentional shelf affordance.","Labels, descriptions, validation, and actions remain visible.","Governed responsive list or intentional scroll container.","Viewport-bounded internal scroll with focus containment and body-lock restoration.","Do not cover headings or critical controls.","NO_ACCIDENTAL_HORIZONTAL_DOCUMENT_OVERFLOW","DOCUMENT_OR_EXPLICIT_NAMED_REGION","GOVERNED_TARGET_SIZE","HP-P6-EV-035-account-sessions-standard-desktop","PASSED"
"screen-page-account-sessions","route-page-account-sessions","HIGH","TABLET_LANDSCAPE","1024x768","GOVERNED_DESKTOP_OR_TABLET","WORKSPACE_STANDARD","Visible, keyboard and touch operable, with contextual exit retained.","ONE_TO_THREE_BY_SURFACE","No unreadable slivers; stacks or intentional shelf affordance.","Labels, descriptions, validation, and actions remain visible.","Governed responsive list or intentional scroll container.","Viewport-bounded internal scroll with focus containment and body-lock restoration.","Do not cover headings or critical controls.","NO_ACCIDENTAL_HORIZONTAL_DOCUMENT_OVERFLOW","DOCUMENT_OR_EXPLICIT_NAMED_REGION","GOVERNED_TARGET_SIZE","HP-P6-EV-035-account-sessions-standard-desktop","PASSED"
"screen-page-account-sessions","route-page-account-sessions","HIGH","TABLET_PORTRAIT","768x1024","SINGLE_COLUMN_OR_GOVERNED_DRAWER","WORKSPACE_STANDARD","Visible, keyboard and touch operable, with contextual exit retained.","ONE","No unreadable slivers; stacks or intentional shelf affordance.","Labels, descriptions, validation, and actions remain visible.","Governed responsive list or intentional scroll container.","Viewport-bounded internal scroll with focus containment and body-lock restoration.","Do not cover headings or critical controls.","NO_ACCIDENTAL_HORIZONTAL_DOCUMENT_OVERFLOW","DOCUMENT_OR_EXPLICIT_NAMED_REGION","GOVERNED_TARGET_SIZE","HP-P6-EV-035-account-sessions-standard-desktop","PASSED"
"screen-page-account-sessions","route-page-account-sessions","HIGH","MODERN_MOBILE","390x844","SINGLE_COLUMN_OR_GOVERNED_DRAWER","WORKSPACE_STANDARD","Visible, keyboard and touch operable, with contextual exit retained.","ONE","No unreadable slivers; stacks or intentional shelf affordance.","Labels, descriptions, validation, and actions remain visible.","Governed responsive list or intentional scroll container.","Viewport-bounded internal scroll with focus containment and body-lock restoration.","Do not cover headings or critical controls.","NO_ACCIDENTAL_HORIZONTAL_DOCUMENT_OVERFLOW","DOCUMENT_OR_EXPLICIT_NAMED_REGION","GOVERNED_TARGET_SIZE","HP-P6-EV-036-account-sessions-modern-mobile","PASSED"
"screen-page-account-sessions","route-page-account-sessions","HIGH","NARROW_MOBILE","320x568","SINGLE_COLUMN_OR_GOVERNED_DRAWER","WORKSPACE_STANDARD","Visible, keyboard and touch operable, with contextual exit retained.","ONE","No unreadable slivers; stacks or intentional shelf affordance.","Labels, descriptions, validation, and actions remain visible.","Governed responsive list or intentional scroll container.","Viewport-bounded internal scroll with focus containment and body-lock restoration.","Do not cover headings or critical controls.","NO_ACCIDENTAL_HORIZONTAL_DOCUMENT_OVERFLOW","DOCUMENT_OR_EXPLICIT_NAMED_REGION","GOVERNED_TARGET_SIZE","HP-P6-EV-036-account-sessions-modern-mobile","PASSED"
"screen-page-account-sessions","route-page-account-sessions","HIGH","EFFECTIVE_200_PERCENT","720x450","SINGLE_COLUMN_OR_GOVERNED_DRAWER","WORKSPACE_STANDARD","Visible, keyboard and touch operable, with contextual exit retained.","ONE","No unreadable slivers; stacks or intentional shelf affordance.","Labels, descriptions, validation, and actions remain visible.","Governed responsive list or intentional scroll container.","Viewport-bounded internal scroll with focus containment and body-lock restoration.","Do not cover headings or critical controls.","NO_ACCIDENTAL_HORIZONTAL_DOCUMENT_OVERFLOW","DOCUMENT_OR_EXPLICIT_NAMED_REGION","GOVERNED_TARGET_SIZE","","PASSED"
"screen-page-captain-library","route-page-captain-library","CRITICAL","LARGE_DESKTOP","1600x1000","GOVERNED_DESKTOP_OR_TABLET","WORKSPACE_STANDARD","Visible, keyboard and touch operable, with contextual exit retained.","ONE_TO_THREE_BY_SURFACE","No unreadable slivers; stacks or intentional shelf affordance.","Labels, descriptions, validation, and actions remain visible.","Governed responsive list or intentional scroll container.","Viewport-bounded internal scroll with focus containment and body-lock restoration.","Do not cover headings or critical controls.","NO_ACCIDENTAL_HORIZONTAL_DOCUMENT_OVERFLOW","DOCUMENT_OR_EXPLICIT_NAMED_REGION","GOVERNED_TARGET_SIZE","HP-P6-EV-007-captain-library-standard-desktop;HP-P6-EV-071-captain-library-compact-desktop","PASSED"
"screen-page-captain-library","route-page-captain-library","CRITICAL","STANDARD_DESKTOP","1440x900","GOVERNED_DESKTOP_OR_TABLET","WORKSPACE_STANDARD","Visible, keyboard and touch operable, with contextual exit retained.","ONE_TO_THREE_BY_SURFACE","No unreadable slivers; stacks or intentional shelf affordance.","Labels, descriptions, validation, and actions remain visible.","Governed responsive list or intentional scroll container.","Viewport-bounded internal scroll with focus containment and body-lock restoration.","Do not cover headings or critical controls.","NO_ACCIDENTAL_HORIZONTAL_DOCUMENT_OVERFLOW","DOCUMENT_OR_EXPLICIT_NAMED_REGION","GOVERNED_TARGET_SIZE","HP-P6-EV-007-captain-library-standard-desktop;HP-P6-EV-071-captain-library-compact-desktop","PASSED"
"screen-page-captain-library","route-page-captain-library","CRITICAL","COMPACT_DESKTOP","1280x720","GOVERNED_DESKTOP_OR_TABLET","WORKSPACE_STANDARD","Visible, keyboard and touch operable, with contextual exit retained.","ONE_TO_THREE_BY_SURFACE","No unreadable slivers; stacks or intentional shelf affordance.","Labels, descriptions, validation, and actions remain visible.","Governed responsive list or intentional scroll container.","Viewport-bounded internal scroll with focus containment and body-lock restoration.","Do not cover headings or critical controls.","NO_ACCIDENTAL_HORIZONTAL_DOCUMENT_OVERFLOW","DOCUMENT_OR_EXPLICIT_NAMED_REGION","GOVERNED_TARGET_SIZE","HP-P6-EV-007-captain-library-standard-desktop;HP-P6-EV-071-captain-library-compact-desktop","PASSED"
"screen-page-captain-library","route-page-captain-library","CRITICAL","TABLET_LANDSCAPE","1024x768","GOVERNED_DESKTOP_OR_TABLET","WORKSPACE_STANDARD","Visible, keyboard and touch operable, with contextual exit retained.","ONE_TO_THREE_BY_SURFACE","No unreadable slivers; stacks or intentional shelf affordance.","Labels, descriptions, validation, and actions remain visible.","Governed responsive list or intentional scroll container.","Viewport-bounded internal scroll with focus containment and body-lock restoration.","Do not cover headings or critical controls.","NO_ACCIDENTAL_HORIZONTAL_DOCUMENT_OVERFLOW","DOCUMENT_OR_EXPLICIT_NAMED_REGION","GOVERNED_TARGET_SIZE","HP-P6-EV-007-captain-library-standard-desktop;HP-P6-EV-071-captain-library-compact-desktop","PASSED"
"screen-page-captain-library","route-page-captain-library","CRITICAL","TABLET_PORTRAIT","768x1024","SINGLE_COLUMN_OR_GOVERNED_DRAWER","WORKSPACE_STANDARD","Visible, keyboard and touch operable, with contextual exit retained.","ONE","No unreadable slivers; stacks or intentional shelf affordance.","Labels, descriptions, validation, and actions remain visible.","Governed responsive list or intentional scroll container.","Viewport-bounded internal scroll with focus containment and body-lock restoration.","Do not cover headings or critical controls.","NO_ACCIDENTAL_HORIZONTAL_DOCUMENT_OVERFLOW","DOCUMENT_OR_EXPLICIT_NAMED_REGION","GOVERNED_TARGET_SIZE","HP-P6-EV-007-captain-library-standard-desktop;HP-P6-EV-071-captain-library-compact-desktop","PASSED"
"screen-page-captain-library","route-page-captain-library","CRITICAL","MODERN_MOBILE","390x844","SINGLE_COLUMN_OR_GOVERNED_DRAWER","WORKSPACE_STANDARD","Visible, keyboard and touch operable, with contextual exit retained.","ONE","No unreadable slivers; stacks or intentional shelf affordance.","Labels, descriptions, validation, and actions remain visible.","Governed responsive list or intentional scroll container.","Viewport-bounded internal scroll with focus containment and body-lock restoration.","Do not cover headings or critical controls.","NO_ACCIDENTAL_HORIZONTAL_DOCUMENT_OVERFLOW","DOCUMENT_OR_EXPLICIT_NAMED_REGION","GOVERNED_TARGET_SIZE","HP-P6-EV-008-captain-library-modern-mobile;HP-P6-EV-074-captain-library-narrow-mobile","PASSED"
"screen-page-captain-library","route-page-captain-library","CRITICAL","NARROW_MOBILE","320x568","SINGLE_COLUMN_OR_GOVERNED_DRAWER","WORKSPACE_STANDARD","Visible, keyboard and touch operable, with contextual exit retained.","ONE","No unreadable slivers; stacks or intentional shelf affordance.","Labels, descriptions, validation, and actions remain visible.","Governed responsive list or intentional scroll container.","Viewport-bounded internal scroll with focus containment and body-lock restoration.","Do not cover headings or critical controls.","NO_ACCIDENTAL_HORIZONTAL_DOCUMENT_OVERFLOW","DOCUMENT_OR_EXPLICIT_NAMED_REGION","GOVERNED_TARGET_SIZE","HP-P6-EV-008-captain-library-modern-mobile;HP-P6-EV-074-captain-library-narrow-mobile","PASSED"
"screen-page-captain-library","route-page-captain-library","CRITICAL","EFFECTIVE_200_PERCENT","720x450","SINGLE_COLUMN_OR_GOVERNED_DRAWER","WORKSPACE_STANDARD","Visible, keyboard and touch operable, with contextual exit retained.","ONE","No unreadable slivers; stacks or intentional shelf affordance.","Labels, descriptions, validation, and actions remain visible.","Governed responsive list or intentional scroll container.","Viewport-bounded internal scroll with focus containment and body-lock restoration.","Do not cover headings or critical controls.","NO_ACCIDENTAL_HORIZONTAL_DOCUMENT_OVERFLOW","DOCUMENT_OR_EXPLICIT_NAMED_REGION","GOVERNED_TARGET_SIZE","","PASSED"
"screen-page-captain-sessions-sessionid","route-page-captain-sessions-sessionid","CRITICAL","LARGE_DESKTOP","1600x1000","GOVERNED_DESKTOP_OR_TABLET","COMPACT","Visible, keyboard and touch operable, with contextual exit retained.","ONE_TO_THREE_BY_SURFACE","No unreadable slivers; stacks or intentional shelf affordance.","Labels, descriptions, validation, and actions remain visible.","Governed responsive list or intentional scroll container.","Viewport-bounded internal scroll with focus containment and body-lock restoration.","Do not cover headings or critical controls.","NO_ACCIDENTAL_HORIZONTAL_DOCUMENT_OVERFLOW","DOCUMENT_OR_EXPLICIT_NAMED_REGION","GOVERNED_TARGET_SIZE","HP-P6-EV-021-captain-sessions-sessionid-standard-desktop;HP-P6-EV-099-captain-sessions-sessionid-compact-desktop","PASSED"
"screen-page-captain-sessions-sessionid","route-page-captain-sessions-sessionid","CRITICAL","STANDARD_DESKTOP","1440x900","GOVERNED_DESKTOP_OR_TABLET","COMPACT","Visible, keyboard and touch operable, with contextual exit retained.","ONE_TO_THREE_BY_SURFACE","No unreadable slivers; stacks or intentional shelf affordance.","Labels, descriptions, validation, and actions remain visible.","Governed responsive list or intentional scroll container.","Viewport-bounded internal scroll with focus containment and body-lock restoration.","Do not cover headings or critical controls.","NO_ACCIDENTAL_HORIZONTAL_DOCUMENT_OVERFLOW","DOCUMENT_OR_EXPLICIT_NAMED_REGION","GOVERNED_TARGET_SIZE","HP-P6-EV-021-captain-sessions-sessionid-standard-desktop;HP-P6-EV-099-captain-sessions-sessionid-compact-desktop","PASSED"
"screen-page-captain-sessions-sessionid","route-page-captain-sessions-sessionid","CRITICAL","COMPACT_DESKTOP","1280x720","GOVERNED_DESKTOP_OR_TABLET","COMPACT","Visible, keyboard and touch operable, with contextual exit retained.","ONE_TO_THREE_BY_SURFACE","No unreadable slivers; stacks or intentional shelf affordance.","Labels, descriptions, validation, and actions remain visible.","Governed responsive list or intentional scroll container.","Viewport-bounded internal scroll with focus containment and body-lock restoration.","Do not cover headings or critical controls.","NO_ACCIDENTAL_HORIZONTAL_DOCUMENT_OVERFLOW","DOCUMENT_OR_EXPLICIT_NAMED_REGION","GOVERNED_TARGET_SIZE","HP-P6-EV-021-captain-sessions-sessionid-standard-desktop;HP-P6-EV-099-captain-sessions-sessionid-compact-desktop","PASSED"
"screen-page-captain-sessions-sessionid","route-page-captain-sessions-sessionid","CRITICAL","TABLET_LANDSCAPE","1024x768","GOVERNED_DESKTOP_OR_TABLET","COMPACT","Visible, keyboard and touch operable, with contextual exit retained.","ONE_TO_THREE_BY_SURFACE","No unreadable slivers; stacks or intentional shelf affordance.","Labels, descriptions, validation, and actions remain visible.","Governed responsive list or intentional scroll container.","Viewport-bounded internal scroll with focus containment and body-lock restoration.","Do not cover headings or critical controls.","NO_ACCIDENTAL_HORIZONTAL_DOCUMENT_OVERFLOW","DOCUMENT_OR_EXPLICIT_NAMED_REGION","GOVERNED_TARGET_SIZE","HP-P6-EV-021-captain-sessions-sessionid-standard-desktop;HP-P6-EV-099-captain-sessions-sessionid-compact-desktop","PASSED"
"screen-page-captain-sessions-sessionid","route-page-captain-sessions-sessionid","CRITICAL","TABLET_PORTRAIT","768x1024","SINGLE_COLUMN_OR_GOVERNED_DRAWER","COMPACT","Visible, keyboard and touch operable, with contextual exit retained.","ONE","No unreadable slivers; stacks or intentional shelf affordance.","Labels, descriptions, validation, and actions remain visible.","Governed responsive list or intentional scroll container.","Viewport-bounded internal scroll with focus containment and body-lock restoration.","Do not cover headings or critical controls.","NO_ACCIDENTAL_HORIZONTAL_DOCUMENT_OVERFLOW","DOCUMENT_OR_EXPLICIT_NAMED_REGION","GOVERNED_TARGET_SIZE","HP-P6-EV-021-captain-sessions-sessionid-standard-desktop;HP-P6-EV-099-captain-sessions-sessionid-compact-desktop","PASSED"
"screen-page-captain-sessions-sessionid","route-page-captain-sessions-sessionid","CRITICAL","MODERN_MOBILE","390x844","SINGLE_COLUMN_OR_GOVERNED_DRAWER","COMPACT","Visible, keyboard and touch operable, with contextual exit retained.","ONE","No unreadable slivers; stacks or intentional shelf affordance.","Labels, descriptions, validation, and actions remain visible.","Governed responsive list or intentional scroll container.","Viewport-bounded internal scroll with focus containment and body-lock restoration.","Do not cover headings or critical controls.","NO_ACCIDENTAL_HORIZONTAL_DOCUMENT_OVERFLOW","DOCUMENT_OR_EXPLICIT_NAMED_REGION","GOVERNED_TARGET_SIZE","HP-P6-EV-022-captain-sessions-sessionid-modern-mobile;HP-P6-EV-102-captain-sessions-sessionid-narrow-mobile","PASSED"
"screen-page-captain-sessions-sessionid","route-page-captain-sessions-sessionid","CRITICAL","NARROW_MOBILE","320x568","SINGLE_COLUMN_OR_GOVERNED_DRAWER","COMPACT","Visible, keyboard and touch operable, with contextual exit retained.","ONE","No unreadable slivers; stacks or intentional shelf affordance.","Labels, descriptions, validation, and actions remain visible.","Governed responsive list or intentional scroll container.","Viewport-bounded internal scroll with focus containment and body-lock restoration.","Do not cover headings or critical controls.","NO_ACCIDENTAL_HORIZONTAL_DOCUMENT_OVERFLOW","DOCUMENT_OR_EXPLICIT_NAMED_REGION","GOVERNED_TARGET_SIZE","HP-P6-EV-022-captain-sessions-sessionid-modern-mobile;HP-P6-EV-102-captain-sessions-sessionid-narrow-mobile","PASSED"
"screen-page-captain-sessions-sessionid","route-page-captain-sessions-sessionid","CRITICAL","EFFECTIVE_200_PERCENT","720x450","SINGLE_COLUMN_OR_GOVERNED_DRAWER","COMPACT","Visible, keyboard and touch operable, with contextual exit retained.","ONE","No unreadable slivers; stacks or intentional shelf affordance.","Labels, descriptions, validation, and actions remain visible.","Governed responsive list or intentional scroll container.","Viewport-bounded internal scroll with focus containment and body-lock restoration.","Do not cover headings or critical controls.","NO_ACCIDENTAL_HORIZONTAL_DOCUMENT_OVERFLOW","DOCUMENT_OR_EXPLICIT_NAMED_REGION","GOVERNED_TARGET_SIZE","","PASSED"
"screen-page-community","route-page-community","CRITICAL","LARGE_DESKTOP","1600x1000","GOVERNED_DESKTOP_OR_TABLET","PUBLIC_STANDARD","Visible, keyboard and touch operable, with contextual exit retained.","ONE_TO_THREE_BY_SURFACE","No unreadable slivers; stacks or intentional shelf affordance.","Labels, descriptions, validation, and actions remain visible.","Governed responsive list or intentional scroll container.","Viewport-bounded internal scroll with focus containment and body-lock restoration.","Do not cover headings or critical controls.","NO_ACCIDENTAL_HORIZONTAL_DOCUMENT_OVERFLOW","DOCUMENT_OR_EXPLICIT_NAMED_REGION","GOVERNED_TARGET_SIZE","HP-P6-EV-017-community-standard-desktop;HP-P6-EV-091-community-compact-desktop","PASSED"
"screen-page-community","route-page-community","CRITICAL","STANDARD_DESKTOP","1440x900","GOVERNED_DESKTOP_OR_TABLET","PUBLIC_STANDARD","Visible, keyboard and touch operable, with contextual exit retained.","ONE_TO_THREE_BY_SURFACE","No unreadable slivers; stacks or intentional shelf affordance.","Labels, descriptions, validation, and actions remain visible.","Governed responsive list or intentional scroll container.","Viewport-bounded internal scroll with focus containment and body-lock restoration.","Do not cover headings or critical controls.","NO_ACCIDENTAL_HORIZONTAL_DOCUMENT_OVERFLOW","DOCUMENT_OR_EXPLICIT_NAMED_REGION","GOVERNED_TARGET_SIZE","HP-P6-EV-017-community-standard-desktop;HP-P6-EV-091-community-compact-desktop","PASSED"
"screen-page-community","route-page-community","CRITICAL","COMPACT_DESKTOP","1280x720","GOVERNED_DESKTOP_OR_TABLET","PUBLIC_STANDARD","Visible, keyboard and touch operable, with contextual exit retained.","ONE_TO_THREE_BY_SURFACE","No unreadable slivers; stacks or intentional shelf affordance.","Labels, descriptions, validation, and actions remain visible.","Governed responsive list or intentional scroll container.","Viewport-bounded internal scroll with focus containment and body-lock restoration.","Do not cover headings or critical controls.","NO_ACCIDENTAL_HORIZONTAL_DOCUMENT_OVERFLOW","DOCUMENT_OR_EXPLICIT_NAMED_REGION","GOVERNED_TARGET_SIZE","HP-P6-EV-017-community-standard-desktop;HP-P6-EV-091-community-compact-desktop","PASSED"
"screen-page-community","route-page-community","CRITICAL","TABLET_LANDSCAPE","1024x768","GOVERNED_DESKTOP_OR_TABLET","PUBLIC_STANDARD","Visible, keyboard and touch operable, with contextual exit retained.","ONE_TO_THREE_BY_SURFACE","No unreadable slivers; stacks or intentional shelf affordance.","Labels, descriptions, validation, and actions remain visible.","Governed responsive list or intentional scroll container.","Viewport-bounded internal scroll with focus containment and body-lock restoration.","Do not cover headings or critical controls.","NO_ACCIDENTAL_HORIZONTAL_DOCUMENT_OVERFLOW","DOCUMENT_OR_EXPLICIT_NAMED_REGION","GOVERNED_TARGET_SIZE","HP-P6-EV-017-community-standard-desktop;HP-P6-EV-091-community-compact-desktop","PASSED"
"screen-page-community","route-page-community","CRITICAL","TABLET_PORTRAIT","768x1024","SINGLE_COLUMN_OR_GOVERNED_DRAWER","PUBLIC_STANDARD","Visible, keyboard and touch operable, with contextual exit retained.","ONE","No unreadable slivers; stacks or intentional shelf affordance.","Labels, descriptions, validation, and actions remain visible.","Governed responsive list or intentional scroll container.","Viewport-bounded internal scroll with focus containment and body-lock restoration.","Do not cover headings or critical controls.","NO_ACCIDENTAL_HORIZONTAL_DOCUMENT_OVERFLOW","DOCUMENT_OR_EXPLICIT_NAMED_REGION","GOVERNED_TARGET_SIZE","HP-P6-EV-017-community-standard-desktop;HP-P6-EV-091-community-compact-desktop","PASSED"
"screen-page-community","route-page-community","CRITICAL","MODERN_MOBILE","390x844","SINGLE_COLUMN_OR_GOVERNED_DRAWER","PUBLIC_STANDARD","Visible, keyboard and touch operable, with contextual exit retained.","ONE","No unreadable slivers; stacks or intentional shelf affordance.","Labels, descriptions, validation, and actions remain visible.","Governed responsive list or intentional scroll container.","Viewport-bounded internal scroll with focus containment and body-lock restoration.","Do not cover headings or critical controls.","NO_ACCIDENTAL_HORIZONTAL_DOCUMENT_OVERFLOW","DOCUMENT_OR_EXPLICIT_NAMED_REGION","GOVERNED_TARGET_SIZE","HP-P6-EV-018-community-modern-mobile;HP-P6-EV-094-community-narrow-mobile","PASSED"
"screen-page-community","route-page-community","CRITICAL","NARROW_MOBILE","320x568","SINGLE_COLUMN_OR_GOVERNED_DRAWER","PUBLIC_STANDARD","Visible, keyboard and touch operable, with contextual exit retained.","ONE","No unreadable slivers; stacks or intentional shelf affordance.","Labels, descriptions, validation, and actions remain visible.","Governed responsive list or intentional scroll container.","Viewport-bounded internal scroll with focus containment and body-lock restoration.","Do not cover headings or critical controls.","NO_ACCIDENTAL_HORIZONTAL_DOCUMENT_OVERFLOW","DOCUMENT_OR_EXPLICIT_NAMED_REGION","GOVERNED_TARGET_SIZE","HP-P6-EV-018-community-modern-mobile;HP-P6-EV-094-community-narrow-mobile","PASSED"
"screen-page-community","route-page-community","CRITICAL","EFFECTIVE_200_PERCENT","720x450","SINGLE_COLUMN_OR_GOVERNED_DRAWER","PUBLIC_STANDARD","Visible, keyboard and touch operable, with contextual exit retained.","ONE","No unreadable slivers; stacks or intentional shelf affordance.","Labels, descriptions, validation, and actions remain visible.","Governed responsive list or intentional scroll container.","Viewport-bounded internal scroll with focus containment and body-lock restoration.","Do not cover headings or critical controls.","NO_ACCIDENTAL_HORIZONTAL_DOCUMENT_OVERFLOW","DOCUMENT_OR_EXPLICIT_NAMED_REGION","GOVERNED_TARGET_SIZE","","PASSED"
"screen-page-community-slug","route-page-community-slug","HIGH","LARGE_DESKTOP","1600x1000","GOVERNED_DESKTOP_OR_TABLET","PUBLIC_STANDARD","Visible, keyboard and touch operable, with contextual exit retained.","ONE_TO_THREE_BY_SURFACE","No unreadable slivers; stacks or intentional shelf affordance.","Labels, descriptions, validation, and actions remain visible.","Governed responsive list or intentional scroll container.","Viewport-bounded internal scroll with focus containment and body-lock restoration.","Do not cover headings or critical controls.","NO_ACCIDENTAL_HORIZONTAL_DOCUMENT_OVERFLOW","DOCUMENT_OR_EXPLICIT_NAMED_REGION","GOVERNED_TARGET_SIZE","HP-P6-EV-047-community-slug-standard-desktop","PASSED"
"screen-page-community-slug","route-page-community-slug","HIGH","STANDARD_DESKTOP","1440x900","GOVERNED_DESKTOP_OR_TABLET","PUBLIC_STANDARD","Visible, keyboard and touch operable, with contextual exit retained.","ONE_TO_THREE_BY_SURFACE","No unreadable slivers; stacks or intentional shelf affordance.","Labels, descriptions, validation, and actions remain visible.","Governed responsive list or intentional scroll container.","Viewport-bounded internal scroll with focus containment and body-lock restoration.","Do not cover headings or critical controls.","NO_ACCIDENTAL_HORIZONTAL_DOCUMENT_OVERFLOW","DOCUMENT_OR_EXPLICIT_NAMED_REGION","GOVERNED_TARGET_SIZE","HP-P6-EV-047-community-slug-standard-desktop","PASSED"
"screen-page-community-slug","route-page-community-slug","HIGH","COMPACT_DESKTOP","1280x720","GOVERNED_DESKTOP_OR_TABLET","PUBLIC_STANDARD","Visible, keyboard and touch operable, with contextual exit retained.","ONE_TO_THREE_BY_SURFACE","No unreadable slivers; stacks or intentional shelf affordance.","Labels, descriptions, validation, and actions remain visible.","Governed responsive list or intentional scroll container.","Viewport-bounded internal scroll with focus containment and body-lock restoration.","Do not cover headings or critical controls.","NO_ACCIDENTAL_HORIZONTAL_DOCUMENT_OVERFLOW","DOCUMENT_OR_EXPLICIT_NAMED_REGION","GOVERNED_TARGET_SIZE","HP-P6-EV-047-community-slug-standard-desktop","PASSED"
"screen-page-community-slug","route-page-community-slug","HIGH","TABLET_LANDSCAPE","1024x768","GOVERNED_DESKTOP_OR_TABLET","PUBLIC_STANDARD","Visible, keyboard and touch operable, with contextual exit retained.","ONE_TO_THREE_BY_SURFACE","No unreadable slivers; stacks or intentional shelf affordance.","Labels, descriptions, validation, and actions remain visible.","Governed responsive list or intentional scroll container.","Viewport-bounded internal scroll with focus containment and body-lock restoration.","Do not cover headings or critical controls.","NO_ACCIDENTAL_HORIZONTAL_DOCUMENT_OVERFLOW","DOCUMENT_OR_EXPLICIT_NAMED_REGION","GOVERNED_TARGET_SIZE","HP-P6-EV-047-community-slug-standard-desktop","PASSED"
"screen-page-community-slug","route-page-community-slug","HIGH","TABLET_PORTRAIT","768x1024","SINGLE_COLUMN_OR_GOVERNED_DRAWER","PUBLIC_STANDARD","Visible, keyboard and touch operable, with contextual exit retained.","ONE","No unreadable slivers; stacks or intentional shelf affordance.","Labels, descriptions, validation, and actions remain visible.","Governed responsive list or intentional scroll container.","Viewport-bounded internal scroll with focus containment and body-lock restoration.","Do not cover headings or critical controls.","NO_ACCIDENTAL_HORIZONTAL_DOCUMENT_OVERFLOW","DOCUMENT_OR_EXPLICIT_NAMED_REGION","GOVERNED_TARGET_SIZE","HP-P6-EV-047-community-slug-standard-desktop","PASSED"
"screen-page-community-slug","route-page-community-slug","HIGH","MODERN_MOBILE","390x844","SINGLE_COLUMN_OR_GOVERNED_DRAWER","PUBLIC_STANDARD","Visible, keyboard and touch operable, with contextual exit retained.","ONE","No unreadable slivers; stacks or intentional shelf affordance.","Labels, descriptions, validation, and actions remain visible.","Governed responsive list or intentional scroll container.","Viewport-bounded internal scroll with focus containment and body-lock restoration.","Do not cover headings or critical controls.","NO_ACCIDENTAL_HORIZONTAL_DOCUMENT_OVERFLOW","DOCUMENT_OR_EXPLICIT_NAMED_REGION","GOVERNED_TARGET_SIZE","HP-P6-EV-048-community-slug-modern-mobile","PASSED"
"screen-page-community-slug","route-page-community-slug","HIGH","NARROW_MOBILE","320x568","SINGLE_COLUMN_OR_GOVERNED_DRAWER","PUBLIC_STANDARD","Visible, keyboard and touch operable, with contextual exit retained.","ONE","No unreadable slivers; stacks or intentional shelf affordance.","Labels, descriptions, validation, and actions remain visible.","Governed responsive list or intentional scroll container.","Viewport-bounded internal scroll with focus containment and body-lock restoration.","Do not cover headings or critical controls.","NO_ACCIDENTAL_HORIZONTAL_DOCUMENT_OVERFLOW","DOCUMENT_OR_EXPLICIT_NAMED_REGION","GOVERNED_TARGET_SIZE","HP-P6-EV-048-community-slug-modern-mobile","PASSED"
"screen-page-community-slug","route-page-community-slug","HIGH","EFFECTIVE_200_PERCENT","720x450","SINGLE_COLUMN_OR_GOVERNED_DRAWER","PUBLIC_STANDARD","Visible, keyboard and touch operable, with contextual exit retained.","ONE","No unreadable slivers; stacks or intentional shelf affordance.","Labels, descriptions, validation, and actions remain visible.","Governed responsive list or intentional scroll container.","Viewport-bounded internal scroll with focus containment and body-lock restoration.","Do not cover headings or critical controls.","NO_ACCIDENTAL_HORIZONTAL_DOCUMENT_OVERFLOW","DOCUMENT_OR_EXPLICIT_NAMED_REGION","GOVERNED_TARGET_SIZE","","PASSED"
"screen-page-community-chronicles","route-page-community-chronicles","HIGH","LARGE_DESKTOP","1600x1000","GOVERNED_DESKTOP_OR_TABLET","PUBLIC_STANDARD","Visible, keyboard and touch operable, with contextual exit retained.","ONE_TO_THREE_BY_SURFACE","No unreadable slivers; stacks or intentional shelf affordance.","Labels, descriptions, validation, and actions remain visible.","Governed responsive list or intentional scroll container.","Viewport-bounded internal scroll with focus containment and body-lock restoration.","Do not cover headings or critical controls.","NO_ACCIDENTAL_HORIZONTAL_DOCUMENT_OVERFLOW","DOCUMENT_OR_EXPLICIT_NAMED_REGION","GOVERNED_TARGET_SIZE","HP-P6-EV-045-community-chronicles-standard-desktop","PASSED"
"screen-page-community-chronicles","route-page-community-chronicles","HIGH","STANDARD_DESKTOP","1440x900","GOVERNED_DESKTOP_OR_TABLET","PUBLIC_STANDARD","Visible, keyboard and touch operable, with contextual exit retained.","ONE_TO_THREE_BY_SURFACE","No unreadable slivers; stacks or intentional shelf affordance.","Labels, descriptions, validation, and actions remain visible.","Governed responsive list or intentional scroll container.","Viewport-bounded internal scroll with focus containment and body-lock restoration.","Do not cover headings or critical controls.","NO_ACCIDENTAL_HORIZONTAL_DOCUMENT_OVERFLOW","DOCUMENT_OR_EXPLICIT_NAMED_REGION","GOVERNED_TARGET_SIZE","HP-P6-EV-045-community-chronicles-standard-desktop","PASSED"
"screen-page-community-chronicles","route-page-community-chronicles","HIGH","COMPACT_DESKTOP","1280x720","GOVERNED_DESKTOP_OR_TABLET","PUBLIC_STANDARD","Visible, keyboard and touch operable, with contextual exit retained.","ONE_TO_THREE_BY_SURFACE","No unreadable slivers; stacks or intentional shelf affordance.","Labels, descriptions, validation, and actions remain visible.","Governed responsive list or intentional scroll container.","Viewport-bounded internal scroll with focus containment and body-lock restoration.","Do not cover headings or critical controls.","NO_ACCIDENTAL_HORIZONTAL_DOCUMENT_OVERFLOW","DOCUMENT_OR_EXPLICIT_NAMED_REGION","GOVERNED_TARGET_SIZE","HP-P6-EV-045-community-chronicles-standard-desktop","PASSED"
"screen-page-community-chronicles","route-page-community-chronicles","HIGH","TABLET_LANDSCAPE","1024x768","GOVERNED_DESKTOP_OR_TABLET","PUBLIC_STANDARD","Visible, keyboard and touch operable, with contextual exit retained.","ONE_TO_THREE_BY_SURFACE","No unreadable slivers; stacks or intentional shelf affordance.","Labels, descriptions, validation, and actions remain visible.","Governed responsive list or intentional scroll container.","Viewport-bounded internal scroll with focus containment and body-lock restoration.","Do not cover headings or critical controls.","NO_ACCIDENTAL_HORIZONTAL_DOCUMENT_OVERFLOW","DOCUMENT_OR_EXPLICIT_NAMED_REGION","GOVERNED_TARGET_SIZE","HP-P6-EV-045-community-chronicles-standard-desktop","PASSED"
"screen-page-community-chronicles","route-page-community-chronicles","HIGH","TABLET_PORTRAIT","768x1024","SINGLE_COLUMN_OR_GOVERNED_DRAWER","PUBLIC_STANDARD","Visible, keyboard and touch operable, with contextual exit retained.","ONE","No unreadable slivers; stacks or intentional shelf affordance.","Labels, descriptions, validation, and actions remain visible.","Governed responsive list or intentional scroll container.","Viewport-bounded internal scroll with focus containment and body-lock restoration.","Do not cover headings or critical controls.","NO_ACCIDENTAL_HORIZONTAL_DOCUMENT_OVERFLOW","DOCUMENT_OR_EXPLICIT_NAMED_REGION","GOVERNED_TARGET_SIZE","HP-P6-EV-045-community-chronicles-standard-desktop","PASSED"
"screen-page-community-chronicles","route-page-community-chronicles","HIGH","MODERN_MOBILE","390x844","SINGLE_COLUMN_OR_GOVERNED_DRAWER","PUBLIC_STANDARD","Visible, keyboard and touch operable, with contextual exit retained.","ONE","No unreadable slivers; stacks or intentional shelf affordance.","Labels, descriptions, validation, and actions remain visible.","Governed responsive list or intentional scroll container.","Viewport-bounded internal scroll with focus containment and body-lock restoration.","Do not cover headings or critical controls.","NO_ACCIDENTAL_HORIZONTAL_DOCUMENT_OVERFLOW","DOCUMENT_OR_EXPLICIT_NAMED_REGION","GOVERNED_TARGET_SIZE","HP-P6-EV-046-community-chronicles-modern-mobile","PASSED"
"screen-page-community-chronicles","route-page-community-chronicles","HIGH","NARROW_MOBILE","320x568","SINGLE_COLUMN_OR_GOVERNED_DRAWER","PUBLIC_STANDARD","Visible, keyboard and touch operable, with contextual exit retained.","ONE","No unreadable slivers; stacks or intentional shelf affordance.","Labels, descriptions, validation, and actions remain visible.","Governed responsive list or intentional scroll container.","Viewport-bounded internal scroll with focus containment and body-lock restoration.","Do not cover headings or critical controls.","NO_ACCIDENTAL_HORIZONTAL_DOCUMENT_OVERFLOW","DOCUMENT_OR_EXPLICIT_NAMED_REGION","GOVERNED_TARGET_SIZE","HP-P6-EV-046-community-chronicles-modern-mobile","PASSED"
"screen-page-community-chronicles","route-page-community-chronicles","HIGH","EFFECTIVE_200_PERCENT","720x450","SINGLE_COLUMN_OR_GOVERNED_DRAWER","PUBLIC_STANDARD","Visible, keyboard and touch operable, with contextual exit retained.","ONE","No unreadable slivers; stacks or intentional shelf affordance.","Labels, descriptions, validation, and actions remain visible.","Governed responsive list or intentional scroll container.","Viewport-bounded internal scroll with focus containment and body-lock restoration.","Do not cover headings or critical controls.","NO_ACCIDENTAL_HORIZONTAL_DOCUMENT_OVERFLOW","DOCUMENT_OR_EXPLICIT_NAMED_REGION","GOVERNED_TARGET_SIZE","","PASSED"
"screen-page-community-collections-slug","route-page-community-collections-slug","HIGH","LARGE_DESKTOP","1600x1000","GOVERNED_DESKTOP_OR_TABLET","PUBLIC_STANDARD","Visible, keyboard and touch operable, with contextual exit retained.","ONE_TO_THREE_BY_SURFACE","No unreadable slivers; stacks or intentional shelf affordance.","Labels, descriptions, validation, and actions remain visible.","Governed responsive list or intentional scroll container.","Viewport-bounded internal scroll with focus containment and body-lock restoration.","Do not cover headings or critical controls.","NO_ACCIDENTAL_HORIZONTAL_DOCUMENT_OVERFLOW","DOCUMENT_OR_EXPLICIT_NAMED_REGION","GOVERNED_TARGET_SIZE","HP-P6-EV-049-community-collections-slug-standard-desktop","PASSED"
"screen-page-community-collections-slug","route-page-community-collections-slug","HIGH","STANDARD_DESKTOP","1440x900","GOVERNED_DESKTOP_OR_TABLET","PUBLIC_STANDARD","Visible, keyboard and touch operable, with contextual exit retained.","ONE_TO_THREE_BY_SURFACE","No unreadable slivers; stacks or intentional shelf affordance.","Labels, descriptions, validation, and actions remain visible.","Governed responsive list or intentional scroll container.","Viewport-bounded internal scroll with focus containment and body-lock restoration.","Do not cover headings or critical controls.","NO_ACCIDENTAL_HORIZONTAL_DOCUMENT_OVERFLOW","DOCUMENT_OR_EXPLICIT_NAMED_REGION","GOVERNED_TARGET_SIZE","HP-P6-EV-049-community-collections-slug-standard-desktop","PASSED"
"screen-page-community-collections-slug","route-page-community-collections-slug","HIGH","COMPACT_DESKTOP","1280x720","GOVERNED_DESKTOP_OR_TABLET","PUBLIC_STANDARD","Visible, keyboard and touch operable, with contextual exit retained.","ONE_TO_THREE_BY_SURFACE","No unreadable slivers; stacks or intentional shelf affordance.","Labels, descriptions, validation, and actions remain visible.","Governed responsive list or intentional scroll container.","Viewport-bounded internal scroll with focus containment and body-lock restoration.","Do not cover headings or critical controls.","NO_ACCIDENTAL_HORIZONTAL_DOCUMENT_OVERFLOW","DOCUMENT_OR_EXPLICIT_NAMED_REGION","GOVERNED_TARGET_SIZE","HP-P6-EV-049-community-collections-slug-standard-desktop","PASSED"
"screen-page-community-collections-slug","route-page-community-collections-slug","HIGH","TABLET_LANDSCAPE","1024x768","GOVERNED_DESKTOP_OR_TABLET","PUBLIC_STANDARD","Visible, keyboard and touch operable, with contextual exit retained.","ONE_TO_THREE_BY_SURFACE","No unreadable slivers; stacks or intentional shelf affordance.","Labels, descriptions, validation, and actions remain visible.","Governed responsive list or intentional scroll container.","Viewport-bounded internal scroll with focus containment and body-lock restoration.","Do not cover headings or critical controls.","NO_ACCIDENTAL_HORIZONTAL_DOCUMENT_OVERFLOW","DOCUMENT_OR_EXPLICIT_NAMED_REGION","GOVERNED_TARGET_SIZE","HP-P6-EV-049-community-collections-slug-standard-desktop","PASSED"
"screen-page-community-collections-slug","route-page-community-collections-slug","HIGH","TABLET_PORTRAIT","768x1024","SINGLE_COLUMN_OR_GOVERNED_DRAWER","PUBLIC_STANDARD","Visible, keyboard and touch operable, with contextual exit retained.","ONE","No unreadable slivers; stacks or intentional shelf affordance.","Labels, descriptions, validation, and actions remain visible.","Governed responsive list or intentional scroll container.","Viewport-bounded internal scroll with focus containment and body-lock restoration.","Do not cover headings or critical controls.","NO_ACCIDENTAL_HORIZONTAL_DOCUMENT_OVERFLOW","DOCUMENT_OR_EXPLICIT_NAMED_REGION","GOVERNED_TARGET_SIZE","HP-P6-EV-049-community-collections-slug-standard-desktop","PASSED"
"screen-page-community-collections-slug","route-page-community-collections-slug","HIGH","MODERN_MOBILE","390x844","SINGLE_COLUMN_OR_GOVERNED_DRAWER","PUBLIC_STANDARD","Visible, keyboard and touch operable, with contextual exit retained.","ONE","No unreadable slivers; stacks or intentional shelf affordance.","Labels, descriptions, validation, and actions remain visible.","Governed responsive list or intentional scroll container.","Viewport-bounded internal scroll with focus containment and body-lock restoration.","Do not cover headings or critical controls.","NO_ACCIDENTAL_HORIZONTAL_DOCUMENT_OVERFLOW","DOCUMENT_OR_EXPLICIT_NAMED_REGION","GOVERNED_TARGET_SIZE","HP-P6-EV-050-community-collections-slug-modern-mobile","PASSED"
"screen-page-community-collections-slug","route-page-community-collections-slug","HIGH","NARROW_MOBILE","320x568","SINGLE_COLUMN_OR_GOVERNED_DRAWER","PUBLIC_STANDARD","Visible, keyboard and touch operable, with contextual exit retained.","ONE","No unreadable slivers; stacks or intentional shelf affordance.","Labels, descriptions, validation, and actions remain visible.","Governed responsive list or intentional scroll container.","Viewport-bounded internal scroll with focus containment and body-lock restoration.","Do not cover headings or critical controls.","NO_ACCIDENTAL_HORIZONTAL_DOCUMENT_OVERFLOW","DOCUMENT_OR_EXPLICIT_NAMED_REGION","GOVERNED_TARGET_SIZE","HP-P6-EV-050-community-collections-slug-modern-mobile","PASSED"
"screen-page-community-collections-slug","route-page-community-collections-slug","HIGH","EFFECTIVE_200_PERCENT","720x450","SINGLE_COLUMN_OR_GOVERNED_DRAWER","PUBLIC_STANDARD","Visible, keyboard and touch operable, with contextual exit retained.","ONE","No unreadable slivers; stacks or intentional shelf affordance.","Labels, descriptions, validation, and actions remain visible.","Governed responsive list or intentional scroll container.","Viewport-bounded internal scroll with focus containment and body-lock restoration.","Do not cover headings or critical controls.","NO_ACCIDENTAL_HORIZONTAL_DOCUMENT_OVERFLOW","DOCUMENT_OR_EXPLICIT_NAMED_REGION","GOVERNED_TARGET_SIZE","","PASSED"
"screen-page-community-moderation","route-page-community-moderation","HIGH","LARGE_DESKTOP","1600x1000","GOVERNED_DESKTOP_OR_TABLET","PUBLIC_STANDARD","Visible, keyboard and touch operable, with contextual exit retained.","ONE_TO_THREE_BY_SURFACE","No unreadable slivers; stacks or intentional shelf affordance.","Labels, descriptions, validation, and actions remain visible.","Governed responsive list or intentional scroll container.","Viewport-bounded internal scroll with focus containment and body-lock restoration.","Do not cover headings or critical controls.","NO_ACCIDENTAL_HORIZONTAL_DOCUMENT_OVERFLOW","DOCUMENT_OR_EXPLICIT_NAMED_REGION","GOVERNED_TARGET_SIZE","HP-P6-EV-051-community-moderation-standard-desktop","PASSED"
"screen-page-community-moderation","route-page-community-moderation","HIGH","STANDARD_DESKTOP","1440x900","GOVERNED_DESKTOP_OR_TABLET","PUBLIC_STANDARD","Visible, keyboard and touch operable, with contextual exit retained.","ONE_TO_THREE_BY_SURFACE","No unreadable slivers; stacks or intentional shelf affordance.","Labels, descriptions, validation, and actions remain visible.","Governed responsive list or intentional scroll container.","Viewport-bounded internal scroll with focus containment and body-lock restoration.","Do not cover headings or critical controls.","NO_ACCIDENTAL_HORIZONTAL_DOCUMENT_OVERFLOW","DOCUMENT_OR_EXPLICIT_NAMED_REGION","GOVERNED_TARGET_SIZE","HP-P6-EV-051-community-moderation-standard-desktop","PASSED"
"screen-page-community-moderation","route-page-community-moderation","HIGH","COMPACT_DESKTOP","1280x720","GOVERNED_DESKTOP_OR_TABLET","PUBLIC_STANDARD","Visible, keyboard and touch operable, with contextual exit retained.","ONE_TO_THREE_BY_SURFACE","No unreadable slivers; stacks or intentional shelf affordance.","Labels, descriptions, validation, and actions remain visible.","Governed responsive list or intentional scroll container.","Viewport-bounded internal scroll with focus containment and body-lock restoration.","Do not cover headings or critical controls.","NO_ACCIDENTAL_HORIZONTAL_DOCUMENT_OVERFLOW","DOCUMENT_OR_EXPLICIT_NAMED_REGION","GOVERNED_TARGET_SIZE","HP-P6-EV-051-community-moderation-standard-desktop","PASSED"
"screen-page-community-moderation","route-page-community-moderation","HIGH","TABLET_LANDSCAPE","1024x768","GOVERNED_DESKTOP_OR_TABLET","PUBLIC_STANDARD","Visible, keyboard and touch operable, with contextual exit retained.","ONE_TO_THREE_BY_SURFACE","No unreadable slivers; stacks or intentional shelf affordance.","Labels, descriptions, validation, and actions remain visible.","Governed responsive list or intentional scroll container.","Viewport-bounded internal scroll with focus containment and body-lock restoration.","Do not cover headings or critical controls.","NO_ACCIDENTAL_HORIZONTAL_DOCUMENT_OVERFLOW","DOCUMENT_OR_EXPLICIT_NAMED_REGION","GOVERNED_TARGET_SIZE","HP-P6-EV-051-community-moderation-standard-desktop","PASSED"
"screen-page-community-moderation","route-page-community-moderation","HIGH","TABLET_PORTRAIT","768x1024","SINGLE_COLUMN_OR_GOVERNED_DRAWER","PUBLIC_STANDARD","Visible, keyboard and touch operable, with contextual exit retained.","ONE","No unreadable slivers; stacks or intentional shelf affordance.","Labels, descriptions, validation, and actions remain visible.","Governed responsive list or intentional scroll container.","Viewport-bounded internal scroll with focus containment and body-lock restoration.","Do not cover headings or critical controls.","NO_ACCIDENTAL_HORIZONTAL_DOCUMENT_OVERFLOW","DOCUMENT_OR_EXPLICIT_NAMED_REGION","GOVERNED_TARGET_SIZE","HP-P6-EV-051-community-moderation-standard-desktop","PASSED"
"screen-page-community-moderation","route-page-community-moderation","HIGH","MODERN_MOBILE","390x844","SINGLE_COLUMN_OR_GOVERNED_DRAWER","PUBLIC_STANDARD","Visible, keyboard and touch operable, with contextual exit retained.","ONE","No unreadable slivers; stacks or intentional shelf affordance.","Labels, descriptions, validation, and actions remain visible.","Governed responsive list or intentional scroll container.","Viewport-bounded internal scroll with focus containment and body-lock restoration.","Do not cover headings or critical controls.","NO_ACCIDENTAL_HORIZONTAL_DOCUMENT_OVERFLOW","DOCUMENT_OR_EXPLICIT_NAMED_REGION","GOVERNED_TARGET_SIZE","HP-P6-EV-052-community-moderation-modern-mobile","PASSED"
"screen-page-community-moderation","route-page-community-moderation","HIGH","NARROW_MOBILE","320x568","SINGLE_COLUMN_OR_GOVERNED_DRAWER","PUBLIC_STANDARD","Visible, keyboard and touch operable, with contextual exit retained.","ONE","No unreadable slivers; stacks or intentional shelf affordance.","Labels, descriptions, validation, and actions remain visible.","Governed responsive list or intentional scroll container.","Viewport-bounded internal scroll with focus containment and body-lock restoration.","Do not cover headings or critical controls.","NO_ACCIDENTAL_HORIZONTAL_DOCUMENT_OVERFLOW","DOCUMENT_OR_EXPLICIT_NAMED_REGION","GOVERNED_TARGET_SIZE","HP-P6-EV-052-community-moderation-modern-mobile","PASSED"
"screen-page-community-moderation","route-page-community-moderation","HIGH","EFFECTIVE_200_PERCENT","720x450","SINGLE_COLUMN_OR_GOVERNED_DRAWER","PUBLIC_STANDARD","Visible, keyboard and touch operable, with contextual exit retained.","ONE","No unreadable slivers; stacks or intentional shelf affordance.","Labels, descriptions, validation, and actions remain visible.","Governed responsive list or intentional scroll container.","Viewport-bounded internal scroll with focus containment and body-lock restoration.","Do not cover headings or critical controls.","NO_ACCIDENTAL_HORIZONTAL_DOCUMENT_OVERFLOW","DOCUMENT_OR_EXPLICIT_NAMED_REGION","GOVERNED_TARGET_SIZE","","PASSED"
"screen-page-forgot-password","route-page-forgot-password","HIGH","LARGE_DESKTOP","1600x1000","GOVERNED_DESKTOP_OR_TABLET","AUTHENTICATION","Visible, keyboard and touch operable, with contextual exit retained.","ONE_TO_THREE_BY_SURFACE","No unreadable slivers; stacks or intentional shelf affordance.","Labels, descriptions, validation, and actions remain visible.","Governed responsive list or intentional scroll container.","Viewport-bounded internal scroll with focus containment and body-lock restoration.","Do not cover headings or critical controls.","NO_ACCIDENTAL_HORIZONTAL_DOCUMENT_OVERFLOW","DOCUMENT_OR_EXPLICIT_NAMED_REGION","GOVERNED_TARGET_SIZE","HP-P6-EV-027-forgot-password-standard-desktop","PASSED"
"screen-page-forgot-password","route-page-forgot-password","HIGH","STANDARD_DESKTOP","1440x900","GOVERNED_DESKTOP_OR_TABLET","AUTHENTICATION","Visible, keyboard and touch operable, with contextual exit retained.","ONE_TO_THREE_BY_SURFACE","No unreadable slivers; stacks or intentional shelf affordance.","Labels, descriptions, validation, and actions remain visible.","Governed responsive list or intentional scroll container.","Viewport-bounded internal scroll with focus containment and body-lock restoration.","Do not cover headings or critical controls.","NO_ACCIDENTAL_HORIZONTAL_DOCUMENT_OVERFLOW","DOCUMENT_OR_EXPLICIT_NAMED_REGION","GOVERNED_TARGET_SIZE","HP-P6-EV-027-forgot-password-standard-desktop","PASSED"
"screen-page-forgot-password","route-page-forgot-password","HIGH","COMPACT_DESKTOP","1280x720","GOVERNED_DESKTOP_OR_TABLET","AUTHENTICATION","Visible, keyboard and touch operable, with contextual exit retained.","ONE_TO_THREE_BY_SURFACE","No unreadable slivers; stacks or intentional shelf affordance.","Labels, descriptions, validation, and actions remain visible.","Governed responsive list or intentional scroll container.","Viewport-bounded internal scroll with focus containment and body-lock restoration.","Do not cover headings or critical controls.","NO_ACCIDENTAL_HORIZONTAL_DOCUMENT_OVERFLOW","DOCUMENT_OR_EXPLICIT_NAMED_REGION","GOVERNED_TARGET_SIZE","HP-P6-EV-027-forgot-password-standard-desktop","PASSED"
"screen-page-forgot-password","route-page-forgot-password","HIGH","TABLET_LANDSCAPE","1024x768","GOVERNED_DESKTOP_OR_TABLET","AUTHENTICATION","Visible, keyboard and touch operable, with contextual exit retained.","ONE_TO_THREE_BY_SURFACE","No unreadable slivers; stacks or intentional shelf affordance.","Labels, descriptions, validation, and actions remain visible.","Governed responsive list or intentional scroll container.","Viewport-bounded internal scroll with focus containment and body-lock restoration.","Do not cover headings or critical controls.","NO_ACCIDENTAL_HORIZONTAL_DOCUMENT_OVERFLOW","DOCUMENT_OR_EXPLICIT_NAMED_REGION","GOVERNED_TARGET_SIZE","HP-P6-EV-027-forgot-password-standard-desktop","PASSED"
"screen-page-forgot-password","route-page-forgot-password","HIGH","TABLET_PORTRAIT","768x1024","SINGLE_COLUMN_OR_GOVERNED_DRAWER","AUTHENTICATION","Visible, keyboard and touch operable, with contextual exit retained.","ONE","No unreadable slivers; stacks or intentional shelf affordance.","Labels, descriptions, validation, and actions remain visible.","Governed responsive list or intentional scroll container.","Viewport-bounded internal scroll with focus containment and body-lock restoration.","Do not cover headings or critical controls.","NO_ACCIDENTAL_HORIZONTAL_DOCUMENT_OVERFLOW","DOCUMENT_OR_EXPLICIT_NAMED_REGION","GOVERNED_TARGET_SIZE","HP-P6-EV-027-forgot-password-standard-desktop","PASSED"
"screen-page-forgot-password","route-page-forgot-password","HIGH","MODERN_MOBILE","390x844","SINGLE_COLUMN_OR_GOVERNED_DRAWER","AUTHENTICATION","Visible, keyboard and touch operable, with contextual exit retained.","ONE","No unreadable slivers; stacks or intentional shelf affordance.","Labels, descriptions, validation, and actions remain visible.","Governed responsive list or intentional scroll container.","Viewport-bounded internal scroll with focus containment and body-lock restoration.","Do not cover headings or critical controls.","NO_ACCIDENTAL_HORIZONTAL_DOCUMENT_OVERFLOW","DOCUMENT_OR_EXPLICIT_NAMED_REGION","GOVERNED_TARGET_SIZE","HP-P6-EV-028-forgot-password-modern-mobile","PASSED"
"screen-page-forgot-password","route-page-forgot-password","HIGH","NARROW_MOBILE","320x568","SINGLE_COLUMN_OR_GOVERNED_DRAWER","AUTHENTICATION","Visible, keyboard and touch operable, with contextual exit retained.","ONE","No unreadable slivers; stacks or intentional shelf affordance.","Labels, descriptions, validation, and actions remain visible.","Governed responsive list or intentional scroll container.","Viewport-bounded internal scroll with focus containment and body-lock restoration.","Do not cover headings or critical controls.","NO_ACCIDENTAL_HORIZONTAL_DOCUMENT_OVERFLOW","DOCUMENT_OR_EXPLICIT_NAMED_REGION","GOVERNED_TARGET_SIZE","HP-P6-EV-028-forgot-password-modern-mobile","PASSED"
"screen-page-forgot-password","route-page-forgot-password","HIGH","EFFECTIVE_200_PERCENT","720x450","SINGLE_COLUMN_OR_GOVERNED_DRAWER","AUTHENTICATION","Visible, keyboard and touch operable, with contextual exit retained.","ONE","No unreadable slivers; stacks or intentional shelf affordance.","Labels, descriptions, validation, and actions remain visible.","Governed responsive list or intentional scroll container.","Viewport-bounded internal scroll with focus containment and body-lock restoration.","Do not cover headings or critical controls.","NO_ACCIDENTAL_HORIZONTAL_DOCUMENT_OVERFLOW","DOCUMENT_OR_EXPLICIT_NAMED_REGION","GOVERNED_TARGET_SIZE","","PASSED"
"screen-page-passport","route-page-passport","CRITICAL","LARGE_DESKTOP","1600x1000","GOVERNED_DESKTOP_OR_TABLET","WORKSPACE_STANDARD","Visible, keyboard and touch operable, with contextual exit retained.","ONE_TO_THREE_BY_SURFACE","No unreadable slivers; stacks or intentional shelf affordance.","Labels, descriptions, validation, and actions remain visible.","Governed responsive list or intentional scroll container.","Viewport-bounded internal scroll with focus containment and body-lock restoration.","Do not cover headings or critical controls.","NO_ACCIDENTAL_HORIZONTAL_DOCUMENT_OVERFLOW","DOCUMENT_OR_EXPLICIT_NAMED_REGION","GOVERNED_TARGET_SIZE","HP-P6-EV-015-passport-standard-desktop;HP-P6-EV-087-passport-compact-desktop","PASSED"
"screen-page-passport","route-page-passport","CRITICAL","STANDARD_DESKTOP","1440x900","GOVERNED_DESKTOP_OR_TABLET","WORKSPACE_STANDARD","Visible, keyboard and touch operable, with contextual exit retained.","ONE_TO_THREE_BY_SURFACE","No unreadable slivers; stacks or intentional shelf affordance.","Labels, descriptions, validation, and actions remain visible.","Governed responsive list or intentional scroll container.","Viewport-bounded internal scroll with focus containment and body-lock restoration.","Do not cover headings or critical controls.","NO_ACCIDENTAL_HORIZONTAL_DOCUMENT_OVERFLOW","DOCUMENT_OR_EXPLICIT_NAMED_REGION","GOVERNED_TARGET_SIZE","HP-P6-EV-015-passport-standard-desktop;HP-P6-EV-087-passport-compact-desktop","PASSED"
"screen-page-passport","route-page-passport","CRITICAL","COMPACT_DESKTOP","1280x720","GOVERNED_DESKTOP_OR_TABLET","WORKSPACE_STANDARD","Visible, keyboard and touch operable, with contextual exit retained.","ONE_TO_THREE_BY_SURFACE","No unreadable slivers; stacks or intentional shelf affordance.","Labels, descriptions, validation, and actions remain visible.","Governed responsive list or intentional scroll container.","Viewport-bounded internal scroll with focus containment and body-lock restoration.","Do not cover headings or critical controls.","NO_ACCIDENTAL_HORIZONTAL_DOCUMENT_OVERFLOW","DOCUMENT_OR_EXPLICIT_NAMED_REGION","GOVERNED_TARGET_SIZE","HP-P6-EV-015-passport-standard-desktop;HP-P6-EV-087-passport-compact-desktop","PASSED"
"screen-page-passport","route-page-passport","CRITICAL","TABLET_LANDSCAPE","1024x768","GOVERNED_DESKTOP_OR_TABLET","WORKSPACE_STANDARD","Visible, keyboard and touch operable, with contextual exit retained.","ONE_TO_THREE_BY_SURFACE","No unreadable slivers; stacks or intentional shelf affordance.","Labels, descriptions, validation, and actions remain visible.","Governed responsive list or intentional scroll container.","Viewport-bounded internal scroll with focus containment and body-lock restoration.","Do not cover headings or critical controls.","NO_ACCIDENTAL_HORIZONTAL_DOCUMENT_OVERFLOW","DOCUMENT_OR_EXPLICIT_NAMED_REGION","GOVERNED_TARGET_SIZE","HP-P6-EV-015-passport-standard-desktop;HP-P6-EV-087-passport-compact-desktop","PASSED"
"screen-page-passport","route-page-passport","CRITICAL","TABLET_PORTRAIT","768x1024","SINGLE_COLUMN_OR_GOVERNED_DRAWER","WORKSPACE_STANDARD","Visible, keyboard and touch operable, with contextual exit retained.","ONE","No unreadable slivers; stacks or intentional shelf affordance.","Labels, descriptions, validation, and actions remain visible.","Governed responsive list or intentional scroll container.","Viewport-bounded internal scroll with focus containment and body-lock restoration.","Do not cover headings or critical controls.","NO_ACCIDENTAL_HORIZONTAL_DOCUMENT_OVERFLOW","DOCUMENT_OR_EXPLICIT_NAMED_REGION","GOVERNED_TARGET_SIZE","HP-P6-EV-015-passport-standard-desktop;HP-P6-EV-087-passport-compact-desktop","PASSED"
"screen-page-passport","route-page-passport","CRITICAL","MODERN_MOBILE","390x844","SINGLE_COLUMN_OR_GOVERNED_DRAWER","WORKSPACE_STANDARD","Visible, keyboard and touch operable, with contextual exit retained.","ONE","No unreadable slivers; stacks or intentional shelf affordance.","Labels, descriptions, validation, and actions remain visible.","Governed responsive list or intentional scroll container.","Viewport-bounded internal scroll with focus containment and body-lock restoration.","Do not cover headings or critical controls.","NO_ACCIDENTAL_HORIZONTAL_DOCUMENT_OVERFLOW","DOCUMENT_OR_EXPLICIT_NAMED_REGION","GOVERNED_TARGET_SIZE","HP-P6-EV-016-passport-modern-mobile;HP-P6-EV-090-passport-narrow-mobile","PASSED"
"screen-page-passport","route-page-passport","CRITICAL","NARROW_MOBILE","320x568","SINGLE_COLUMN_OR_GOVERNED_DRAWER","WORKSPACE_STANDARD","Visible, keyboard and touch operable, with contextual exit retained.","ONE","No unreadable slivers; stacks or intentional shelf affordance.","Labels, descriptions, validation, and actions remain visible.","Governed responsive list or intentional scroll container.","Viewport-bounded internal scroll with focus containment and body-lock restoration.","Do not cover headings or critical controls.","NO_ACCIDENTAL_HORIZONTAL_DOCUMENT_OVERFLOW","DOCUMENT_OR_EXPLICIT_NAMED_REGION","GOVERNED_TARGET_SIZE","HP-P6-EV-016-passport-modern-mobile;HP-P6-EV-090-passport-narrow-mobile","PASSED"
"screen-page-passport","route-page-passport","CRITICAL","EFFECTIVE_200_PERCENT","720x450","SINGLE_COLUMN_OR_GOVERNED_DRAWER","WORKSPACE_STANDARD","Visible, keyboard and touch operable, with contextual exit retained.","ONE","No unreadable slivers; stacks or intentional shelf affordance.","Labels, descriptions, validation, and actions remain visible.","Governed responsive list or intentional scroll container.","Viewport-bounded internal scroll with focus containment and body-lock restoration.","Do not cover headings or critical controls.","NO_ACCIDENTAL_HORIZONTAL_DOCUMENT_OVERFLOW","DOCUMENT_OR_EXPLICIT_NAMED_REGION","GOVERNED_TARGET_SIZE","","PASSED"
"screen-page-passport-artifacts","route-page-passport-artifacts","HIGH","LARGE_DESKTOP","1600x1000","GOVERNED_DESKTOP_OR_TABLET","WORKSPACE_STANDARD","Visible, keyboard and touch operable, with contextual exit retained.","ONE_TO_THREE_BY_SURFACE","No unreadable slivers; stacks or intentional shelf affordance.","Labels, descriptions, validation, and actions remain visible.","Governed responsive list or intentional scroll container.","Viewport-bounded internal scroll with focus containment and body-lock restoration.","Do not cover headings or critical controls.","NO_ACCIDENTAL_HORIZONTAL_DOCUMENT_OVERFLOW","DOCUMENT_OR_EXPLICIT_NAMED_REGION","GOVERNED_TARGET_SIZE","HP-P6-EV-041-passport-artifacts-standard-desktop","PASSED"
"screen-page-passport-artifacts","route-page-passport-artifacts","HIGH","STANDARD_DESKTOP","1440x900","GOVERNED_DESKTOP_OR_TABLET","WORKSPACE_STANDARD","Visible, keyboard and touch operable, with contextual exit retained.","ONE_TO_THREE_BY_SURFACE","No unreadable slivers; stacks or intentional shelf affordance.","Labels, descriptions, validation, and actions remain visible.","Governed responsive list or intentional scroll container.","Viewport-bounded internal scroll with focus containment and body-lock restoration.","Do not cover headings or critical controls.","NO_ACCIDENTAL_HORIZONTAL_DOCUMENT_OVERFLOW","DOCUMENT_OR_EXPLICIT_NAMED_REGION","GOVERNED_TARGET_SIZE","HP-P6-EV-041-passport-artifacts-standard-desktop","PASSED"
"screen-page-passport-artifacts","route-page-passport-artifacts","HIGH","COMPACT_DESKTOP","1280x720","GOVERNED_DESKTOP_OR_TABLET","WORKSPACE_STANDARD","Visible, keyboard and touch operable, with contextual exit retained.","ONE_TO_THREE_BY_SURFACE","No unreadable slivers; stacks or intentional shelf affordance.","Labels, descriptions, validation, and actions remain visible.","Governed responsive list or intentional scroll container.","Viewport-bounded internal scroll with focus containment and body-lock restoration.","Do not cover headings or critical controls.","NO_ACCIDENTAL_HORIZONTAL_DOCUMENT_OVERFLOW","DOCUMENT_OR_EXPLICIT_NAMED_REGION","GOVERNED_TARGET_SIZE","HP-P6-EV-041-passport-artifacts-standard-desktop","PASSED"
"screen-page-passport-artifacts","route-page-passport-artifacts","HIGH","TABLET_LANDSCAPE","1024x768","GOVERNED_DESKTOP_OR_TABLET","WORKSPACE_STANDARD","Visible, keyboard and touch operable, with contextual exit retained.","ONE_TO_THREE_BY_SURFACE","No unreadable slivers; stacks or intentional shelf affordance.","Labels, descriptions, validation, and actions remain visible.","Governed responsive list or intentional scroll container.","Viewport-bounded internal scroll with focus containment and body-lock restoration.","Do not cover headings or critical controls.","NO_ACCIDENTAL_HORIZONTAL_DOCUMENT_OVERFLOW","DOCUMENT_OR_EXPLICIT_NAMED_REGION","GOVERNED_TARGET_SIZE","HP-P6-EV-041-passport-artifacts-standard-desktop","PASSED"
"screen-page-passport-artifacts","route-page-passport-artifacts","HIGH","TABLET_PORTRAIT","768x1024","SINGLE_COLUMN_OR_GOVERNED_DRAWER","WORKSPACE_STANDARD","Visible, keyboard and touch operable, with contextual exit retained.","ONE","No unreadable slivers; stacks or intentional shelf affordance.","Labels, descriptions, validation, and actions remain visible.","Governed responsive list or intentional scroll container.","Viewport-bounded internal scroll with focus containment and body-lock restoration.","Do not cover headings or critical controls.","NO_ACCIDENTAL_HORIZONTAL_DOCUMENT_OVERFLOW","DOCUMENT_OR_EXPLICIT_NAMED_REGION","GOVERNED_TARGET_SIZE","HP-P6-EV-041-passport-artifacts-standard-desktop","PASSED"
"screen-page-passport-artifacts","route-page-passport-artifacts","HIGH","MODERN_MOBILE","390x844","SINGLE_COLUMN_OR_GOVERNED_DRAWER","WORKSPACE_STANDARD","Visible, keyboard and touch operable, with contextual exit retained.","ONE","No unreadable slivers; stacks or intentional shelf affordance.","Labels, descriptions, validation, and actions remain visible.","Governed responsive list or intentional scroll container.","Viewport-bounded internal scroll with focus containment and body-lock restoration.","Do not cover headings or critical controls.","NO_ACCIDENTAL_HORIZONTAL_DOCUMENT_OVERFLOW","DOCUMENT_OR_EXPLICIT_NAMED_REGION","GOVERNED_TARGET_SIZE","HP-P6-EV-042-passport-artifacts-modern-mobile","PASSED"
"screen-page-passport-artifacts","route-page-passport-artifacts","HIGH","NARROW_MOBILE","320x568","SINGLE_COLUMN_OR_GOVERNED_DRAWER","WORKSPACE_STANDARD","Visible, keyboard and touch operable, with contextual exit retained.","ONE","No unreadable slivers; stacks or intentional shelf affordance.","Labels, descriptions, validation, and actions remain visible.","Governed responsive list or intentional scroll container.","Viewport-bounded internal scroll with focus containment and body-lock restoration.","Do not cover headings or critical controls.","NO_ACCIDENTAL_HORIZONTAL_DOCUMENT_OVERFLOW","DOCUMENT_OR_EXPLICIT_NAMED_REGION","GOVERNED_TARGET_SIZE","HP-P6-EV-042-passport-artifacts-modern-mobile","PASSED"
"screen-page-passport-artifacts","route-page-passport-artifacts","HIGH","EFFECTIVE_200_PERCENT","720x450","SINGLE_COLUMN_OR_GOVERNED_DRAWER","WORKSPACE_STANDARD","Visible, keyboard and touch operable, with contextual exit retained.","ONE","No unreadable slivers; stacks or intentional shelf affordance.","Labels, descriptions, validation, and actions remain visible.","Governed responsive list or intentional scroll container.","Viewport-bounded internal scroll with focus containment and body-lock restoration.","Do not cover headings or critical controls.","NO_ACCIDENTAL_HORIZONTAL_DOCUMENT_OVERFLOW","DOCUMENT_OR_EXPLICIT_NAMED_REGION","GOVERNED_TARGET_SIZE","","PASSED"
"screen-page-passport-artifacts-[artifactId]","route-page-passport-artifacts-[artifactId]","HIGH","LARGE_DESKTOP","1600x1000","GOVERNED_DESKTOP_OR_TABLET","WORKSPACE_STANDARD","Visible, keyboard and touch operable, with contextual exit retained.","ONE_TO_THREE_BY_SURFACE","No unreadable slivers; stacks or intentional shelf affordance.","Labels, descriptions, validation, and actions remain visible.","Governed responsive list or intentional scroll container.","Viewport-bounded internal scroll with focus containment and body-lock restoration.","Do not cover headings or critical controls.","NO_ACCIDENTAL_HORIZONTAL_DOCUMENT_OVERFLOW","DOCUMENT_OR_EXPLICIT_NAMED_REGION","GOVERNED_TARGET_SIZE","HP-P6-EV-043-passport-artifacts-artifact-d--standard-desktop","PASSED"
"screen-page-passport-artifacts-[artifactId]","route-page-passport-artifacts-[artifactId]","HIGH","STANDARD_DESKTOP","1440x900","GOVERNED_DESKTOP_OR_TABLET","WORKSPACE_STANDARD","Visible, keyboard and touch operable, with contextual exit retained.","ONE_TO_THREE_BY_SURFACE","No unreadable slivers; stacks or intentional shelf affordance.","Labels, descriptions, validation, and actions remain visible.","Governed responsive list or intentional scroll container.","Viewport-bounded internal scroll with focus containment and body-lock restoration.","Do not cover headings or critical controls.","NO_ACCIDENTAL_HORIZONTAL_DOCUMENT_OVERFLOW","DOCUMENT_OR_EXPLICIT_NAMED_REGION","GOVERNED_TARGET_SIZE","HP-P6-EV-043-passport-artifacts-artifact-d--standard-desktop","PASSED"
"screen-page-passport-artifacts-[artifactId]","route-page-passport-artifacts-[artifactId]","HIGH","COMPACT_DESKTOP","1280x720","GOVERNED_DESKTOP_OR_TABLET","WORKSPACE_STANDARD","Visible, keyboard and touch operable, with contextual exit retained.","ONE_TO_THREE_BY_SURFACE","No unreadable slivers; stacks or intentional shelf affordance.","Labels, descriptions, validation, and actions remain visible.","Governed responsive list or intentional scroll container.","Viewport-bounded internal scroll with focus containment and body-lock restoration.","Do not cover headings or critical controls.","NO_ACCIDENTAL_HORIZONTAL_DOCUMENT_OVERFLOW","DOCUMENT_OR_EXPLICIT_NAMED_REGION","GOVERNED_TARGET_SIZE","HP-P6-EV-043-passport-artifacts-artifact-d--standard-desktop","PASSED"
"screen-page-passport-artifacts-[artifactId]","route-page-passport-artifacts-[artifactId]","HIGH","TABLET_LANDSCAPE","1024x768","GOVERNED_DESKTOP_OR_TABLET","WORKSPACE_STANDARD","Visible, keyboard and touch operable, with contextual exit retained.","ONE_TO_THREE_BY_SURFACE","No unreadable slivers; stacks or intentional shelf affordance.","Labels, descriptions, validation, and actions remain visible.","Governed responsive list or intentional scroll container.","Viewport-bounded internal scroll with focus containment and body-lock restoration.","Do not cover headings or critical controls.","NO_ACCIDENTAL_HORIZONTAL_DOCUMENT_OVERFLOW","DOCUMENT_OR_EXPLICIT_NAMED_REGION","GOVERNED_TARGET_SIZE","HP-P6-EV-043-passport-artifacts-artifact-d--standard-desktop","PASSED"
"screen-page-passport-artifacts-[artifactId]","route-page-passport-artifacts-[artifactId]","HIGH","TABLET_PORTRAIT","768x1024","SINGLE_COLUMN_OR_GOVERNED_DRAWER","WORKSPACE_STANDARD","Visible, keyboard and touch operable, with contextual exit retained.","ONE","No unreadable slivers; stacks or intentional shelf affordance.","Labels, descriptions, validation, and actions remain visible.","Governed responsive list or intentional scroll container.","Viewport-bounded internal scroll with focus containment and body-lock restoration.","Do not cover headings or critical controls.","NO_ACCIDENTAL_HORIZONTAL_DOCUMENT_OVERFLOW","DOCUMENT_OR_EXPLICIT_NAMED_REGION","GOVERNED_TARGET_SIZE","HP-P6-EV-043-passport-artifacts-artifact-d--standard-desktop","PASSED"
"screen-page-passport-artifacts-[artifactId]","route-page-passport-artifacts-[artifactId]","HIGH","MODERN_MOBILE","390x844","SINGLE_COLUMN_OR_GOVERNED_DRAWER","WORKSPACE_STANDARD","Visible, keyboard and touch operable, with contextual exit retained.","ONE","No unreadable slivers; stacks or intentional shelf affordance.","Labels, descriptions, validation, and actions remain visible.","Governed responsive list or intentional scroll container.","Viewport-bounded internal scroll with focus containment and body-lock restoration.","Do not cover headings or critical controls.","NO_ACCIDENTAL_HORIZONTAL_DOCUMENT_OVERFLOW","DOCUMENT_OR_EXPLICIT_NAMED_REGION","GOVERNED_TARGET_SIZE","HP-P6-EV-044-passport-artifacts-artifact-d--modern-mobile","PASSED"
"screen-page-passport-artifacts-[artifactId]","route-page-passport-artifacts-[artifactId]","HIGH","NARROW_MOBILE","320x568","SINGLE_COLUMN_OR_GOVERNED_DRAWER","WORKSPACE_STANDARD","Visible, keyboard and touch operable, with contextual exit retained.","ONE","No unreadable slivers; stacks or intentional shelf affordance.","Labels, descriptions, validation, and actions remain visible.","Governed responsive list or intentional scroll container.","Viewport-bounded internal scroll with focus containment and body-lock restoration.","Do not cover headings or critical controls.","NO_ACCIDENTAL_HORIZONTAL_DOCUMENT_OVERFLOW","DOCUMENT_OR_EXPLICIT_NAMED_REGION","GOVERNED_TARGET_SIZE","HP-P6-EV-044-passport-artifacts-artifact-d--modern-mobile","PASSED"
"screen-page-passport-artifacts-[artifactId]","route-page-passport-artifacts-[artifactId]","HIGH","EFFECTIVE_200_PERCENT","720x450","SINGLE_COLUMN_OR_GOVERNED_DRAWER","WORKSPACE_STANDARD","Visible, keyboard and touch operable, with contextual exit retained.","ONE","No unreadable slivers; stacks or intentional shelf affordance.","Labels, descriptions, validation, and actions remain visible.","Governed responsive list or intentional scroll container.","Viewport-bounded internal scroll with focus containment and body-lock restoration.","Do not cover headings or critical controls.","NO_ACCIDENTAL_HORIZONTAL_DOCUMENT_OVERFLOW","DOCUMENT_OR_EXPLICIT_NAMED_REGION","GOVERNED_TARGET_SIZE","","PASSED"
"screen-page-passport-history","route-page-passport-history","HIGH","LARGE_DESKTOP","1600x1000","GOVERNED_DESKTOP_OR_TABLET","WORKSPACE_STANDARD","Visible, keyboard and touch operable, with contextual exit retained.","ONE_TO_THREE_BY_SURFACE","No unreadable slivers; stacks or intentional shelf affordance.","Labels, descriptions, validation, and actions remain visible.","Governed responsive list or intentional scroll container.","Viewport-bounded internal scroll with focus containment and body-lock restoration.","Do not cover headings or critical controls.","NO_ACCIDENTAL_HORIZONTAL_DOCUMENT_OVERFLOW","DOCUMENT_OR_EXPLICIT_NAMED_REGION","GOVERNED_TARGET_SIZE","HP-P6-EV-037-passport-history-standard-desktop","PASSED"
"screen-page-passport-history","route-page-passport-history","HIGH","STANDARD_DESKTOP","1440x900","GOVERNED_DESKTOP_OR_TABLET","WORKSPACE_STANDARD","Visible, keyboard and touch operable, with contextual exit retained.","ONE_TO_THREE_BY_SURFACE","No unreadable slivers; stacks or intentional shelf affordance.","Labels, descriptions, validation, and actions remain visible.","Governed responsive list or intentional scroll container.","Viewport-bounded internal scroll with focus containment and body-lock restoration.","Do not cover headings or critical controls.","NO_ACCIDENTAL_HORIZONTAL_DOCUMENT_OVERFLOW","DOCUMENT_OR_EXPLICIT_NAMED_REGION","GOVERNED_TARGET_SIZE","HP-P6-EV-037-passport-history-standard-desktop","PASSED"
"screen-page-passport-history","route-page-passport-history","HIGH","COMPACT_DESKTOP","1280x720","GOVERNED_DESKTOP_OR_TABLET","WORKSPACE_STANDARD","Visible, keyboard and touch operable, with contextual exit retained.","ONE_TO_THREE_BY_SURFACE","No unreadable slivers; stacks or intentional shelf affordance.","Labels, descriptions, validation, and actions remain visible.","Governed responsive list or intentional scroll container.","Viewport-bounded internal scroll with focus containment and body-lock restoration.","Do not cover headings or critical controls.","NO_ACCIDENTAL_HORIZONTAL_DOCUMENT_OVERFLOW","DOCUMENT_OR_EXPLICIT_NAMED_REGION","GOVERNED_TARGET_SIZE","HP-P6-EV-037-passport-history-standard-desktop","PASSED"
"screen-page-passport-history","route-page-passport-history","HIGH","TABLET_LANDSCAPE","1024x768","GOVERNED_DESKTOP_OR_TABLET","WORKSPACE_STANDARD","Visible, keyboard and touch operable, with contextual exit retained.","ONE_TO_THREE_BY_SURFACE","No unreadable slivers; stacks or intentional shelf affordance.","Labels, descriptions, validation, and actions remain visible.","Governed responsive list or intentional scroll container.","Viewport-bounded internal scroll with focus containment and body-lock restoration.","Do not cover headings or critical controls.","NO_ACCIDENTAL_HORIZONTAL_DOCUMENT_OVERFLOW","DOCUMENT_OR_EXPLICIT_NAMED_REGION","GOVERNED_TARGET_SIZE","HP-P6-EV-037-passport-history-standard-desktop","PASSED"
"screen-page-passport-history","route-page-passport-history","HIGH","TABLET_PORTRAIT","768x1024","SINGLE_COLUMN_OR_GOVERNED_DRAWER","WORKSPACE_STANDARD","Visible, keyboard and touch operable, with contextual exit retained.","ONE","No unreadable slivers; stacks or intentional shelf affordance.","Labels, descriptions, validation, and actions remain visible.","Governed responsive list or intentional scroll container.","Viewport-bounded internal scroll with focus containment and body-lock restoration.","Do not cover headings or critical controls.","NO_ACCIDENTAL_HORIZONTAL_DOCUMENT_OVERFLOW","DOCUMENT_OR_EXPLICIT_NAMED_REGION","GOVERNED_TARGET_SIZE","HP-P6-EV-037-passport-history-standard-desktop","PASSED"
"screen-page-passport-history","route-page-passport-history","HIGH","MODERN_MOBILE","390x844","SINGLE_COLUMN_OR_GOVERNED_DRAWER","WORKSPACE_STANDARD","Visible, keyboard and touch operable, with contextual exit retained.","ONE","No unreadable slivers; stacks or intentional shelf affordance.","Labels, descriptions, validation, and actions remain visible.","Governed responsive list or intentional scroll container.","Viewport-bounded internal scroll with focus containment and body-lock restoration.","Do not cover headings or critical controls.","NO_ACCIDENTAL_HORIZONTAL_DOCUMENT_OVERFLOW","DOCUMENT_OR_EXPLICIT_NAMED_REGION","GOVERNED_TARGET_SIZE","HP-P6-EV-038-passport-history-modern-mobile","PASSED"
"screen-page-passport-history","route-page-passport-history","HIGH","NARROW_MOBILE","320x568","SINGLE_COLUMN_OR_GOVERNED_DRAWER","WORKSPACE_STANDARD","Visible, keyboard and touch operable, with contextual exit retained.","ONE","No unreadable slivers; stacks or intentional shelf affordance.","Labels, descriptions, validation, and actions remain visible.","Governed responsive list or intentional scroll container.","Viewport-bounded internal scroll with focus containment and body-lock restoration.","Do not cover headings or critical controls.","NO_ACCIDENTAL_HORIZONTAL_DOCUMENT_OVERFLOW","DOCUMENT_OR_EXPLICIT_NAMED_REGION","GOVERNED_TARGET_SIZE","HP-P6-EV-038-passport-history-modern-mobile","PASSED"
"screen-page-passport-history","route-page-passport-history","HIGH","EFFECTIVE_200_PERCENT","720x450","SINGLE_COLUMN_OR_GOVERNED_DRAWER","WORKSPACE_STANDARD","Visible, keyboard and touch operable, with contextual exit retained.","ONE","No unreadable slivers; stacks or intentional shelf affordance.","Labels, descriptions, validation, and actions remain visible.","Governed responsive list or intentional scroll container.","Viewport-bounded internal scroll with focus containment and body-lock restoration.","Do not cover headings or critical controls.","NO_ACCIDENTAL_HORIZONTAL_DOCUMENT_OVERFLOW","DOCUMENT_OR_EXPLICIT_NAMED_REGION","GOVERNED_TARGET_SIZE","","PASSED"
"screen-page-passport-history-[recordId]","route-page-passport-history-[recordId]","HIGH","LARGE_DESKTOP","1600x1000","GOVERNED_DESKTOP_OR_TABLET","WORKSPACE_STANDARD","Visible, keyboard and touch operable, with contextual exit retained.","ONE_TO_THREE_BY_SURFACE","No unreadable slivers; stacks or intentional shelf affordance.","Labels, descriptions, validation, and actions remain visible.","Governed responsive list or intentional scroll container.","Viewport-bounded internal scroll with focus containment and body-lock restoration.","Do not cover headings or critical controls.","NO_ACCIDENTAL_HORIZONTAL_DOCUMENT_OVERFLOW","DOCUMENT_OR_EXPLICIT_NAMED_REGION","GOVERNED_TARGET_SIZE","HP-P6-EV-039-passport-history-record-d--standard-desktop","PASSED"
"screen-page-passport-history-[recordId]","route-page-passport-history-[recordId]","HIGH","STANDARD_DESKTOP","1440x900","GOVERNED_DESKTOP_OR_TABLET","WORKSPACE_STANDARD","Visible, keyboard and touch operable, with contextual exit retained.","ONE_TO_THREE_BY_SURFACE","No unreadable slivers; stacks or intentional shelf affordance.","Labels, descriptions, validation, and actions remain visible.","Governed responsive list or intentional scroll container.","Viewport-bounded internal scroll with focus containment and body-lock restoration.","Do not cover headings or critical controls.","NO_ACCIDENTAL_HORIZONTAL_DOCUMENT_OVERFLOW","DOCUMENT_OR_EXPLICIT_NAMED_REGION","GOVERNED_TARGET_SIZE","HP-P6-EV-039-passport-history-record-d--standard-desktop","PASSED"
"screen-page-passport-history-[recordId]","route-page-passport-history-[recordId]","HIGH","COMPACT_DESKTOP","1280x720","GOVERNED_DESKTOP_OR_TABLET","WORKSPACE_STANDARD","Visible, keyboard and touch operable, with contextual exit retained.","ONE_TO_THREE_BY_SURFACE","No unreadable slivers; stacks or intentional shelf affordance.","Labels, descriptions, validation, and actions remain visible.","Governed responsive list or intentional scroll container.","Viewport-bounded internal scroll with focus containment and body-lock restoration.","Do not cover headings or critical controls.","NO_ACCIDENTAL_HORIZONTAL_DOCUMENT_OVERFLOW","DOCUMENT_OR_EXPLICIT_NAMED_REGION","GOVERNED_TARGET_SIZE","HP-P6-EV-039-passport-history-record-d--standard-desktop","PASSED"
"screen-page-passport-history-[recordId]","route-page-passport-history-[recordId]","HIGH","TABLET_LANDSCAPE","1024x768","GOVERNED_DESKTOP_OR_TABLET","WORKSPACE_STANDARD","Visible, keyboard and touch operable, with contextual exit retained.","ONE_TO_THREE_BY_SURFACE","No unreadable slivers; stacks or intentional shelf affordance.","Labels, descriptions, validation, and actions remain visible.","Governed responsive list or intentional scroll container.","Viewport-bounded internal scroll with focus containment and body-lock restoration.","Do not cover headings or critical controls.","NO_ACCIDENTAL_HORIZONTAL_DOCUMENT_OVERFLOW","DOCUMENT_OR_EXPLICIT_NAMED_REGION","GOVERNED_TARGET_SIZE","HP-P6-EV-039-passport-history-record-d--standard-desktop","PASSED"
"screen-page-passport-history-[recordId]","route-page-passport-history-[recordId]","HIGH","TABLET_PORTRAIT","768x1024","SINGLE_COLUMN_OR_GOVERNED_DRAWER","WORKSPACE_STANDARD","Visible, keyboard and touch operable, with contextual exit retained.","ONE","No unreadable slivers; stacks or intentional shelf affordance.","Labels, descriptions, validation, and actions remain visible.","Governed responsive list or intentional scroll container.","Viewport-bounded internal scroll with focus containment and body-lock restoration.","Do not cover headings or critical controls.","NO_ACCIDENTAL_HORIZONTAL_DOCUMENT_OVERFLOW","DOCUMENT_OR_EXPLICIT_NAMED_REGION","GOVERNED_TARGET_SIZE","HP-P6-EV-039-passport-history-record-d--standard-desktop","PASSED"
"screen-page-passport-history-[recordId]","route-page-passport-history-[recordId]","HIGH","MODERN_MOBILE","390x844","SINGLE_COLUMN_OR_GOVERNED_DRAWER","WORKSPACE_STANDARD","Visible, keyboard and touch operable, with contextual exit retained.","ONE","No unreadable slivers; stacks or intentional shelf affordance.","Labels, descriptions, validation, and actions remain visible.","Governed responsive list or intentional scroll container.","Viewport-bounded internal scroll with focus containment and body-lock restoration.","Do not cover headings or critical controls.","NO_ACCIDENTAL_HORIZONTAL_DOCUMENT_OVERFLOW","DOCUMENT_OR_EXPLICIT_NAMED_REGION","GOVERNED_TARGET_SIZE","HP-P6-EV-040-passport-history-record-d--modern-mobile","PASSED"
"screen-page-passport-history-[recordId]","route-page-passport-history-[recordId]","HIGH","NARROW_MOBILE","320x568","SINGLE_COLUMN_OR_GOVERNED_DRAWER","WORKSPACE_STANDARD","Visible, keyboard and touch operable, with contextual exit retained.","ONE","No unreadable slivers; stacks or intentional shelf affordance.","Labels, descriptions, validation, and actions remain visible.","Governed responsive list or intentional scroll container.","Viewport-bounded internal scroll with focus containment and body-lock restoration.","Do not cover headings or critical controls.","NO_ACCIDENTAL_HORIZONTAL_DOCUMENT_OVERFLOW","DOCUMENT_OR_EXPLICIT_NAMED_REGION","GOVERNED_TARGET_SIZE","HP-P6-EV-040-passport-history-record-d--modern-mobile","PASSED"
"screen-page-passport-history-[recordId]","route-page-passport-history-[recordId]","HIGH","EFFECTIVE_200_PERCENT","720x450","SINGLE_COLUMN_OR_GOVERNED_DRAWER","WORKSPACE_STANDARD","Visible, keyboard and touch operable, with contextual exit retained.","ONE","No unreadable slivers; stacks or intentional shelf affordance.","Labels, descriptions, validation, and actions remain visible.","Governed responsive list or intentional scroll container.","Viewport-bounded internal scroll with focus containment and body-lock restoration.","Do not cover headings or critical controls.","NO_ACCIDENTAL_HORIZONTAL_DOCUMENT_OVERFLOW","DOCUMENT_OR_EXPLICIT_NAMED_REGION","GOVERNED_TARGET_SIZE","","PASSED"
"screen-page-player-library","route-page-player-library","CRITICAL","LARGE_DESKTOP","1600x1000","GOVERNED_DESKTOP_OR_TABLET","WORKSPACE_STANDARD","Visible, keyboard and touch operable, with contextual exit retained.","ONE_TO_THREE_BY_SURFACE","No unreadable slivers; stacks or intentional shelf affordance.","Labels, descriptions, validation, and actions remain visible.","Governed responsive list or intentional scroll container.","Viewport-bounded internal scroll with focus containment and body-lock restoration.","Do not cover headings or critical controls.","NO_ACCIDENTAL_HORIZONTAL_DOCUMENT_OVERFLOW","DOCUMENT_OR_EXPLICIT_NAMED_REGION","GOVERNED_TARGET_SIZE","HP-P6-EV-005-player-library-standard-desktop;HP-P6-EV-067-player-library-compact-desktop","PASSED"
"screen-page-player-library","route-page-player-library","CRITICAL","STANDARD_DESKTOP","1440x900","GOVERNED_DESKTOP_OR_TABLET","WORKSPACE_STANDARD","Visible, keyboard and touch operable, with contextual exit retained.","ONE_TO_THREE_BY_SURFACE","No unreadable slivers; stacks or intentional shelf affordance.","Labels, descriptions, validation, and actions remain visible.","Governed responsive list or intentional scroll container.","Viewport-bounded internal scroll with focus containment and body-lock restoration.","Do not cover headings or critical controls.","NO_ACCIDENTAL_HORIZONTAL_DOCUMENT_OVERFLOW","DOCUMENT_OR_EXPLICIT_NAMED_REGION","GOVERNED_TARGET_SIZE","HP-P6-EV-005-player-library-standard-desktop;HP-P6-EV-067-player-library-compact-desktop","PASSED"
"screen-page-player-library","route-page-player-library","CRITICAL","COMPACT_DESKTOP","1280x720","GOVERNED_DESKTOP_OR_TABLET","WORKSPACE_STANDARD","Visible, keyboard and touch operable, with contextual exit retained.","ONE_TO_THREE_BY_SURFACE","No unreadable slivers; stacks or intentional shelf affordance.","Labels, descriptions, validation, and actions remain visible.","Governed responsive list or intentional scroll container.","Viewport-bounded internal scroll with focus containment and body-lock restoration.","Do not cover headings or critical controls.","NO_ACCIDENTAL_HORIZONTAL_DOCUMENT_OVERFLOW","DOCUMENT_OR_EXPLICIT_NAMED_REGION","GOVERNED_TARGET_SIZE","HP-P6-EV-005-player-library-standard-desktop;HP-P6-EV-067-player-library-compact-desktop","PASSED"
"screen-page-player-library","route-page-player-library","CRITICAL","TABLET_LANDSCAPE","1024x768","GOVERNED_DESKTOP_OR_TABLET","WORKSPACE_STANDARD","Visible, keyboard and touch operable, with contextual exit retained.","ONE_TO_THREE_BY_SURFACE","No unreadable slivers; stacks or intentional shelf affordance.","Labels, descriptions, validation, and actions remain visible.","Governed responsive list or intentional scroll container.","Viewport-bounded internal scroll with focus containment and body-lock restoration.","Do not cover headings or critical controls.","NO_ACCIDENTAL_HORIZONTAL_DOCUMENT_OVERFLOW","DOCUMENT_OR_EXPLICIT_NAMED_REGION","GOVERNED_TARGET_SIZE","HP-P6-EV-005-player-library-standard-desktop;HP-P6-EV-067-player-library-compact-desktop","PASSED"
"screen-page-player-library","route-page-player-library","CRITICAL","TABLET_PORTRAIT","768x1024","SINGLE_COLUMN_OR_GOVERNED_DRAWER","WORKSPACE_STANDARD","Visible, keyboard and touch operable, with contextual exit retained.","ONE","No unreadable slivers; stacks or intentional shelf affordance.","Labels, descriptions, validation, and actions remain visible.","Governed responsive list or intentional scroll container.","Viewport-bounded internal scroll with focus containment and body-lock restoration.","Do not cover headings or critical controls.","NO_ACCIDENTAL_HORIZONTAL_DOCUMENT_OVERFLOW","DOCUMENT_OR_EXPLICIT_NAMED_REGION","GOVERNED_TARGET_SIZE","HP-P6-EV-005-player-library-standard-desktop;HP-P6-EV-067-player-library-compact-desktop","PASSED"
"screen-page-player-library","route-page-player-library","CRITICAL","MODERN_MOBILE","390x844","SINGLE_COLUMN_OR_GOVERNED_DRAWER","WORKSPACE_STANDARD","Visible, keyboard and touch operable, with contextual exit retained.","ONE","No unreadable slivers; stacks or intentional shelf affordance.","Labels, descriptions, validation, and actions remain visible.","Governed responsive list or intentional scroll container.","Viewport-bounded internal scroll with focus containment and body-lock restoration.","Do not cover headings or critical controls.","NO_ACCIDENTAL_HORIZONTAL_DOCUMENT_OVERFLOW","DOCUMENT_OR_EXPLICIT_NAMED_REGION","GOVERNED_TARGET_SIZE","HP-P6-EV-006-player-library-modern-mobile;HP-P6-EV-070-player-library-narrow-mobile","PASSED"
"screen-page-player-library","route-page-player-library","CRITICAL","NARROW_MOBILE","320x568","SINGLE_COLUMN_OR_GOVERNED_DRAWER","WORKSPACE_STANDARD","Visible, keyboard and touch operable, with contextual exit retained.","ONE","No unreadable slivers; stacks or intentional shelf affordance.","Labels, descriptions, validation, and actions remain visible.","Governed responsive list or intentional scroll container.","Viewport-bounded internal scroll with focus containment and body-lock restoration.","Do not cover headings or critical controls.","NO_ACCIDENTAL_HORIZONTAL_DOCUMENT_OVERFLOW","DOCUMENT_OR_EXPLICIT_NAMED_REGION","GOVERNED_TARGET_SIZE","HP-P6-EV-006-player-library-modern-mobile;HP-P6-EV-070-player-library-narrow-mobile","PASSED"
"screen-page-player-library","route-page-player-library","CRITICAL","EFFECTIVE_200_PERCENT","720x450","SINGLE_COLUMN_OR_GOVERNED_DRAWER","WORKSPACE_STANDARD","Visible, keyboard and touch operable, with contextual exit retained.","ONE","No unreadable slivers; stacks or intentional shelf affordance.","Labels, descriptions, validation, and actions remain visible.","Governed responsive list or intentional scroll container.","Viewport-bounded internal scroll with focus containment and body-lock restoration.","Do not cover headings or critical controls.","NO_ACCIDENTAL_HORIZONTAL_DOCUMENT_OVERFLOW","DOCUMENT_OR_EXPLICIT_NAMED_REGION","GOVERNED_TARGET_SIZE","","PASSED"
"screen-page-player-playthroughs-playthroughid","route-page-player-playthroughs-playthroughid","CRITICAL","LARGE_DESKTOP","1600x1000","GOVERNED_DESKTOP_OR_TABLET","IMMERSIVE","Visible, keyboard and touch operable, with contextual exit retained.","ONE_TO_THREE_BY_SURFACE","No unreadable slivers; stacks or intentional shelf affordance.","Labels, descriptions, validation, and actions remain visible.","Governed responsive list or intentional scroll container.","Viewport-bounded internal scroll with focus containment and body-lock restoration.","Do not cover headings or critical controls.","NO_ACCIDENTAL_HORIZONTAL_DOCUMENT_OVERFLOW","DOCUMENT_OR_EXPLICIT_NAMED_REGION","GOVERNED_TARGET_SIZE","HP-P6-EV-019-player-playthroughs-playthroughid-standard-desktop;HP-P6-EV-095-player-playthroughs-playthroughid-compact-desktop","PASSED"
"screen-page-player-playthroughs-playthroughid","route-page-player-playthroughs-playthroughid","CRITICAL","STANDARD_DESKTOP","1440x900","GOVERNED_DESKTOP_OR_TABLET","IMMERSIVE","Visible, keyboard and touch operable, with contextual exit retained.","ONE_TO_THREE_BY_SURFACE","No unreadable slivers; stacks or intentional shelf affordance.","Labels, descriptions, validation, and actions remain visible.","Governed responsive list or intentional scroll container.","Viewport-bounded internal scroll with focus containment and body-lock restoration.","Do not cover headings or critical controls.","NO_ACCIDENTAL_HORIZONTAL_DOCUMENT_OVERFLOW","DOCUMENT_OR_EXPLICIT_NAMED_REGION","GOVERNED_TARGET_SIZE","HP-P6-EV-019-player-playthroughs-playthroughid-standard-desktop;HP-P6-EV-095-player-playthroughs-playthroughid-compact-desktop","PASSED"
"screen-page-player-playthroughs-playthroughid","route-page-player-playthroughs-playthroughid","CRITICAL","COMPACT_DESKTOP","1280x720","GOVERNED_DESKTOP_OR_TABLET","IMMERSIVE","Visible, keyboard and touch operable, with contextual exit retained.","ONE_TO_THREE_BY_SURFACE","No unreadable slivers; stacks or intentional shelf affordance.","Labels, descriptions, validation, and actions remain visible.","Governed responsive list or intentional scroll container.","Viewport-bounded internal scroll with focus containment and body-lock restoration.","Do not cover headings or critical controls.","NO_ACCIDENTAL_HORIZONTAL_DOCUMENT_OVERFLOW","DOCUMENT_OR_EXPLICIT_NAMED_REGION","GOVERNED_TARGET_SIZE","HP-P6-EV-019-player-playthroughs-playthroughid-standard-desktop;HP-P6-EV-095-player-playthroughs-playthroughid-compact-desktop","PASSED"
"screen-page-player-playthroughs-playthroughid","route-page-player-playthroughs-playthroughid","CRITICAL","TABLET_LANDSCAPE","1024x768","GOVERNED_DESKTOP_OR_TABLET","IMMERSIVE","Visible, keyboard and touch operable, with contextual exit retained.","ONE_TO_THREE_BY_SURFACE","No unreadable slivers; stacks or intentional shelf affordance.","Labels, descriptions, validation, and actions remain visible.","Governed responsive list or intentional scroll container.","Viewport-bounded internal scroll with focus containment and body-lock restoration.","Do not cover headings or critical controls.","NO_ACCIDENTAL_HORIZONTAL_DOCUMENT_OVERFLOW","DOCUMENT_OR_EXPLICIT_NAMED_REGION","GOVERNED_TARGET_SIZE","HP-P6-EV-019-player-playthroughs-playthroughid-standard-desktop;HP-P6-EV-095-player-playthroughs-playthroughid-compact-desktop","PASSED"
"screen-page-player-playthroughs-playthroughid","route-page-player-playthroughs-playthroughid","CRITICAL","TABLET_PORTRAIT","768x1024","SINGLE_COLUMN_OR_GOVERNED_DRAWER","IMMERSIVE","Visible, keyboard and touch operable, with contextual exit retained.","ONE","No unreadable slivers; stacks or intentional shelf affordance.","Labels, descriptions, validation, and actions remain visible.","Governed responsive list or intentional scroll container.","Viewport-bounded internal scroll with focus containment and body-lock restoration.","Do not cover headings or critical controls.","NO_ACCIDENTAL_HORIZONTAL_DOCUMENT_OVERFLOW","DOCUMENT_OR_EXPLICIT_NAMED_REGION","GOVERNED_TARGET_SIZE","HP-P6-EV-019-player-playthroughs-playthroughid-standard-desktop;HP-P6-EV-095-player-playthroughs-playthroughid-compact-desktop","PASSED"
"screen-page-player-playthroughs-playthroughid","route-page-player-playthroughs-playthroughid","CRITICAL","MODERN_MOBILE","390x844","SINGLE_COLUMN_OR_GOVERNED_DRAWER","IMMERSIVE","Visible, keyboard and touch operable, with contextual exit retained.","ONE","No unreadable slivers; stacks or intentional shelf affordance.","Labels, descriptions, validation, and actions remain visible.","Governed responsive list or intentional scroll container.","Viewport-bounded internal scroll with focus containment and body-lock restoration.","Do not cover headings or critical controls.","NO_ACCIDENTAL_HORIZONTAL_DOCUMENT_OVERFLOW","DOCUMENT_OR_EXPLICIT_NAMED_REGION","GOVERNED_TARGET_SIZE","HP-P6-EV-020-player-playthroughs-playthroughid-modern-mobile;HP-P6-EV-098-player-playthroughs-playthroughid-narrow-mobile","PASSED"
"screen-page-player-playthroughs-playthroughid","route-page-player-playthroughs-playthroughid","CRITICAL","NARROW_MOBILE","320x568","SINGLE_COLUMN_OR_GOVERNED_DRAWER","IMMERSIVE","Visible, keyboard and touch operable, with contextual exit retained.","ONE","No unreadable slivers; stacks or intentional shelf affordance.","Labels, descriptions, validation, and actions remain visible.","Governed responsive list or intentional scroll container.","Viewport-bounded internal scroll with focus containment and body-lock restoration.","Do not cover headings or critical controls.","NO_ACCIDENTAL_HORIZONTAL_DOCUMENT_OVERFLOW","DOCUMENT_OR_EXPLICIT_NAMED_REGION","GOVERNED_TARGET_SIZE","HP-P6-EV-020-player-playthroughs-playthroughid-modern-mobile;HP-P6-EV-098-player-playthroughs-playthroughid-narrow-mobile","PASSED"
"screen-page-player-playthroughs-playthroughid","route-page-player-playthroughs-playthroughid","CRITICAL","EFFECTIVE_200_PERCENT","720x450","SINGLE_COLUMN_OR_GOVERNED_DRAWER","IMMERSIVE","Visible, keyboard and touch operable, with contextual exit retained.","ONE","No unreadable slivers; stacks or intentional shelf affordance.","Labels, descriptions, validation, and actions remain visible.","Governed responsive list or intentional scroll container.","Viewport-bounded internal scroll with focus containment and body-lock restoration.","Do not cover headings or critical controls.","NO_ACCIDENTAL_HORIZONTAL_DOCUMENT_OVERFLOW","DOCUMENT_OR_EXPLICIT_NAMED_REGION","GOVERNED_TARGET_SIZE","","PASSED"
"screen-page-player-playthroughs-playthroughid-journal","route-page-player-playthroughs-playthroughid-journal","HIGH","LARGE_DESKTOP","1600x1000","GOVERNED_DESKTOP_OR_TABLET","IMMERSIVE","Visible, keyboard and touch operable, with contextual exit retained.","ONE_TO_THREE_BY_SURFACE","No unreadable slivers; stacks or intentional shelf affordance.","Labels, descriptions, validation, and actions remain visible.","Governed responsive list or intentional scroll container.","Viewport-bounded internal scroll with focus containment and body-lock restoration.","Do not cover headings or critical controls.","NO_ACCIDENTAL_HORIZONTAL_DOCUMENT_OVERFLOW","DOCUMENT_OR_EXPLICIT_NAMED_REGION","GOVERNED_TARGET_SIZE","HP-P6-EV-053-player-playthroughs-playthroughid-journal-standard-desktop","PASSED"
"screen-page-player-playthroughs-playthroughid-journal","route-page-player-playthroughs-playthroughid-journal","HIGH","STANDARD_DESKTOP","1440x900","GOVERNED_DESKTOP_OR_TABLET","IMMERSIVE","Visible, keyboard and touch operable, with contextual exit retained.","ONE_TO_THREE_BY_SURFACE","No unreadable slivers; stacks or intentional shelf affordance.","Labels, descriptions, validation, and actions remain visible.","Governed responsive list or intentional scroll container.","Viewport-bounded internal scroll with focus containment and body-lock restoration.","Do not cover headings or critical controls.","NO_ACCIDENTAL_HORIZONTAL_DOCUMENT_OVERFLOW","DOCUMENT_OR_EXPLICIT_NAMED_REGION","GOVERNED_TARGET_SIZE","HP-P6-EV-053-player-playthroughs-playthroughid-journal-standard-desktop","PASSED"
"screen-page-player-playthroughs-playthroughid-journal","route-page-player-playthroughs-playthroughid-journal","HIGH","COMPACT_DESKTOP","1280x720","GOVERNED_DESKTOP_OR_TABLET","IMMERSIVE","Visible, keyboard and touch operable, with contextual exit retained.","ONE_TO_THREE_BY_SURFACE","No unreadable slivers; stacks or intentional shelf affordance.","Labels, descriptions, validation, and actions remain visible.","Governed responsive list or intentional scroll container.","Viewport-bounded internal scroll with focus containment and body-lock restoration.","Do not cover headings or critical controls.","NO_ACCIDENTAL_HORIZONTAL_DOCUMENT_OVERFLOW","DOCUMENT_OR_EXPLICIT_NAMED_REGION","GOVERNED_TARGET_SIZE","HP-P6-EV-053-player-playthroughs-playthroughid-journal-standard-desktop","PASSED"
"screen-page-player-playthroughs-playthroughid-journal","route-page-player-playthroughs-playthroughid-journal","HIGH","TABLET_LANDSCAPE","1024x768","GOVERNED_DESKTOP_OR_TABLET","IMMERSIVE","Visible, keyboard and touch operable, with contextual exit retained.","ONE_TO_THREE_BY_SURFACE","No unreadable slivers; stacks or intentional shelf affordance.","Labels, descriptions, validation, and actions remain visible.","Governed responsive list or intentional scroll container.","Viewport-bounded internal scroll with focus containment and body-lock restoration.","Do not cover headings or critical controls.","NO_ACCIDENTAL_HORIZONTAL_DOCUMENT_OVERFLOW","DOCUMENT_OR_EXPLICIT_NAMED_REGION","GOVERNED_TARGET_SIZE","HP-P6-EV-053-player-playthroughs-playthroughid-journal-standard-desktop","PASSED"
"screen-page-player-playthroughs-playthroughid-journal","route-page-player-playthroughs-playthroughid-journal","HIGH","TABLET_PORTRAIT","768x1024","SINGLE_COLUMN_OR_GOVERNED_DRAWER","IMMERSIVE","Visible, keyboard and touch operable, with contextual exit retained.","ONE","No unreadable slivers; stacks or intentional shelf affordance.","Labels, descriptions, validation, and actions remain visible.","Governed responsive list or intentional scroll container.","Viewport-bounded internal scroll with focus containment and body-lock restoration.","Do not cover headings or critical controls.","NO_ACCIDENTAL_HORIZONTAL_DOCUMENT_OVERFLOW","DOCUMENT_OR_EXPLICIT_NAMED_REGION","GOVERNED_TARGET_SIZE","HP-P6-EV-053-player-playthroughs-playthroughid-journal-standard-desktop","PASSED"
"screen-page-player-playthroughs-playthroughid-journal","route-page-player-playthroughs-playthroughid-journal","HIGH","MODERN_MOBILE","390x844","SINGLE_COLUMN_OR_GOVERNED_DRAWER","IMMERSIVE","Visible, keyboard and touch operable, with contextual exit retained.","ONE","No unreadable slivers; stacks or intentional shelf affordance.","Labels, descriptions, validation, and actions remain visible.","Governed responsive list or intentional scroll container.","Viewport-bounded internal scroll with focus containment and body-lock restoration.","Do not cover headings or critical controls.","NO_ACCIDENTAL_HORIZONTAL_DOCUMENT_OVERFLOW","DOCUMENT_OR_EXPLICIT_NAMED_REGION","GOVERNED_TARGET_SIZE","HP-P6-EV-054-player-playthroughs-playthroughid-journal-modern-mobile","PASSED"
"screen-page-player-playthroughs-playthroughid-journal","route-page-player-playthroughs-playthroughid-journal","HIGH","NARROW_MOBILE","320x568","SINGLE_COLUMN_OR_GOVERNED_DRAWER","IMMERSIVE","Visible, keyboard and touch operable, with contextual exit retained.","ONE","No unreadable slivers; stacks or intentional shelf affordance.","Labels, descriptions, validation, and actions remain visible.","Governed responsive list or intentional scroll container.","Viewport-bounded internal scroll with focus containment and body-lock restoration.","Do not cover headings or critical controls.","NO_ACCIDENTAL_HORIZONTAL_DOCUMENT_OVERFLOW","DOCUMENT_OR_EXPLICIT_NAMED_REGION","GOVERNED_TARGET_SIZE","HP-P6-EV-054-player-playthroughs-playthroughid-journal-modern-mobile","PASSED"
"screen-page-player-playthroughs-playthroughid-journal","route-page-player-playthroughs-playthroughid-journal","HIGH","EFFECTIVE_200_PERCENT","720x450","SINGLE_COLUMN_OR_GOVERNED_DRAWER","IMMERSIVE","Visible, keyboard and touch operable, with contextual exit retained.","ONE","No unreadable slivers; stacks or intentional shelf affordance.","Labels, descriptions, validation, and actions remain visible.","Governed responsive list or intentional scroll container.","Viewport-bounded internal scroll with focus containment and body-lock restoration.","Do not cover headings or critical controls.","NO_ACCIDENTAL_HORIZONTAL_DOCUMENT_OVERFLOW","DOCUMENT_OR_EXPLICIT_NAMED_REGION","GOVERNED_TARGET_SIZE","","PASSED"
"screen-page-register","route-page-register","HIGH","LARGE_DESKTOP","1600x1000","GOVERNED_DESKTOP_OR_TABLET","AUTHENTICATION","Visible, keyboard and touch operable, with contextual exit retained.","ONE_TO_THREE_BY_SURFACE","No unreadable slivers; stacks or intentional shelf affordance.","Labels, descriptions, validation, and actions remain visible.","Governed responsive list or intentional scroll container.","Viewport-bounded internal scroll with focus containment and body-lock restoration.","Do not cover headings or critical controls.","NO_ACCIDENTAL_HORIZONTAL_DOCUMENT_OVERFLOW","DOCUMENT_OR_EXPLICIT_NAMED_REGION","GOVERNED_TARGET_SIZE","HP-P6-EV-025-register-standard-desktop","PASSED"
"screen-page-register","route-page-register","HIGH","STANDARD_DESKTOP","1440x900","GOVERNED_DESKTOP_OR_TABLET","AUTHENTICATION","Visible, keyboard and touch operable, with contextual exit retained.","ONE_TO_THREE_BY_SURFACE","No unreadable slivers; stacks or intentional shelf affordance.","Labels, descriptions, validation, and actions remain visible.","Governed responsive list or intentional scroll container.","Viewport-bounded internal scroll with focus containment and body-lock restoration.","Do not cover headings or critical controls.","NO_ACCIDENTAL_HORIZONTAL_DOCUMENT_OVERFLOW","DOCUMENT_OR_EXPLICIT_NAMED_REGION","GOVERNED_TARGET_SIZE","HP-P6-EV-025-register-standard-desktop","PASSED"
"screen-page-register","route-page-register","HIGH","COMPACT_DESKTOP","1280x720","GOVERNED_DESKTOP_OR_TABLET","AUTHENTICATION","Visible, keyboard and touch operable, with contextual exit retained.","ONE_TO_THREE_BY_SURFACE","No unreadable slivers; stacks or intentional shelf affordance.","Labels, descriptions, validation, and actions remain visible.","Governed responsive list or intentional scroll container.","Viewport-bounded internal scroll with focus containment and body-lock restoration.","Do not cover headings or critical controls.","NO_ACCIDENTAL_HORIZONTAL_DOCUMENT_OVERFLOW","DOCUMENT_OR_EXPLICIT_NAMED_REGION","GOVERNED_TARGET_SIZE","HP-P6-EV-025-register-standard-desktop","PASSED"
"screen-page-register","route-page-register","HIGH","TABLET_LANDSCAPE","1024x768","GOVERNED_DESKTOP_OR_TABLET","AUTHENTICATION","Visible, keyboard and touch operable, with contextual exit retained.","ONE_TO_THREE_BY_SURFACE","No unreadable slivers; stacks or intentional shelf affordance.","Labels, descriptions, validation, and actions remain visible.","Governed responsive list or intentional scroll container.","Viewport-bounded internal scroll with focus containment and body-lock restoration.","Do not cover headings or critical controls.","NO_ACCIDENTAL_HORIZONTAL_DOCUMENT_OVERFLOW","DOCUMENT_OR_EXPLICIT_NAMED_REGION","GOVERNED_TARGET_SIZE","HP-P6-EV-025-register-standard-desktop","PASSED"
"screen-page-register","route-page-register","HIGH","TABLET_PORTRAIT","768x1024","SINGLE_COLUMN_OR_GOVERNED_DRAWER","AUTHENTICATION","Visible, keyboard and touch operable, with contextual exit retained.","ONE","No unreadable slivers; stacks or intentional shelf affordance.","Labels, descriptions, validation, and actions remain visible.","Governed responsive list or intentional scroll container.","Viewport-bounded internal scroll with focus containment and body-lock restoration.","Do not cover headings or critical controls.","NO_ACCIDENTAL_HORIZONTAL_DOCUMENT_OVERFLOW","DOCUMENT_OR_EXPLICIT_NAMED_REGION","GOVERNED_TARGET_SIZE","HP-P6-EV-025-register-standard-desktop","PASSED"
"screen-page-register","route-page-register","HIGH","MODERN_MOBILE","390x844","SINGLE_COLUMN_OR_GOVERNED_DRAWER","AUTHENTICATION","Visible, keyboard and touch operable, with contextual exit retained.","ONE","No unreadable slivers; stacks or intentional shelf affordance.","Labels, descriptions, validation, and actions remain visible.","Governed responsive list or intentional scroll container.","Viewport-bounded internal scroll with focus containment and body-lock restoration.","Do not cover headings or critical controls.","NO_ACCIDENTAL_HORIZONTAL_DOCUMENT_OVERFLOW","DOCUMENT_OR_EXPLICIT_NAMED_REGION","GOVERNED_TARGET_SIZE","HP-P6-EV-026-register-modern-mobile","PASSED"
"screen-page-register","route-page-register","HIGH","NARROW_MOBILE","320x568","SINGLE_COLUMN_OR_GOVERNED_DRAWER","AUTHENTICATION","Visible, keyboard and touch operable, with contextual exit retained.","ONE","No unreadable slivers; stacks or intentional shelf affordance.","Labels, descriptions, validation, and actions remain visible.","Governed responsive list or intentional scroll container.","Viewport-bounded internal scroll with focus containment and body-lock restoration.","Do not cover headings or critical controls.","NO_ACCIDENTAL_HORIZONTAL_DOCUMENT_OVERFLOW","DOCUMENT_OR_EXPLICIT_NAMED_REGION","GOVERNED_TARGET_SIZE","HP-P6-EV-026-register-modern-mobile","PASSED"
"screen-page-register","route-page-register","HIGH","EFFECTIVE_200_PERCENT","720x450","SINGLE_COLUMN_OR_GOVERNED_DRAWER","AUTHENTICATION","Visible, keyboard and touch operable, with contextual exit retained.","ONE","No unreadable slivers; stacks or intentional shelf affordance.","Labels, descriptions, validation, and actions remain visible.","Governed responsive list or intentional scroll container.","Viewport-bounded internal scroll with focus containment and body-lock restoration.","Do not cover headings or critical controls.","NO_ACCIDENTAL_HORIZONTAL_DOCUMENT_OVERFLOW","DOCUMENT_OR_EXPLICIT_NAMED_REGION","GOVERNED_TARGET_SIZE","","PASSED"
"screen-page-sign-in","route-page-sign-in","CRITICAL","LARGE_DESKTOP","1600x1000","GOVERNED_DESKTOP_OR_TABLET","AUTHENTICATION","Visible, keyboard and touch operable, with contextual exit retained.","ONE_TO_THREE_BY_SURFACE","No unreadable slivers; stacks or intentional shelf affordance.","Labels, descriptions, validation, and actions remain visible.","Governed responsive list or intentional scroll container.","Viewport-bounded internal scroll with focus containment and body-lock restoration.","Do not cover headings or critical controls.","NO_ACCIDENTAL_HORIZONTAL_DOCUMENT_OVERFLOW","DOCUMENT_OR_EXPLICIT_NAMED_REGION","GOVERNED_TARGET_SIZE","HP-P6-EV-003-sign-in-standard-desktop;HP-P6-EV-063-sign-in-compact-desktop","PASSED"
"screen-page-sign-in","route-page-sign-in","CRITICAL","STANDARD_DESKTOP","1440x900","GOVERNED_DESKTOP_OR_TABLET","AUTHENTICATION","Visible, keyboard and touch operable, with contextual exit retained.","ONE_TO_THREE_BY_SURFACE","No unreadable slivers; stacks or intentional shelf affordance.","Labels, descriptions, validation, and actions remain visible.","Governed responsive list or intentional scroll container.","Viewport-bounded internal scroll with focus containment and body-lock restoration.","Do not cover headings or critical controls.","NO_ACCIDENTAL_HORIZONTAL_DOCUMENT_OVERFLOW","DOCUMENT_OR_EXPLICIT_NAMED_REGION","GOVERNED_TARGET_SIZE","HP-P6-EV-003-sign-in-standard-desktop;HP-P6-EV-063-sign-in-compact-desktop","PASSED"
"screen-page-sign-in","route-page-sign-in","CRITICAL","COMPACT_DESKTOP","1280x720","GOVERNED_DESKTOP_OR_TABLET","AUTHENTICATION","Visible, keyboard and touch operable, with contextual exit retained.","ONE_TO_THREE_BY_SURFACE","No unreadable slivers; stacks or intentional shelf affordance.","Labels, descriptions, validation, and actions remain visible.","Governed responsive list or intentional scroll container.","Viewport-bounded internal scroll with focus containment and body-lock restoration.","Do not cover headings or critical controls.","NO_ACCIDENTAL_HORIZONTAL_DOCUMENT_OVERFLOW","DOCUMENT_OR_EXPLICIT_NAMED_REGION","GOVERNED_TARGET_SIZE","HP-P6-EV-003-sign-in-standard-desktop;HP-P6-EV-063-sign-in-compact-desktop","PASSED"
"screen-page-sign-in","route-page-sign-in","CRITICAL","TABLET_LANDSCAPE","1024x768","GOVERNED_DESKTOP_OR_TABLET","AUTHENTICATION","Visible, keyboard and touch operable, with contextual exit retained.","ONE_TO_THREE_BY_SURFACE","No unreadable slivers; stacks or intentional shelf affordance.","Labels, descriptions, validation, and actions remain visible.","Governed responsive list or intentional scroll container.","Viewport-bounded internal scroll with focus containment and body-lock restoration.","Do not cover headings or critical controls.","NO_ACCIDENTAL_HORIZONTAL_DOCUMENT_OVERFLOW","DOCUMENT_OR_EXPLICIT_NAMED_REGION","GOVERNED_TARGET_SIZE","HP-P6-EV-003-sign-in-standard-desktop;HP-P6-EV-063-sign-in-compact-desktop","PASSED"
"screen-page-sign-in","route-page-sign-in","CRITICAL","TABLET_PORTRAIT","768x1024","SINGLE_COLUMN_OR_GOVERNED_DRAWER","AUTHENTICATION","Visible, keyboard and touch operable, with contextual exit retained.","ONE","No unreadable slivers; stacks or intentional shelf affordance.","Labels, descriptions, validation, and actions remain visible.","Governed responsive list or intentional scroll container.","Viewport-bounded internal scroll with focus containment and body-lock restoration.","Do not cover headings or critical controls.","NO_ACCIDENTAL_HORIZONTAL_DOCUMENT_OVERFLOW","DOCUMENT_OR_EXPLICIT_NAMED_REGION","GOVERNED_TARGET_SIZE","HP-P6-EV-003-sign-in-standard-desktop;HP-P6-EV-063-sign-in-compact-desktop","PASSED"
"screen-page-sign-in","route-page-sign-in","CRITICAL","MODERN_MOBILE","390x844","SINGLE_COLUMN_OR_GOVERNED_DRAWER","AUTHENTICATION","Visible, keyboard and touch operable, with contextual exit retained.","ONE","No unreadable slivers; stacks or intentional shelf affordance.","Labels, descriptions, validation, and actions remain visible.","Governed responsive list or intentional scroll container.","Viewport-bounded internal scroll with focus containment and body-lock restoration.","Do not cover headings or critical controls.","NO_ACCIDENTAL_HORIZONTAL_DOCUMENT_OVERFLOW","DOCUMENT_OR_EXPLICIT_NAMED_REGION","GOVERNED_TARGET_SIZE","HP-P6-EV-004-sign-in-modern-mobile;HP-P6-EV-066-sign-in-narrow-mobile","PASSED"
"screen-page-sign-in","route-page-sign-in","CRITICAL","NARROW_MOBILE","320x568","SINGLE_COLUMN_OR_GOVERNED_DRAWER","AUTHENTICATION","Visible, keyboard and touch operable, with contextual exit retained.","ONE","No unreadable slivers; stacks or intentional shelf affordance.","Labels, descriptions, validation, and actions remain visible.","Governed responsive list or intentional scroll container.","Viewport-bounded internal scroll with focus containment and body-lock restoration.","Do not cover headings or critical controls.","NO_ACCIDENTAL_HORIZONTAL_DOCUMENT_OVERFLOW","DOCUMENT_OR_EXPLICIT_NAMED_REGION","GOVERNED_TARGET_SIZE","HP-P6-EV-004-sign-in-modern-mobile;HP-P6-EV-066-sign-in-narrow-mobile","PASSED"
"screen-page-sign-in","route-page-sign-in","CRITICAL","EFFECTIVE_200_PERCENT","720x450","SINGLE_COLUMN_OR_GOVERNED_DRAWER","AUTHENTICATION","Visible, keyboard and touch operable, with contextual exit retained.","ONE","No unreadable slivers; stacks or intentional shelf affordance.","Labels, descriptions, validation, and actions remain visible.","Governed responsive list or intentional scroll container.","Viewport-bounded internal scroll with focus containment and body-lock restoration.","Do not cover headings or critical controls.","NO_ACCIDENTAL_HORIZONTAL_DOCUMENT_OVERFLOW","DOCUMENT_OR_EXPLICIT_NAMED_REGION","GOVERNED_TARGET_SIZE","","PASSED"
"screen-page-studio-library","route-page-studio-library","CRITICAL","LARGE_DESKTOP","1600x1000","GOVERNED_DESKTOP_OR_TABLET","WORKSPACE_STANDARD","Visible, keyboard and touch operable, with contextual exit retained.","ONE_TO_THREE_BY_SURFACE","No unreadable slivers; stacks or intentional shelf affordance.","Labels, descriptions, validation, and actions remain visible.","Governed responsive list or intentional scroll container.","Viewport-bounded internal scroll with focus containment and body-lock restoration.","Do not cover headings or critical controls.","NO_ACCIDENTAL_HORIZONTAL_DOCUMENT_OVERFLOW","DOCUMENT_OR_EXPLICIT_NAMED_REGION","GOVERNED_TARGET_SIZE","HP-P6-EV-009-studio-library-standard-desktop;HP-P6-EV-075-studio-library-compact-desktop","PASSED"
"screen-page-studio-library","route-page-studio-library","CRITICAL","STANDARD_DESKTOP","1440x900","GOVERNED_DESKTOP_OR_TABLET","WORKSPACE_STANDARD","Visible, keyboard and touch operable, with contextual exit retained.","ONE_TO_THREE_BY_SURFACE","No unreadable slivers; stacks or intentional shelf affordance.","Labels, descriptions, validation, and actions remain visible.","Governed responsive list or intentional scroll container.","Viewport-bounded internal scroll with focus containment and body-lock restoration.","Do not cover headings or critical controls.","NO_ACCIDENTAL_HORIZONTAL_DOCUMENT_OVERFLOW","DOCUMENT_OR_EXPLICIT_NAMED_REGION","GOVERNED_TARGET_SIZE","HP-P6-EV-009-studio-library-standard-desktop;HP-P6-EV-075-studio-library-compact-desktop","PASSED"
"screen-page-studio-library","route-page-studio-library","CRITICAL","COMPACT_DESKTOP","1280x720","GOVERNED_DESKTOP_OR_TABLET","WORKSPACE_STANDARD","Visible, keyboard and touch operable, with contextual exit retained.","ONE_TO_THREE_BY_SURFACE","No unreadable slivers; stacks or intentional shelf affordance.","Labels, descriptions, validation, and actions remain visible.","Governed responsive list or intentional scroll container.","Viewport-bounded internal scroll with focus containment and body-lock restoration.","Do not cover headings or critical controls.","NO_ACCIDENTAL_HORIZONTAL_DOCUMENT_OVERFLOW","DOCUMENT_OR_EXPLICIT_NAMED_REGION","GOVERNED_TARGET_SIZE","HP-P6-EV-009-studio-library-standard-desktop;HP-P6-EV-075-studio-library-compact-desktop","PASSED"
"screen-page-studio-library","route-page-studio-library","CRITICAL","TABLET_LANDSCAPE","1024x768","GOVERNED_DESKTOP_OR_TABLET","WORKSPACE_STANDARD","Visible, keyboard and touch operable, with contextual exit retained.","ONE_TO_THREE_BY_SURFACE","No unreadable slivers; stacks or intentional shelf affordance.","Labels, descriptions, validation, and actions remain visible.","Governed responsive list or intentional scroll container.","Viewport-bounded internal scroll with focus containment and body-lock restoration.","Do not cover headings or critical controls.","NO_ACCIDENTAL_HORIZONTAL_DOCUMENT_OVERFLOW","DOCUMENT_OR_EXPLICIT_NAMED_REGION","GOVERNED_TARGET_SIZE","HP-P6-EV-009-studio-library-standard-desktop;HP-P6-EV-075-studio-library-compact-desktop","PASSED"
"screen-page-studio-library","route-page-studio-library","CRITICAL","TABLET_PORTRAIT","768x1024","SINGLE_COLUMN_OR_GOVERNED_DRAWER","WORKSPACE_STANDARD","Visible, keyboard and touch operable, with contextual exit retained.","ONE","No unreadable slivers; stacks or intentional shelf affordance.","Labels, descriptions, validation, and actions remain visible.","Governed responsive list or intentional scroll container.","Viewport-bounded internal scroll with focus containment and body-lock restoration.","Do not cover headings or critical controls.","NO_ACCIDENTAL_HORIZONTAL_DOCUMENT_OVERFLOW","DOCUMENT_OR_EXPLICIT_NAMED_REGION","GOVERNED_TARGET_SIZE","HP-P6-EV-009-studio-library-standard-desktop;HP-P6-EV-075-studio-library-compact-desktop","PASSED"
"screen-page-studio-library","route-page-studio-library","CRITICAL","MODERN_MOBILE","390x844","SINGLE_COLUMN_OR_GOVERNED_DRAWER","WORKSPACE_STANDARD","Visible, keyboard and touch operable, with contextual exit retained.","ONE","No unreadable slivers; stacks or intentional shelf affordance.","Labels, descriptions, validation, and actions remain visible.","Governed responsive list or intentional scroll container.","Viewport-bounded internal scroll with focus containment and body-lock restoration.","Do not cover headings or critical controls.","NO_ACCIDENTAL_HORIZONTAL_DOCUMENT_OVERFLOW","DOCUMENT_OR_EXPLICIT_NAMED_REGION","GOVERNED_TARGET_SIZE","HP-P6-EV-010-studio-library-modern-mobile;HP-P6-EV-078-studio-library-narrow-mobile","PASSED"
"screen-page-studio-library","route-page-studio-library","CRITICAL","NARROW_MOBILE","320x568","SINGLE_COLUMN_OR_GOVERNED_DRAWER","WORKSPACE_STANDARD","Visible, keyboard and touch operable, with contextual exit retained.","ONE","No unreadable slivers; stacks or intentional shelf affordance.","Labels, descriptions, validation, and actions remain visible.","Governed responsive list or intentional scroll container.","Viewport-bounded internal scroll with focus containment and body-lock restoration.","Do not cover headings or critical controls.","NO_ACCIDENTAL_HORIZONTAL_DOCUMENT_OVERFLOW","DOCUMENT_OR_EXPLICIT_NAMED_REGION","GOVERNED_TARGET_SIZE","HP-P6-EV-010-studio-library-modern-mobile;HP-P6-EV-078-studio-library-narrow-mobile","PASSED"
"screen-page-studio-library","route-page-studio-library","CRITICAL","EFFECTIVE_200_PERCENT","720x450","SINGLE_COLUMN_OR_GOVERNED_DRAWER","WORKSPACE_STANDARD","Visible, keyboard and touch operable, with contextual exit retained.","ONE","No unreadable slivers; stacks or intentional shelf affordance.","Labels, descriptions, validation, and actions remain visible.","Governed responsive list or intentional scroll container.","Viewport-bounded internal scroll with focus containment and body-lock restoration.","Do not cover headings or critical controls.","NO_ACCIDENTAL_HORIZONTAL_DOCUMENT_OVERFLOW","DOCUMENT_OR_EXPLICIT_NAMED_REGION","GOVERNED_TARGET_SIZE","","PASSED"
"screen-page-studio-private-content","route-page-studio-private-content","HIGH","LARGE_DESKTOP","1600x1000","GOVERNED_DESKTOP_OR_TABLET","WORKSPACE_STANDARD","Visible, keyboard and touch operable, with contextual exit retained.","ONE_TO_THREE_BY_SURFACE","No unreadable slivers; stacks or intentional shelf affordance.","Labels, descriptions, validation, and actions remain visible.","Governed responsive list or intentional scroll container.","Viewport-bounded internal scroll with focus containment and body-lock restoration.","Do not cover headings or critical controls.","NO_ACCIDENTAL_HORIZONTAL_DOCUMENT_OVERFLOW","DOCUMENT_OR_EXPLICIT_NAMED_REGION","GOVERNED_TARGET_SIZE","HP-P6-EV-057-studio-private-content-standard-desktop","PASSED"
"screen-page-studio-private-content","route-page-studio-private-content","HIGH","STANDARD_DESKTOP","1440x900","GOVERNED_DESKTOP_OR_TABLET","WORKSPACE_STANDARD","Visible, keyboard and touch operable, with contextual exit retained.","ONE_TO_THREE_BY_SURFACE","No unreadable slivers; stacks or intentional shelf affordance.","Labels, descriptions, validation, and actions remain visible.","Governed responsive list or intentional scroll container.","Viewport-bounded internal scroll with focus containment and body-lock restoration.","Do not cover headings or critical controls.","NO_ACCIDENTAL_HORIZONTAL_DOCUMENT_OVERFLOW","DOCUMENT_OR_EXPLICIT_NAMED_REGION","GOVERNED_TARGET_SIZE","HP-P6-EV-057-studio-private-content-standard-desktop","PASSED"
"screen-page-studio-private-content","route-page-studio-private-content","HIGH","COMPACT_DESKTOP","1280x720","GOVERNED_DESKTOP_OR_TABLET","WORKSPACE_STANDARD","Visible, keyboard and touch operable, with contextual exit retained.","ONE_TO_THREE_BY_SURFACE","No unreadable slivers; stacks or intentional shelf affordance.","Labels, descriptions, validation, and actions remain visible.","Governed responsive list or intentional scroll container.","Viewport-bounded internal scroll with focus containment and body-lock restoration.","Do not cover headings or critical controls.","NO_ACCIDENTAL_HORIZONTAL_DOCUMENT_OVERFLOW","DOCUMENT_OR_EXPLICIT_NAMED_REGION","GOVERNED_TARGET_SIZE","HP-P6-EV-057-studio-private-content-standard-desktop","PASSED"
"screen-page-studio-private-content","route-page-studio-private-content","HIGH","TABLET_LANDSCAPE","1024x768","GOVERNED_DESKTOP_OR_TABLET","WORKSPACE_STANDARD","Visible, keyboard and touch operable, with contextual exit retained.","ONE_TO_THREE_BY_SURFACE","No unreadable slivers; stacks or intentional shelf affordance.","Labels, descriptions, validation, and actions remain visible.","Governed responsive list or intentional scroll container.","Viewport-bounded internal scroll with focus containment and body-lock restoration.","Do not cover headings or critical controls.","NO_ACCIDENTAL_HORIZONTAL_DOCUMENT_OVERFLOW","DOCUMENT_OR_EXPLICIT_NAMED_REGION","GOVERNED_TARGET_SIZE","HP-P6-EV-057-studio-private-content-standard-desktop","PASSED"
"screen-page-studio-private-content","route-page-studio-private-content","HIGH","TABLET_PORTRAIT","768x1024","SINGLE_COLUMN_OR_GOVERNED_DRAWER","WORKSPACE_STANDARD","Visible, keyboard and touch operable, with contextual exit retained.","ONE","No unreadable slivers; stacks or intentional shelf affordance.","Labels, descriptions, validation, and actions remain visible.","Governed responsive list or intentional scroll container.","Viewport-bounded internal scroll with focus containment and body-lock restoration.","Do not cover headings or critical controls.","NO_ACCIDENTAL_HORIZONTAL_DOCUMENT_OVERFLOW","DOCUMENT_OR_EXPLICIT_NAMED_REGION","GOVERNED_TARGET_SIZE","HP-P6-EV-057-studio-private-content-standard-desktop","PASSED"
"screen-page-studio-private-content","route-page-studio-private-content","HIGH","MODERN_MOBILE","390x844","SINGLE_COLUMN_OR_GOVERNED_DRAWER","WORKSPACE_STANDARD","Visible, keyboard and touch operable, with contextual exit retained.","ONE","No unreadable slivers; stacks or intentional shelf affordance.","Labels, descriptions, validation, and actions remain visible.","Governed responsive list or intentional scroll container.","Viewport-bounded internal scroll with focus containment and body-lock restoration.","Do not cover headings or critical controls.","NO_ACCIDENTAL_HORIZONTAL_DOCUMENT_OVERFLOW","DOCUMENT_OR_EXPLICIT_NAMED_REGION","GOVERNED_TARGET_SIZE","HP-P6-EV-058-studio-private-content-modern-mobile","PASSED"
"screen-page-studio-private-content","route-page-studio-private-content","HIGH","NARROW_MOBILE","320x568","SINGLE_COLUMN_OR_GOVERNED_DRAWER","WORKSPACE_STANDARD","Visible, keyboard and touch operable, with contextual exit retained.","ONE","No unreadable slivers; stacks or intentional shelf affordance.","Labels, descriptions, validation, and actions remain visible.","Governed responsive list or intentional scroll container.","Viewport-bounded internal scroll with focus containment and body-lock restoration.","Do not cover headings or critical controls.","NO_ACCIDENTAL_HORIZONTAL_DOCUMENT_OVERFLOW","DOCUMENT_OR_EXPLICIT_NAMED_REGION","GOVERNED_TARGET_SIZE","HP-P6-EV-058-studio-private-content-modern-mobile","PASSED"
"screen-page-studio-private-content","route-page-studio-private-content","HIGH","EFFECTIVE_200_PERCENT","720x450","SINGLE_COLUMN_OR_GOVERNED_DRAWER","WORKSPACE_STANDARD","Visible, keyboard and touch operable, with contextual exit retained.","ONE","No unreadable slivers; stacks or intentional shelf affordance.","Labels, descriptions, validation, and actions remain visible.","Governed responsive list or intentional scroll container.","Viewport-bounded internal scroll with focus containment and body-lock restoration.","Do not cover headings or critical controls.","NO_ACCIDENTAL_HORIZONTAL_DOCUMENT_OVERFLOW","DOCUMENT_OR_EXPLICIT_NAMED_REGION","GOVERNED_TARGET_SIZE","","PASSED"
"screen-page-studio-tales-taleid","route-page-studio-tales-taleid","CRITICAL","LARGE_DESKTOP","1600x1000","GOVERNED_DESKTOP_OR_TABLET","WORKSPACE_STANDARD","Visible, keyboard and touch operable, with contextual exit retained.","ONE_TO_THREE_BY_SURFACE","No unreadable slivers; stacks or intentional shelf affordance.","Labels, descriptions, validation, and actions remain visible.","Governed responsive list or intentional scroll container.","Viewport-bounded internal scroll with focus containment and body-lock restoration.","Do not cover headings or critical controls.","NO_ACCIDENTAL_HORIZONTAL_DOCUMENT_OVERFLOW","DOCUMENT_OR_EXPLICIT_NAMED_REGION","GOVERNED_TARGET_SIZE","HP-P6-EV-023-studio-tales-taleid-standard-desktop;HP-P6-EV-103-studio-tales-taleid-compact-desktop","PASSED"
"screen-page-studio-tales-taleid","route-page-studio-tales-taleid","CRITICAL","STANDARD_DESKTOP","1440x900","GOVERNED_DESKTOP_OR_TABLET","WORKSPACE_STANDARD","Visible, keyboard and touch operable, with contextual exit retained.","ONE_TO_THREE_BY_SURFACE","No unreadable slivers; stacks or intentional shelf affordance.","Labels, descriptions, validation, and actions remain visible.","Governed responsive list or intentional scroll container.","Viewport-bounded internal scroll with focus containment and body-lock restoration.","Do not cover headings or critical controls.","NO_ACCIDENTAL_HORIZONTAL_DOCUMENT_OVERFLOW","DOCUMENT_OR_EXPLICIT_NAMED_REGION","GOVERNED_TARGET_SIZE","HP-P6-EV-023-studio-tales-taleid-standard-desktop;HP-P6-EV-103-studio-tales-taleid-compact-desktop","PASSED"
"screen-page-studio-tales-taleid","route-page-studio-tales-taleid","CRITICAL","COMPACT_DESKTOP","1280x720","GOVERNED_DESKTOP_OR_TABLET","WORKSPACE_STANDARD","Visible, keyboard and touch operable, with contextual exit retained.","ONE_TO_THREE_BY_SURFACE","No unreadable slivers; stacks or intentional shelf affordance.","Labels, descriptions, validation, and actions remain visible.","Governed responsive list or intentional scroll container.","Viewport-bounded internal scroll with focus containment and body-lock restoration.","Do not cover headings or critical controls.","NO_ACCIDENTAL_HORIZONTAL_DOCUMENT_OVERFLOW","DOCUMENT_OR_EXPLICIT_NAMED_REGION","GOVERNED_TARGET_SIZE","HP-P6-EV-023-studio-tales-taleid-standard-desktop;HP-P6-EV-103-studio-tales-taleid-compact-desktop","PASSED"
"screen-page-studio-tales-taleid","route-page-studio-tales-taleid","CRITICAL","TABLET_LANDSCAPE","1024x768","GOVERNED_DESKTOP_OR_TABLET","WORKSPACE_STANDARD","Visible, keyboard and touch operable, with contextual exit retained.","ONE_TO_THREE_BY_SURFACE","No unreadable slivers; stacks or intentional shelf affordance.","Labels, descriptions, validation, and actions remain visible.","Governed responsive list or intentional scroll container.","Viewport-bounded internal scroll with focus containment and body-lock restoration.","Do not cover headings or critical controls.","NO_ACCIDENTAL_HORIZONTAL_DOCUMENT_OVERFLOW","DOCUMENT_OR_EXPLICIT_NAMED_REGION","GOVERNED_TARGET_SIZE","HP-P6-EV-023-studio-tales-taleid-standard-desktop;HP-P6-EV-103-studio-tales-taleid-compact-desktop","PASSED"
"screen-page-studio-tales-taleid","route-page-studio-tales-taleid","CRITICAL","TABLET_PORTRAIT","768x1024","SINGLE_COLUMN_OR_GOVERNED_DRAWER","WORKSPACE_STANDARD","Visible, keyboard and touch operable, with contextual exit retained.","ONE","No unreadable slivers; stacks or intentional shelf affordance.","Labels, descriptions, validation, and actions remain visible.","Governed responsive list or intentional scroll container.","Viewport-bounded internal scroll with focus containment and body-lock restoration.","Do not cover headings or critical controls.","NO_ACCIDENTAL_HORIZONTAL_DOCUMENT_OVERFLOW","DOCUMENT_OR_EXPLICIT_NAMED_REGION","GOVERNED_TARGET_SIZE","HP-P6-EV-023-studio-tales-taleid-standard-desktop;HP-P6-EV-103-studio-tales-taleid-compact-desktop","PASSED"
"screen-page-studio-tales-taleid","route-page-studio-tales-taleid","CRITICAL","MODERN_MOBILE","390x844","SINGLE_COLUMN_OR_GOVERNED_DRAWER","WORKSPACE_STANDARD","Visible, keyboard and touch operable, with contextual exit retained.","ONE","No unreadable slivers; stacks or intentional shelf affordance.","Labels, descriptions, validation, and actions remain visible.","Governed responsive list or intentional scroll container.","Viewport-bounded internal scroll with focus containment and body-lock restoration.","Do not cover headings or critical controls.","NO_ACCIDENTAL_HORIZONTAL_DOCUMENT_OVERFLOW","DOCUMENT_OR_EXPLICIT_NAMED_REGION","GOVERNED_TARGET_SIZE","HP-P6-EV-024-studio-tales-taleid-modern-mobile;HP-P6-EV-106-studio-tales-taleid-narrow-mobile","PASSED"
"screen-page-studio-tales-taleid","route-page-studio-tales-taleid","CRITICAL","NARROW_MOBILE","320x568","SINGLE_COLUMN_OR_GOVERNED_DRAWER","WORKSPACE_STANDARD","Visible, keyboard and touch operable, with contextual exit retained.","ONE","No unreadable slivers; stacks or intentional shelf affordance.","Labels, descriptions, validation, and actions remain visible.","Governed responsive list or intentional scroll container.","Viewport-bounded internal scroll with focus containment and body-lock restoration.","Do not cover headings or critical controls.","NO_ACCIDENTAL_HORIZONTAL_DOCUMENT_OVERFLOW","DOCUMENT_OR_EXPLICIT_NAMED_REGION","GOVERNED_TARGET_SIZE","HP-P6-EV-024-studio-tales-taleid-modern-mobile;HP-P6-EV-106-studio-tales-taleid-narrow-mobile","PASSED"
"screen-page-studio-tales-taleid","route-page-studio-tales-taleid","CRITICAL","EFFECTIVE_200_PERCENT","720x450","SINGLE_COLUMN_OR_GOVERNED_DRAWER","WORKSPACE_STANDARD","Visible, keyboard and touch operable, with contextual exit retained.","ONE","No unreadable slivers; stacks or intentional shelf affordance.","Labels, descriptions, validation, and actions remain visible.","Governed responsive list or intentional scroll container.","Viewport-bounded internal scroll with focus containment and body-lock restoration.","Do not cover headings or critical controls.","NO_ACCIDENTAL_HORIZONTAL_DOCUMENT_OVERFLOW","DOCUMENT_OR_EXPLICIT_NAMED_REGION","GOVERNED_TARGET_SIZE","","PASSED"
