"historical_case_id","source_file","source_line","title","project","protected_contract","historical_architecture_dependency","current_relevance","classification","canonical_replacement_suite","canonical_replacement_test_ids","current_source_files","current_contract_ids","equal_or_stronger_coverage","consolidation_justification","retirement_evidence","remaining_limitation"
"p34-25adf5930b5451fbba82","tests/e2e/phase3-readonly-setup.setup.ts","40","creates nonce-bound read-only Phase 3 browser fixtures","phase3-readonly-setup","authentication-authorization","retired P34 broad browser container","CURRENT_PRODUCT_CONTRACT","CURRENT_CONTRACT_MIGRATED","browser.cross-project","sl-cross-project-creates-nonce-bound-read-only-phase-3-browser-fixtures-aac1416086-v1","tests/e2e/phase3-readonly-setup.setup.ts","authentication-authorization","The current governed case protects the same observable product contract in its owned focused family.","Mapped by exact current identity or focused browser.cross-project contract ownership; no P34 container is selected.","Historical Playwright discovery at 073e09b1bc0ded5b0d595bf99f0db1b11aafb3b9; P34 remains archived, unselectable, and unexecuted.","Historical outcomes are archival evidence, not current release evidence."
"p34-46c5da2fc8219f4a6a55","tests/e2e/acceptance.spec.ts","51","canonical Chronicle invitation journey keeps Player and Captain boundaries intact","chromium","authentication-authorization","retired P34 broad browser container","CURRENT_PRODUCT_CONTRACT","CURRENT_CONTRACT_MIGRATED","browser.player-library","sl-player-library-canonical-chronicle-invitation-journey-keeps-player-and-captain--f6df402f27-v1","tests/e2e/acceptance.spec.ts","authentication-authorization","The current governed case protects the same observable product contract in its owned focused family.","Mapped by exact current identity or focused browser.player-library contract ownership; no P34 container is selected.","Historical Playwright discovery at 073e09b1bc0ded5b0d595bf99f0db1b11aafb3b9; P34 remains archived, unselectable, and unexecuted.","Historical outcomes are archival evidence, not current release evidence."
"p34-e6a1d589a71df2a09c48","tests/e2e/access-gates.spec.ts","4","Player sign-in remains public, accessible, and does not grant a Chronicle session","chromium","authentication-authorization","retired shared PlayerExperience access flow","CURRENT_PRODUCT_CONTRACT","CURRENT_CONTRACT_MIGRATED","browser.auth","sl-auth-player-sign-in-remains-public-accessible-and-does-not-grant-a-ch-4b8dc78627-v1","tests/e2e/access-gates.spec.ts","authentication-authorization","The current governed case protects the same observable product contract in its owned focused family.","Mapped by exact current identity or focused browser.auth contract ownership; no P34 container is selected.","Historical Playwright discovery at 073e09b1bc0ded5b0d595bf99f0db1b11aafb3b9; P34 remains archived, unselectable, and unexecuted.","Historical outcomes are archival evidence, not current release evidence."
"p34-ab2037e197d6405c7c34","tests/e2e/access-gates.spec.ts","20","Quartermaster bookmarks redirect to canonical Captain sign-in across supported browsers","chromium","authentication-authorization","retired shared PlayerExperience access flow","CURRENT_PRODUCT_CONTRACT","CURRENT_CONTRACT_MIGRATED","browser.auth","sl-auth-quartermaster-bookmarks-redirect-to-canonical-captain-sign-in-ac-ca0918d3aa-v1","tests/e2e/access-gates.spec.ts","authentication-authorization","The current governed case protects the same observable product contract in its owned focused family.","Mapped by exact current identity or focused browser.auth contract ownership; no P34 container is selected.","Historical Playwright discovery at 073e09b1bc0ded5b0d595bf99f0db1b11aafb3b9; P34 remains archived, unselectable, and unexecuted.","Historical outcomes are archival evidence, not current release evidence."
"p34-942c9ba50bf2742aecae","tests/e2e/access-gates.spec.ts","27","published Chronicle catalog is public while Studio remains protected","chromium","authentication-authorization","retired shared PlayerExperience access flow","CURRENT_PRODUCT_CONTRACT","CURRENT_CONTRACT_MIGRATED","browser.auth","sl-auth-published-chronicle-catalog-is-public-while-studio-remains-prote-3ac3f18f15-v1","tests/e2e/access-gates.spec.ts","authentication-authorization","The current governed case protects the same observable product contract in its owned focused family.","Mapped by exact current identity or focused browser.auth contract ownership; no P34 container is selected.","Historical Playwright discovery at 073e09b1bc0ded5b0d595bf99f0db1b11aafb3b9; P34 remains archived, unselectable, and unexecuted.","Historical outcomes are archival evidence, not current release evidence."
"p34-3cafbee05bbec6390171","tests/e2e/animations.spec.ts","4","first arrival supports skip, replay, reduced motion, and a semantic destination","chromium","journal-ready-state","retired PlayerExperience presentation lifecycle","CURRENT_PRODUCT_CONTRACT","CURRENT_CONTRACT_MIGRATED","browser.animation-lifecycle","sl-animation-lifecycle-first-arrival-supports-skip-replay-reduced-motion-and-a-semantic-e1f21002f4-v1","tests/e2e/animations.spec.ts","journal-ready-state","The current governed case protects the same observable product contract in its owned focused family.","Mapped by exact current identity or focused browser.animation-lifecycle contract ownership; no P34 container is selected.","Historical Playwright discovery at 073e09b1bc0ded5b0d595bf99f0db1b11aafb3b9; P34 remains archived, unselectable, and unexecuted.","Historical outcomes are archival evidence, not current release evidence."
"p34-59521b48dd1ab1611901","tests/e2e/animations.spec.ts","37","development showcase exercises transport, trailer, assets, page turns, and local-only network policy","chromium","journal-ready-state","retired PlayerExperience presentation lifecycle","CURRENT_PRODUCT_CONTRACT","CURRENT_CONTRACT_MIGRATED","browser.animation-lifecycle","sl-animation-lifecycle-development-showcase-exercises-transport-trailer-assets-page-tur-534bd99267-v1","tests/e2e/animations.spec.ts","journal-ready-state","The current governed case protects the same observable product contract in its owned focused family.","Mapped by exact current identity or focused browser.animation-lifecycle contract ownership; no P34 container is selected.","Historical Playwright discovery at 073e09b1bc0ded5b0d595bf99f0db1b11aafb3b9; P34 remains archived, unselectable, and unexecuted.","Historical outcomes are archival evidence, not current release evidence."
"p34-fba6cc81f6239d923622","tests/e2e/chronicle-platform.spec.ts","11","the role gateway is responsive, reduced-motion aware, and never grants authorization","chromium","authentication-authorization","retired P34 broad browser container","CURRENT_PRODUCT_CONTRACT","CURRENT_CONTRACT_MIGRATED","browser.player-library","sl-player-library-the-role-gateway-is-responsive-reduced-motion-aware-and-never-gr-529c1b76f3-v1","tests/e2e/chronicle-platform.spec.ts","authentication-authorization","The current governed case protects the same observable product contract in its owned focused family.","Mapped by exact current identity or focused browser.player-library contract ownership; no P34 container is selected.","Historical Playwright discovery at 073e09b1bc0ded5b0d595bf99f0db1b11aafb3b9; P34 remains archived, unselectable, and unexecuted.","Historical outcomes are archival evidence, not current release evidence."
"p34-3ca377b9e14e6d8f511c","tests/e2e/chronicle-platform.spec.ts","31","Captain invitation, immutable version, Player runtime, archive, and revocation form one persisted journey","chromium","authentication-authorization","retired P34 broad browser container","CURRENT_PRODUCT_CONTRACT","CURRENT_CONTRACT_MIGRATED","browser.player-library","sl-player-library-captain-invitation-immutable-version-player-runtime-archive-and--3c47a781b8-v1","tests/e2e/chronicle-platform.spec.ts","authentication-authorization","The current governed case protects the same observable product contract in its owned focused family.","Mapped by exact current identity or focused browser.player-library contract ownership; no P34 container is selected.","Historical Playwright discovery at 073e09b1bc0ded5b0d595bf99f0db1b11aafb3b9; P34 remains archived, unselectable, and unexecuted.","Historical outcomes are archival evidence, not current release evidence."
"p34-3de9543dc96d439445a1","tests/e2e/chronicle-studio.spec.ts","35","published Studio tale completes through player, Captain, and helper contracts","chromium","authentication-authorization","retired shared PlayerExperience operator surface","CURRENT_PRODUCT_CONTRACT","CURRENT_CONTRACT_MIGRATED","browser.studio","sl-studio-published-studio-tale-completes-through-player-captain-and-helpe-b9d9f69858-v1","tests/e2e/chronicle-studio.spec.ts","authentication-authorization","The current governed case protects the same observable product contract in its owned focused family.","Mapped by exact current identity or focused browser.studio contract ownership; no P34 container is selected.","Historical Playwright discovery at 073e09b1bc0ded5b0d595bf99f0db1b11aafb3b9; P34 remains archived, unselectable, and unexecuted.","Historical outcomes are archival evidence, not current release evidence."
"p34-8dc11b96a4cd64538490","tests/e2e/chronicle-studio.spec.ts","169","Studio editor exposes searchable authoring tools and responsive isolated preview","chromium","authentication-authorization","retired shared PlayerExperience operator surface","CURRENT_PRODUCT_CONTRACT","CURRENT_CONTRACT_MIGRATED","browser.studio","sl-studio-studio-editor-exposes-searchable-authoring-tools-and-responsive--f527f14c48-v1","tests/e2e/chronicle-studio.spec.ts","authentication-authorization","The current governed case protects the same observable product contract in its owned focused family.","Mapped by exact current identity or focused browser.studio contract ownership; no P34 container is selected.","Historical Playwright discovery at 073e09b1bc0ded5b0d595bf99f0db1b11aafb3b9; P34 remains archived, unselectable, and unexecuted.","Historical outcomes are archival evidence, not current release evidence."
"p34-2dbeb10e1a2d05e19f5e","tests/e2e/chronicle-studio.spec.ts","225","creator authors, aligns, publishes, plays, and reviews a media-rich tale","chromium","authentication-authorization","retired shared PlayerExperience operator surface","CURRENT_PRODUCT_CONTRACT","CURRENT_CONTRACT_MIGRATED","browser.studio","sl-studio-creator-authors-aligns-publishes-plays-and-reviews-a-media-rich--1f7cd71205-v1","tests/e2e/chronicle-studio.spec.ts","authentication-authorization","The current governed case protects the same observable product contract in its owned focused family.","Mapped by exact current identity or focused browser.studio contract ownership; no P34 container is selected.","Historical Playwright discovery at 073e09b1bc0ded5b0d595bf99f0db1b11aafb3b9; P34 remains archived, unselectable, and unexecuted.","Historical outcomes are archival evidence, not current release evidence."
"p34-54ff2bdeb1a762b135fc","tests/e2e/command-center.spec.ts","78","preview is nonmutating, stale commands conflict, and idempotency replays safely","chromium","authentication-authorization","retired shared PlayerExperience operator surface","CURRENT_PRODUCT_CONTRACT","CURRENT_CONTRACT_MIGRATED","browser.captain","sl-captain-preview-is-nonmutating-stale-commands-conflict-and-idempotency-r-87aef0cf18-v1","tests/e2e/command-center.spec.ts","authentication-authorization","The current governed case protects the same observable product contract in its owned focused family.","Mapped by exact current identity or focused browser.captain contract ownership; no P34 container is selected.","Historical Playwright discovery at 073e09b1bc0ded5b0d595bf99f0db1b11aafb3b9; P34 remains archived, unselectable, and unexecuted.","Historical outcomes are archival evidence, not current release evidence."
"p34-674bead9e5733203edea","tests/e2e/command-center.spec.ts","147","Captain command preparation is browser-authenticated, durable, and idempotent","chromium","authentication-authorization","retired shared PlayerExperience operator surface","CURRENT_PRODUCT_CONTRACT","CURRENT_CONTRACT_MIGRATED","browser.captain","sl-captain-captain-command-preparation-is-browser-authenticated-durable-and-e4b2ec7a00-v1","tests/e2e/command-center.spec.ts","authentication-authorization","The current governed case protects the same observable product contract in its owned focused family.","Mapped by exact current identity or focused browser.captain contract ownership; no P34 container is selected.","Historical Playwright discovery at 073e09b1bc0ded5b0d595bf99f0db1b11aafb3b9; P34 remains archived, unselectable, and unexecuted.","Historical outcomes are archival evidence, not current release evidence."
"p34-6c7b1594ab6607772f01","tests/e2e/command-center.spec.ts","229","workspace routes preserve the newest Quartermaster surface and remain accessible","chromium","authentication-authorization","retired shared PlayerExperience operator surface","CURRENT_PRODUCT_CONTRACT","CURRENT_CONTRACT_MIGRATED","browser.captain","sl-captain-workspace-routes-preserve-the-newest-quartermaster-surface-and-r-5bf2a62eff-v1","tests/e2e/command-center.spec.ts","authentication-authorization","The current governed case protects the same observable product contract in its owned focused family.","Mapped by exact current identity or focused browser.captain contract ownership; no P34 container is selected.","Historical Playwright discovery at 073e09b1bc0ded5b0d595bf99f0db1b11aafb3b9; P34 remains archived, unselectable, and unexecuted.","Historical outcomes are archival evidence, not current release evidence."
"p34-d5758ce9ec8f2de3a563","tests/e2e/lanternwake-access-transitions.spec.ts","164","Lanternwake Phase 1 access transition final-state holds › Player invitation access holds its committed seal-release pose until the voyage surface is visible","chromium","authentication-authorization","retired shared PlayerExperience access flow","CURRENT_PRODUCT_CONTRACT","CURRENT_CONTRACT_MIGRATED","browser.invitations","sl-invitations-lanternwake-phase-1-access-transition-final-state-holds-player-i-79ee13eea4-v1","tests/e2e/lanternwake-access-transitions.spec.ts","authentication-authorization","The current governed case protects the same observable product contract in its owned focused family.","Mapped by exact current identity or focused browser.invitations contract ownership; no P34 container is selected.","Historical Playwright discovery at 073e09b1bc0ded5b0d595bf99f0db1b11aafb3b9; P34 remains archived, unselectable, and unexecuted.","Historical outcomes are archival evidence, not current release evidence."
"p34-1f6a48476107f32d1423","tests/e2e/lanternwake-access-transitions.spec.ts","197","Lanternwake Phase 1 access transition final-state holds › Quartermaster login holds its committed open-door pose until the command surface is visible","chromium","journal-ready-state","retired PlayerExperience presentation lifecycle","CURRENT_PRODUCT_CONTRACT","CURRENT_CONTRACT_MIGRATED","browser.player-journal","sl-player-journal-lanternwake-phase-1-access-transition-final-state-holds-quarterm-88b2aee3ac-v1","tests/e2e/lanternwake-access-transitions.spec.ts","journal-ready-state","The current governed case protects the same observable product contract in its owned focused family.","Mapped by exact current identity or focused browser.player-journal contract ownership; no P34 container is selected.","Historical Playwright discovery at 073e09b1bc0ded5b0d595bf99f0db1b11aafb3b9; P34 remains archived, unselectable, and unexecuted.","Historical outcomes are archival evidence, not current release evidence."
"p34-ea36ee8b86988644310a","tests/e2e/lanternwake-journal.spec.ts","586","Project Lanternwake Journal browser lifecycle › an active Journal opening releases listeners and requests within the browser unmount budget","chromium","journal-ready-state","retired PlayerExperience presentation lifecycle","CURRENT_PRODUCT_CONTRACT","CURRENT_CONTRACT_MIGRATED","browser.animation-lifecycle","sl-animation-lifecycle-project-lanternwake-journal-browser-lifecycle-an-active-journal--21ac89572b-v1","tests/e2e/lanternwake-journal.spec.ts","journal-ready-state","The current governed case protects the same observable product contract in its owned focused family.","Mapped by exact current identity or focused browser.animation-lifecycle contract ownership; no P34 container is selected.","Historical Playwright discovery at 073e09b1bc0ded5b0d595bf99f0db1b11aafb3b9; P34 remains archived, unselectable, and unexecuted.","Historical outcomes are archival evidence, not current release evidence."
"p34-83cb9910959055b2e072","tests/e2e/lanternwake-journal.spec.ts","601","Project Lanternwake Journal browser lifecycle › mode change and skip both reconcile the Journal to a readable final pose","chromium","journal-ready-state","retired PlayerExperience presentation lifecycle","CURRENT_PRODUCT_CONTRACT","CURRENT_CONTRACT_MIGRATED","browser.animation-lifecycle","sl-animation-lifecycle-project-lanternwake-journal-browser-lifecycle-mode-change-and-sk-7525f1f327-v1","tests/e2e/lanternwake-journal.spec.ts","journal-ready-state","The current governed case protects the same observable product contract in its owned focused family.","Mapped by exact current identity or focused browser.animation-lifecycle contract ownership; no P34 container is selected.","Historical Playwright discovery at 073e09b1bc0ded5b0d595bf99f0db1b11aafb3b9; P34 remains archived, unselectable, and unexecuted.","Historical outcomes are archival evidence, not current release evidence."
"p34-cf8e630f2b7ef049c394","tests/e2e/lanternwake-journal.spec.ts","627","Project Lanternwake Journal browser lifecycle › browser reduced motion reaches deterministic JOURNAL_READY with the static readable book","chromium","journal-ready-state","retired PlayerExperience presentation lifecycle","CURRENT_PRODUCT_CONTRACT","CURRENT_CONTRACT_MIGRATED","browser.animation-lifecycle","sl-animation-lifecycle-project-lanternwake-journal-browser-lifecycle-browser-reduced-mo-f9361e8f7d-v1","tests/e2e/lanternwake-journal.spec.ts","journal-ready-state","The current governed case protects the same observable product contract in its owned focused family.","Mapped by exact current identity or focused browser.animation-lifecycle contract ownership; no P34 container is selected.","Historical Playwright discovery at 073e09b1bc0ded5b0d595bf99f0db1b11aafb3b9; P34 remains archived, unselectable, and unexecuted.","Historical outcomes are archival evidence, not current release evidence."
"p34-b44abce60e3b5460d412","tests/e2e/lanternwake-journal.spec.ts","658","Project Lanternwake Journal browser lifecycle › repeated returning-opening replays do not accumulate observable listeners, sources, or requests","chromium","journal-ready-state","retired PlayerExperience presentation lifecycle","CURRENT_PRODUCT_CONTRACT","CURRENT_CONTRACT_MIGRATED","browser.animation-lifecycle","sl-animation-lifecycle-project-lanternwake-journal-browser-lifecycle-repeated-returning-46abdbebbd-v1","tests/e2e/lanternwake-journal.spec.ts","journal-ready-state","The current governed case protects the same observable product contract in its owned focused family.","Mapped by exact current identity or focused browser.animation-lifecycle contract ownership; no P34 container is selected.","Historical Playwright discovery at 073e09b1bc0ded5b0d595bf99f0db1b11aafb3b9; P34 remains archived, unselectable, and unexecuted.","Historical outcomes are archival evidence, not current release evidence."
"p34-d86b37165d254a0210ed","tests/e2e/lanternwake-journal.spec.ts","699","Project Lanternwake Journal browser lifecycle › manual full and abbreviated opening profiles preserve controls and restore their focus","chromium","journal-ready-state","retired PlayerExperience presentation lifecycle","CURRENT_PRODUCT_CONTRACT","CURRENT_CONTRACT_MIGRATED","browser.animation-lifecycle","sl-animation-lifecycle-project-lanternwake-journal-browser-lifecycle-manual-full-and-ab-8db86c142b-v1","tests/e2e/lanternwake-journal.spec.ts","journal-ready-state","The current governed case protects the same observable product contract in its owned focused family.","Mapped by exact current identity or focused browser.animation-lifecycle contract ownership; no P34 container is selected.","Historical Playwright discovery at 073e09b1bc0ded5b0d595bf99f0db1b11aafb3b9; P34 remains archived, unselectable, and unexecuted.","Historical outcomes are archival evidence, not current release evidence."
"p34-d78d0ba10a9ab2261265","tests/e2e/lanternwake-journal.spec.ts","721","Project Lanternwake Journal browser lifecycle › PageFlip control and keyboard turns retain exact visible-primary authority and focus","chromium","authentication-authorization","retired P34 broad browser container","CURRENT_PRODUCT_CONTRACT","CURRENT_CONTRACT_MIGRATED","browser.accessibility","sl-accessibility-project-lanternwake-journal-browser-lifecycle-pageflip-control-a-95e2902511-v1","tests/e2e/lanternwake-journal.spec.ts","authentication-authorization","The current governed case protects the same observable product contract in its owned focused family.","Mapped by exact current identity or focused browser.accessibility contract ownership; no P34 container is selected.","Historical Playwright discovery at 073e09b1bc0ded5b0d595bf99f0db1b11aafb3b9; P34 remains archived, unselectable, and unexecuted.","Historical outcomes are archival evidence, not current release evidence."
"p34-761546dd269451038343","tests/e2e/lanternwake-journal.spec.ts","779","Project Lanternwake Journal browser lifecycle › missing opening actor and infinite CSS timing converge to a readable final pose","chromium","journal-ready-state","retired PlayerExperience presentation lifecycle","CURRENT_PRODUCT_CONTRACT","CURRENT_CONTRACT_MIGRATED","browser.animation-lifecycle","sl-animation-lifecycle-project-lanternwake-journal-browser-lifecycle-missing-opening-ac-4ff1beed92-v1","tests/e2e/lanternwake-journal.spec.ts","journal-ready-state","The current governed case protects the same observable product contract in its owned focused family.","Mapped by exact current identity or focused browser.animation-lifecycle contract ownership; no P34 container is selected.","Historical Playwright discovery at 073e09b1bc0ded5b0d595bf99f0db1b11aafb3b9; P34 remains archived, unselectable, and unexecuted.","Historical outcomes are archival evidence, not current release evidence."
"p34-fa29f3fb0994e96b529c","tests/e2e/lanternwake-journal.spec.ts","806","Project Lanternwake Journal browser lifecycle › a PageFlip readiness interruption exposes the static current page without stale clones","chromium","journal-ready-state","retired PlayerExperience presentation lifecycle","CURRENT_PRODUCT_CONTRACT","CURRENT_CONTRACT_MIGRATED","browser.animation-lifecycle","sl-animation-lifecycle-project-lanternwake-journal-browser-lifecycle-a-pageflip-readine-2b3e96af7a-v1","tests/e2e/lanternwake-journal.spec.ts","journal-ready-state","The current governed case protects the same observable product contract in its owned focused family.","Mapped by exact current identity or focused browser.animation-lifecycle contract ownership; no P34 container is selected.","Historical Playwright discovery at 073e09b1bc0ded5b0d595bf99f0db1b11aafb3b9; P34 remains archived, unselectable, and unexecuted.","Historical outcomes are archival evidence, not current release evidence."
"p34-1105c8339ea23789ead2","tests/e2e/lanternwake-journal.spec.ts","824","Project Lanternwake Journal browser lifecycle › PageFlip dynamic-import failure reports failed lifecycle and preserves a readable static page","chromium","journal-ready-state","retired PlayerExperience presentation lifecycle","CURRENT_PRODUCT_CONTRACT","CURRENT_CONTRACT_MIGRATED","browser.animation-lifecycle","sl-animation-lifecycle-project-lanternwake-journal-browser-lifecycle-pageflip-dynamic-i-1cad3d622d-v1","tests/e2e/lanternwake-journal.spec.ts","journal-ready-state","The current governed case protects the same observable product contract in its owned focused family.","Mapped by exact current identity or focused browser.animation-lifecycle contract ownership; no P34 container is selected.","Historical Playwright discovery at 073e09b1bc0ded5b0d595bf99f0db1b11aafb3b9; P34 remains archived, unselectable, and unexecuted.","Historical outcomes are archival evidence, not current release evidence."
"p34-0d05164b2b6f6de7d630","tests/e2e/lanternwake-journal.spec.ts","824","Project Lanternwake Journal browser lifecycle › PageFlip runtime-init failure reports failed lifecycle and preserves a readable static page","chromium","journal-ready-state","retired PlayerExperience presentation lifecycle","CURRENT_PRODUCT_CONTRACT","CURRENT_CONTRACT_MIGRATED","browser.animation-lifecycle","sl-animation-lifecycle-project-lanternwake-journal-browser-lifecycle-pageflip-runtime-i-58e7666525-v1","tests/e2e/lanternwake-journal.spec.ts","journal-ready-state","The current governed case protects the same observable product contract in its owned focused family.","Mapped by exact current identity or focused browser.animation-lifecycle contract ownership; no P34 container is selected.","Historical Playwright discovery at 073e09b1bc0ded5b0d595bf99f0db1b11aafb3b9; P34 remains archived, unselectable, and unexecuted.","Historical outcomes are archival evidence, not current release evidence."
"p34-cbc06b766ba59116fc0f","tests/e2e/lanternwake-journal.spec.ts","824","Project Lanternwake Journal browser lifecycle › PageFlip readiness-probe failure reports failed lifecycle and preserves a readable static page","chromium","journal-ready-state","retired PlayerExperience presentation lifecycle","CURRENT_PRODUCT_CONTRACT","CURRENT_CONTRACT_MIGRATED","browser.animation-lifecycle","sl-animation-lifecycle-project-lanternwake-journal-browser-lifecycle-pageflip-readiness-4c49276ef6-v1","tests/e2e/lanternwake-journal.spec.ts","journal-ready-state","The current governed case protects the same observable product contract in its owned focused family.","Mapped by exact current identity or focused browser.animation-lifecycle contract ownership; no P34 container is selected.","Historical Playwright discovery at 073e09b1bc0ded5b0d595bf99f0db1b11aafb3b9; P34 remains archived, unselectable, and unexecuted.","Historical outcomes are archival evidence, not current release evidence."
"p34-861fa4e8a6e1cf2f0b08","tests/e2e/lanternwake-journal.spec.ts","864","Project Lanternwake Journal browser lifecycle › completed archive auto-opens quietly, remains read-only, and preserves replay","chromium","journal-ready-state","retired PlayerExperience presentation lifecycle","CURRENT_PRODUCT_CONTRACT","CURRENT_CONTRACT_MIGRATED","browser.animation-lifecycle","sl-animation-lifecycle-project-lanternwake-journal-browser-lifecycle-completed-archive--9ee04c1850-v1","tests/e2e/lanternwake-journal.spec.ts","journal-ready-state","The current governed case protects the same observable product contract in its owned focused family.","Mapped by exact current identity or focused browser.animation-lifecycle contract ownership; no P34 container is selected.","Historical Playwright discovery at 073e09b1bc0ded5b0d595bf99f0db1b11aafb3b9; P34 remains archived, unselectable, and unexecuted.","Historical outcomes are archival evidence, not current release evidence."
"p34-9b45fcef0b55784fb86a","tests/e2e/lanternwake-phase1.spec.ts","181","Project Lanternwake Phase 1 presentation truth › a missing Journal opening target settles a readable fallback without changing canonical chapter truth","chromium","journal-ready-state","retired PlayerExperience presentation lifecycle","CURRENT_PRODUCT_CONTRACT","CURRENT_CONTRACT_MIGRATED","browser.player-journal","sl-player-journal-project-lanternwake-phase-1-presentation-truth-a-missing-journal-0f965fb222-v1","tests/e2e/lanternwake-phase1.spec.ts","journal-ready-state","The current governed case protects the same observable product contract in its owned focused family.","Mapped by exact current identity or focused browser.player-journal contract ownership; no P34 container is selected.","Historical Playwright discovery at 073e09b1bc0ded5b0d595bf99f0db1b11aafb3b9; P34 remains archived, unselectable, and unexecuted.","Historical outcomes are archival evidence, not current release evidence."
"p34-2be0a83c7f7b0054deb1","tests/e2e/lanternwake-phase1.spec.ts","271","Project Lanternwake Phase 1 presentation truth › canonical Journal opening replays and refreshes without mutating session or audit truth","chromium","journal-ready-state","retired PlayerExperience presentation lifecycle","CURRENT_PRODUCT_CONTRACT","CURRENT_CONTRACT_MIGRATED","browser.player-journal","sl-player-journal-project-lanternwake-phase-1-presentation-truth-canonical-journal-4e6d07d341-v1","tests/e2e/lanternwake-phase1.spec.ts","journal-ready-state","The current governed case protects the same observable product contract in its owned focused family.","Mapped by exact current identity or focused browser.player-journal contract ownership; no P34 container is selected.","Historical Playwright discovery at 073e09b1bc0ded5b0d595bf99f0db1b11aafb3b9; P34 remains archived, unselectable, and unexecuted.","Historical outcomes are archival evidence, not current release evidence."
"p34-f02923f3b5262c8fcd0e","tests/e2e/lanternwake-phase2.spec.ts","395","Project Lanternwake Phase 2 StPageFlip boundary › full motion keeps source, clone identity, accessibility, and all turn paths inside StPageFlip authority","chromium","authentication-authorization","retired P34 broad browser container","CURRENT_PRODUCT_CONTRACT","CURRENT_CONTRACT_MIGRATED","browser.accessibility","sl-accessibility-project-lanternwake-phase-2-stpageflip-boundary-full-motion-keep-54138fd7a5-v1","tests/e2e/lanternwake-phase2.spec.ts","authentication-authorization","The current governed case protects the same observable product contract in its owned focused family.","Mapped by exact current identity or focused browser.accessibility contract ownership; no P34 container is selected.","Historical Playwright discovery at 073e09b1bc0ded5b0d595bf99f0db1b11aafb3b9; P34 remains archived, unselectable, and unexecuted.","Historical outcomes are archival evidence, not current release evidence."
"p34-fefe7b0081292a69858b","tests/e2e/lanternwake-phase2.spec.ts","433","Project Lanternwake Phase 2 StPageFlip boundary › twenty showcase remount cycles return public host, target, claim, runtime, and retained-node counts to baseline","chromium","journal-ready-state","retired PlayerExperience presentation lifecycle","CURRENT_PRODUCT_CONTRACT","CURRENT_CONTRACT_MIGRATED","browser.animation-lifecycle","sl-animation-lifecycle-project-lanternwake-phase-2-stpageflip-boundary-twenty-showcase--341baa9d8d-v1","tests/e2e/lanternwake-phase2.spec.ts","journal-ready-state","The current governed case protects the same observable product contract in its owned focused family.","Mapped by exact current identity or focused browser.animation-lifecycle contract ownership; no P34 container is selected.","Historical Playwright discovery at 073e09b1bc0ded5b0d595bf99f0db1b11aafb3b9; P34 remains archived, unselectable, and unexecuted.","Historical outcomes are archival evidence, not current release evidence."
"p34-c0e66ec0cb7bc3fc76e1","tests/e2e/lanternwake-phase2.spec.ts","466","Project Lanternwake Phase 2 StPageFlip boundary › reduced motion renders one readable static page and no StPageFlip runtime","chromium","journal-ready-state","retired PlayerExperience presentation lifecycle","CURRENT_PRODUCT_CONTRACT","CURRENT_CONTRACT_MIGRATED","browser.animation-lifecycle","sl-animation-lifecycle-project-lanternwake-phase-2-stpageflip-boundary-reduced-motion-r-63bab91c6f-v1","tests/e2e/lanternwake-phase2.spec.ts","journal-ready-state","The current governed case protects the same observable product contract in its owned focused family.","Mapped by exact current identity or focused browser.animation-lifecycle contract ownership; no P34 container is selected.","Historical Playwright discovery at 073e09b1bc0ded5b0d595bf99f0db1b11aafb3b9; P34 remains archived, unselectable, and unexecuted.","Historical outcomes are archival evidence, not current release evidence."
"p34-e81459f76bfe3c0a7248","tests/e2e/lanternwake-phase2.spec.ts","481","Project Lanternwake Phase 2 StPageFlip boundary › content revision and orientation changes revoke the old generation and expose zero retained references","chromium","journal-ready-state","retired PlayerExperience presentation lifecycle","CURRENT_PRODUCT_CONTRACT","CURRENT_CONTRACT_MIGRATED","browser.animation-lifecycle","sl-animation-lifecycle-project-lanternwake-phase-2-stpageflip-boundary-content-revision-e9d6f234aa-v1","tests/e2e/lanternwake-phase2.spec.ts","journal-ready-state","The current governed case protects the same observable product contract in its owned focused family.","Mapped by exact current identity or focused browser.animation-lifecycle contract ownership; no P34 container is selected.","Historical Playwright discovery at 073e09b1bc0ded5b0d595bf99f0db1b11aafb3b9; P34 remains archived, unselectable, and unexecuted.","Historical outcomes are archival evidence, not current release evidence."
"p34-c3712896a107f4b68aca","tests/e2e/lanternwake-phase2.spec.ts","572","Project Lanternwake Phase 2 StPageFlip boundary › only the current visible Passage remains interactive in the canonical Journal PageFlip boundary","chromium","journal-ready-state","retired PlayerExperience presentation lifecycle","CURRENT_PRODUCT_CONTRACT","CURRENT_CONTRACT_MIGRATED","browser.animation-lifecycle","sl-animation-lifecycle-project-lanternwake-phase-2-stpageflip-boundary-only-the-current-2ba8aa3e7b-v1","tests/e2e/lanternwake-phase2.spec.ts","journal-ready-state","The current governed case protects the same observable product contract in its owned focused family.","Mapped by exact current identity or focused browser.animation-lifecycle contract ownership; no P34 container is selected.","Historical Playwright discovery at 073e09b1bc0ded5b0d595bf99f0db1b11aafb3b9; P34 remains archived, unselectable, and unexecuted.","Historical outcomes are archival evidence, not current release evidence."
"p34-d779aa8dee00dcf98e9b","tests/e2e/lanternwake-phase2.spec.ts","618","Project Lanternwake Phase 2 showcase tombstones › deprecated journal and page-turn rows name their replacements without creating a fake Director receipt","chromium","journal-ready-state","retired PlayerExperience presentation lifecycle","CURRENT_PRODUCT_CONTRACT","CURRENT_CONTRACT_MIGRATED","browser.player-journal","sl-player-journal-project-lanternwake-phase-2-showcase-tombstones-deprecated-journ-533c8d890a-v1","tests/e2e/lanternwake-phase2.spec.ts","journal-ready-state","The current governed case protects the same observable product contract in its owned focused family.","Mapped by exact current identity or focused browser.player-journal contract ownership; no P34 container is selected.","Historical Playwright discovery at 073e09b1bc0ded5b0d595bf99f0db1b11aafb3b9; P34 remains archived, unselectable, and unexecuted.","Historical outcomes are archival evidence, not current release evidence."
"p34-4c17089a19c9f41f2952","tests/e2e/lanternwake-phase2.spec.ts","650","Project Lanternwake Phase 2 Captain's Console boundaries › login is aria-busy, single-flight, and returns focus after a failed key","chromium","authentication-authorization","retired shared PlayerExperience operator surface","CURRENT_PRODUCT_CONTRACT","CURRENT_CONTRACT_MIGRATED","browser.captain","sl-captain-project-lanternwake-phase-2-captain-s-console-boundaries-login-i-e1812ee1d7-v1","tests/e2e/lanternwake-phase2.spec.ts","authentication-authorization","The current governed case protects the same observable product contract in its owned focused family.","Mapped by exact current identity or focused browser.captain contract ownership; no P34 container is selected.","Historical Playwright discovery at 073e09b1bc0ded5b0d595bf99f0db1b11aafb3b9; P34 remains archived, unselectable, and unexecuted.","Historical outcomes are archival evidence, not current release evidence."
"p34-8b862e6e5052ff58eee3","tests/e2e/lanternwake-phase2.spec.ts","688","Project Lanternwake Phase 2 Captain's Console boundaries › Voyage creation is modal, keeps focus inside its canonical flow, and restores its exact trigger","chromium","authentication-authorization","retired shared PlayerExperience operator surface","CURRENT_PRODUCT_CONTRACT","CURRENT_CONTRACT_MIGRATED","browser.captain","sl-captain-project-lanternwake-phase-2-captain-s-console-boundaries-voyage--c763ff1d66-v1","tests/e2e/lanternwake-phase2.spec.ts","authentication-authorization","The current governed case protects the same observable product contract in its owned focused family.","Mapped by exact current identity or focused browser.captain contract ownership; no P34 container is selected.","Historical Playwright discovery at 073e09b1bc0ded5b0d595bf99f0db1b11aafb3b9; P34 remains archived, unselectable, and unexecuted.","Historical outcomes are archival evidence, not current release evidence."
"p34-9c70992b05d04fcf157a","tests/e2e/lanternwake-phase2.spec.ts","721","Project Lanternwake Phase 2 Captain's Console boundaries › a committed Voyage creation restores focus to its exact Captain's Console trigger","chromium","authentication-authorization","retired shared PlayerExperience operator surface","CURRENT_PRODUCT_CONTRACT","CURRENT_CONTRACT_MIGRATED","browser.captain","sl-captain-project-lanternwake-phase-2-captain-s-console-boundaries-a-commi-33cc64778d-v1","tests/e2e/lanternwake-phase2.spec.ts","authentication-authorization","The current governed case protects the same observable product contract in its owned focused family.","Mapped by exact current identity or focused browser.captain contract ownership; no P34 container is selected.","Historical Playwright discovery at 073e09b1bc0ded5b0d595bf99f0db1b11aafb3b9; P34 remains archived, unselectable, and unexecuted.","Historical outcomes are archival evidence, not current release evidence."
"p34-620a3e074370440ffb46","tests/e2e/lanternwake-phase2.spec.ts","747","Project Lanternwake Phase 2 Player integration evidence gaps › the canonical Journal publishes one readable Passage only after its PageFlip boundary is ready","chromium","journal-ready-state","retired PlayerExperience presentation lifecycle","CURRENT_PRODUCT_CONTRACT","CURRENT_CONTRACT_MIGRATED","browser.animation-lifecycle","sl-animation-lifecycle-project-lanternwake-phase-2-player-integration-evidence-gaps-the-7db40252a7-v1","tests/e2e/lanternwake-phase2.spec.ts","journal-ready-state","The current governed case protects the same observable product contract in its owned focused family.","Mapped by exact current identity or focused browser.animation-lifecycle contract ownership; no P34 container is selected.","Historical Playwright discovery at 073e09b1bc0ded5b0d595bf99f0db1b11aafb3b9; P34 remains archived, unselectable, and unexecuted.","Historical outcomes are archival evidence, not current release evidence."
"p34-97d60e061f1e4312fd80","tests/e2e/lanternwake-phase2.spec.ts","765","Project Lanternwake Phase 2 Player integration evidence gaps › a stale PageFlip clone never becomes an interactive Passage or acquires authority","chromium","journal-ready-state","retired PlayerExperience presentation lifecycle","CURRENT_PRODUCT_CONTRACT","CURRENT_CONTRACT_MIGRATED","browser.animation-lifecycle","sl-animation-lifecycle-project-lanternwake-phase-2-player-integration-evidence-gaps-a-s-8c814c7799-v1","tests/e2e/lanternwake-phase2.spec.ts","journal-ready-state","The current governed case protects the same observable product contract in its owned focused family.","Mapped by exact current identity or focused browser.animation-lifecycle contract ownership; no P34 container is selected.","Historical Playwright discovery at 073e09b1bc0ded5b0d595bf99f0db1b11aafb3b9; P34 remains archived, unselectable, and unexecuted.","Historical outcomes are archival evidence, not current release evidence."
"p34-5bac07eeb4fa5172e2ec","tests/e2e/lanternwake-phase2.spec.ts","798","Project Lanternwake Phase 2 required viewports › 2560x1440 keeps showcase, PageFlip fallback, and access controls readable without horizontal overflow","chromium","authentication-authorization","retired P34 broad browser container","CURRENT_PRODUCT_CONTRACT","CURRENT_CONTRACT_MIGRATED","browser.responsive","sl-responsive-project-lanternwake-phase-2-required-viewports-2560x1440-keeps-s-79cf8113ab-v1","tests/e2e/lanternwake-phase2.spec.ts","authentication-authorization","The current governed case protects the same observable product contract in its owned focused family.","Mapped by exact current identity or focused browser.responsive contract ownership; no P34 container is selected.","Historical Playwright discovery at 073e09b1bc0ded5b0d595bf99f0db1b11aafb3b9; P34 remains archived, unselectable, and unexecuted.","Historical outcomes are archival evidence, not current release evidence."
"p34-7937315fc1625b13f19a","tests/e2e/lanternwake-phase2.spec.ts","798","Project Lanternwake Phase 2 required viewports › 1920x1080 keeps showcase, PageFlip fallback, and access controls readable without horizontal overflow","chromium","authentication-authorization","retired P34 broad browser container","CURRENT_PRODUCT_CONTRACT","CURRENT_CONTRACT_MIGRATED","browser.responsive","sl-responsive-project-lanternwake-phase-2-required-viewports-1920x1080-keeps-s-f0edf7ba0c-v1","tests/e2e/lanternwake-phase2.spec.ts","authentication-authorization","The current governed case protects the same observable product contract in its owned focused family.","Mapped by exact current identity or focused browser.responsive contract ownership; no P34 container is selected.","Historical Playwright discovery at 073e09b1bc0ded5b0d595bf99f0db1b11aafb3b9; P34 remains archived, unselectable, and unexecuted.","Historical outcomes are archival evidence, not current release evidence."
"p34-9d9469ed614fde985893","tests/e2e/lanternwake-phase2.spec.ts","798","Project Lanternwake Phase 2 required viewports › 1440x900 keeps showcase, PageFlip fallback, and access controls readable without horizontal overflow","chromium","authentication-authorization","retired P34 broad browser container","CURRENT_PRODUCT_CONTRACT","CURRENT_CONTRACT_MIGRATED","browser.responsive","sl-responsive-project-lanternwake-phase-2-required-viewports-1440x900-keeps-sh-5499b32235-v1","tests/e2e/lanternwake-phase2.spec.ts","authentication-authorization","The current governed case protects the same observable product contract in its owned focused family.","Mapped by exact current identity or focused browser.responsive contract ownership; no P34 container is selected.","Historical Playwright discovery at 073e09b1bc0ded5b0d595bf99f0db1b11aafb3b9; P34 remains archived, unselectable, and unexecuted.","Historical outcomes are archival evidence, not current release evidence."
"p34-bf78655c69b3e01c178f","tests/e2e/lanternwake-phase2.spec.ts","798","Project Lanternwake Phase 2 required viewports › 430x932 keeps showcase, PageFlip fallback, and access controls readable without horizontal overflow","chromium","authentication-authorization","retired P34 broad browser container","CURRENT_PRODUCT_CONTRACT","CURRENT_CONTRACT_MIGRATED","browser.responsive","sl-responsive-project-lanternwake-phase-2-required-viewports-430x932-keeps-sho-5dea00814e-v1","tests/e2e/lanternwake-phase2.spec.ts","authentication-authorization","The current governed case protects the same observable product contract in its owned focused family.","Mapped by exact current identity or focused browser.responsive contract ownership; no P34 container is selected.","Historical Playwright discovery at 073e09b1bc0ded5b0d595bf99f0db1b11aafb3b9; P34 remains archived, unselectable, and unexecuted.","Historical outcomes are archival evidence, not current release evidence."
"p34-e41d21c7c24bdc397b15","tests/e2e/lanternwake-phase2.spec.ts","798","Project Lanternwake Phase 2 required viewports › 390x844 keeps showcase, PageFlip fallback, and access controls readable without horizontal overflow","chromium","authentication-authorization","retired P34 broad browser container","CURRENT_PRODUCT_CONTRACT","CURRENT_CONTRACT_MIGRATED","browser.responsive","sl-responsive-project-lanternwake-phase-2-required-viewports-390x844-keeps-sho-ea632bd15a-v1","tests/e2e/lanternwake-phase2.spec.ts","authentication-authorization","The current governed case protects the same observable product contract in its owned focused family.","Mapped by exact current identity or focused browser.responsive contract ownership; no P34 container is selected.","Historical Playwright discovery at 073e09b1bc0ded5b0d595bf99f0db1b11aafb3b9; P34 remains archived, unselectable, and unexecuted.","Historical outcomes are archival evidence, not current release evidence."
"p34-8b7953be6a7ed41db19c","tests/e2e/lanternwake-phase2.spec.ts","798","Project Lanternwake Phase 2 required viewports › 844x390 keeps showcase, PageFlip fallback, and access controls readable without horizontal overflow","chromium","authentication-authorization","retired P34 broad browser container","CURRENT_PRODUCT_CONTRACT","CURRENT_CONTRACT_MIGRATED","browser.responsive","sl-responsive-project-lanternwake-phase-2-required-viewports-844x390-keeps-sho-76457b5537-v1","tests/e2e/lanternwake-phase2.spec.ts","authentication-authorization","The current governed case protects the same observable product contract in its owned focused family.","Mapped by exact current identity or focused browser.responsive contract ownership; no P34 container is selected.","Historical Playwright discovery at 073e09b1bc0ded5b0d595bf99f0db1b11aafb3b9; P34 remains archived, unselectable, and unexecuted.","Historical outcomes are archival evidence, not current release evidence."
"p34-5c45c18c5914af813f7d","tests/e2e/lanternwake-phase4.spec.ts","9","Phase 4 gateway and authentication remain readable, responsive, and truthful in reduced motion","chromium","authentication-authorization","retired shared PlayerExperience access flow","CURRENT_PRODUCT_CONTRACT","CURRENT_CONTRACT_MIGRATED","browser.auth","sl-auth-phase-4-gateway-and-authentication-remain-readable-responsive-an-1fc4b88f64-v1","tests/e2e/lanternwake-phase4.spec.ts","authentication-authorization","The current governed case protects the same observable product contract in its owned focused family.","Mapped by exact current identity or focused browser.auth contract ownership; no P34 container is selected.","Historical Playwright discovery at 073e09b1bc0ded5b0d595bf99f0db1b11aafb3b9; P34 remains archived, unselectable, and unexecuted.","Historical outcomes are archival evidence, not current release evidence."
"p34-f24d5b94dc494d9b84a3","tests/e2e/lanternwake-phase4.spec.ts","38","Phase 4 Studio More actions are keyboard-operated and stay inside the mobile viewport","chromium","authentication-authorization","retired shared PlayerExperience operator surface","CURRENT_PRODUCT_CONTRACT","CURRENT_CONTRACT_MIGRATED","browser.studio","sl-studio-phase-4-studio-more-actions-are-keyboard-operated-and-stay-insid-d4b8cb20ae-v1","tests/e2e/lanternwake-phase4.spec.ts","authentication-authorization","The current governed case protects the same observable product contract in its owned focused family.","Mapped by exact current identity or focused browser.studio contract ownership; no P34 container is selected.","Historical Playwright discovery at 073e09b1bc0ded5b0d595bf99f0db1b11aafb3b9; P34 remains archived, unselectable, and unexecuted.","Historical outcomes are archival evidence, not current release evidence."
"p34-12178f3cfd92f3588fc5","tests/e2e/phase3-accessibility-viewports.spec.ts","512","Project Lanternwake Phase 3 accessibility and six required viewports › 2560x1440 journal-first-opening is readable, reachable, and sound-independent","chromium","authentication-authorization","retired P34 broad browser container","CURRENT_PRODUCT_CONTRACT","CURRENT_CONTRACT_MIGRATED","browser.accessibility","sl-accessibility-project-lanternwake-phase-3-accessibility-and-six-required-viewp-7d2c9e1168-v1","tests/e2e/phase3-accessibility-viewports.spec.ts","authentication-authorization","The current governed case protects the same observable product contract in its owned focused family.","Mapped by exact current identity or focused browser.accessibility contract ownership; no P34 container is selected.","Historical Playwright discovery at 073e09b1bc0ded5b0d595bf99f0db1b11aafb3b9; P34 remains archived, unselectable, and unexecuted.","Historical outcomes are archival evidence, not current release evidence."
"p34-facdef455a69e3c021c3","tests/e2e/phase3-accessibility-viewports.spec.ts","512","Project Lanternwake Phase 3 accessibility and six required viewports › 2560x1440 journal-reentry is readable, reachable, and sound-independent","chromium","authentication-authorization","retired P34 broad browser container","CURRENT_PRODUCT_CONTRACT","CURRENT_CONTRACT_MIGRATED","browser.accessibility","sl-accessibility-project-lanternwake-phase-3-accessibility-and-six-required-viewp-36b37715e2-v1","tests/e2e/phase3-accessibility-viewports.spec.ts","authentication-authorization","The current governed case protects the same observable product contract in its owned focused family.","Mapped by exact current identity or focused browser.accessibility contract ownership; no P34 container is selected.","Historical Playwright discovery at 073e09b1bc0ded5b0d595bf99f0db1b11aafb3b9; P34 remains archived, unselectable, and unexecuted.","Historical outcomes are archival evidence, not current release evidence."
"p34-6c5800fb98e94ce8e517","tests/e2e/phase3-accessibility-viewports.spec.ts","512","Project Lanternwake Phase 3 accessibility and six required viewports › 2560x1440 chapter-release is readable, reachable, and sound-independent","chromium","authentication-authorization","retired P34 broad browser container","CURRENT_PRODUCT_CONTRACT","CURRENT_CONTRACT_MIGRATED","browser.accessibility","sl-accessibility-project-lanternwake-phase-3-accessibility-and-six-required-viewp-d31f3d057c-v1","tests/e2e/phase3-accessibility-viewports.spec.ts","authentication-authorization","The current governed case protects the same observable product contract in its owned focused family.","Mapped by exact current identity or focused browser.accessibility contract ownership; no P34 container is selected.","Historical Playwright discovery at 073e09b1bc0ded5b0d595bf99f0db1b11aafb3b9; P34 remains archived, unselectable, and unexecuted.","Historical outcomes are archival evidence, not current release evidence."
"p34-09c1c0eb24aeaab536c6","tests/e2e/phase3-accessibility-viewports.spec.ts","512","Project Lanternwake Phase 3 accessibility and six required viewports › 2560x1440 map-location is readable, reachable, and sound-independent","chromium","authentication-authorization","retired P34 broad browser container","CURRENT_PRODUCT_CONTRACT","CURRENT_CONTRACT_MIGRATED","browser.accessibility","sl-accessibility-project-lanternwake-phase-3-accessibility-and-six-required-viewp-d131943d4b-v1","tests/e2e/phase3-accessibility-viewports.spec.ts","authentication-authorization","The current governed case protects the same observable product contract in its owned focused family.","Mapped by exact current identity or focused browser.accessibility contract ownership; no P34 container is selected.","Historical Playwright discovery at 073e09b1bc0ded5b0d595bf99f0db1b11aafb3b9; P34 remains archived, unselectable, and unexecuted.","Historical outcomes are archival evidence, not current release evidence."
"p34-8f4373d293639abe96ff","tests/e2e/phase3-accessibility-viewports.spec.ts","512","Project Lanternwake Phase 3 accessibility and six required viewports › 2560x1440 route-reveal is readable, reachable, and sound-independent","chromium","authentication-authorization","retired P34 broad browser container","CURRENT_PRODUCT_CONTRACT","CURRENT_CONTRACT_MIGRATED","browser.accessibility","sl-accessibility-project-lanternwake-phase-3-accessibility-and-six-required-viewp-bce6ce7108-v1","tests/e2e/phase3-accessibility-viewports.spec.ts","authentication-authorization","The current governed case protects the same observable product contract in its owned focused family.","Mapped by exact current identity or focused browser.accessibility contract ownership; no P34 container is selected.","Historical Playwright discovery at 073e09b1bc0ded5b0d595bf99f0db1b11aafb3b9; P34 remains archived, unselectable, and unexecuted.","Historical outcomes are archival evidence, not current release evidence."
"p34-5a5ac040ea34dfd620ce","tests/e2e/phase3-accessibility-viewports.spec.ts","512","Project Lanternwake Phase 3 accessibility and six required viewports › 2560x1440 artifact-award is readable, reachable, and sound-independent","chromium","authentication-authorization","retired P34 broad browser container","CURRENT_PRODUCT_CONTRACT","CURRENT_CONTRACT_MIGRATED","browser.artifacts","sl-artifacts-project-lanternwake-phase-3-accessibility-and-six-required-viewp-647b5970d4-v1","tests/e2e/phase3-accessibility-viewports.spec.ts","authentication-authorization","The current governed case protects the same observable product contract in its owned focused family.","Mapped by exact current identity or focused browser.artifacts contract ownership; no P34 container is selected.","Historical Playwright discovery at 073e09b1bc0ded5b0d595bf99f0db1b11aafb3b9; P34 remains archived, unselectable, and unexecuted.","Historical outcomes are archival evidence, not current release evidence."
"p34-528abcd1b8401aa4cf49","tests/e2e/phase3-accessibility-viewports.spec.ts","512","Project Lanternwake Phase 3 accessibility and six required viewports › 2560x1440 quest-discovery is readable, reachable, and sound-independent","chromium","authentication-authorization","retired P34 broad browser container","CURRENT_PRODUCT_CONTRACT","CURRENT_CONTRACT_MIGRATED","browser.accessibility","sl-accessibility-project-lanternwake-phase-3-accessibility-and-six-required-viewp-cf493a80ae-v1","tests/e2e/phase3-accessibility-viewports.spec.ts","authentication-authorization","The current governed case protects the same observable product contract in its owned focused family.","Mapped by exact current identity or focused browser.accessibility contract ownership; no P34 container is selected.","Historical Playwright discovery at 073e09b1bc0ded5b0d595bf99f0db1b11aafb3b9; P34 remains archived, unselectable, and unexecuted.","Historical outcomes are archival evidence, not current release evidence."
"p34-494cac4be9f78aebadc3","tests/e2e/phase3-accessibility-viewports.spec.ts","512","Project Lanternwake Phase 3 accessibility and six required viewports › 2560x1440 log-entry is readable, reachable, and sound-independent","chromium","authentication-authorization","retired P34 broad browser container","CURRENT_PRODUCT_CONTRACT","CURRENT_CONTRACT_MIGRATED","browser.accessibility","sl-accessibility-project-lanternwake-phase-3-accessibility-and-six-required-viewp-8c6dfce1a9-v1","tests/e2e/phase3-accessibility-viewports.spec.ts","authentication-authorization","The current governed case protects the same observable product contract in its owned focused family.","Mapped by exact current identity or focused browser.accessibility contract ownership; no P34 container is selected.","Historical Playwright discovery at 073e09b1bc0ded5b0d595bf99f0db1b11aafb3b9; P34 remains archived, unselectable, and unexecuted.","Historical outcomes are archival evidence, not current release evidence."
"p34-eea0e6b09052b848d5eb","tests/e2e/phase3-accessibility-viewports.spec.ts","512","Project Lanternwake Phase 3 accessibility and six required viewports › 2560x1440 finale-tease is readable, reachable, and sound-independent","chromium","authentication-authorization","retired P34 broad browser container","CURRENT_PRODUCT_CONTRACT","CURRENT_CONTRACT_MIGRATED","browser.accessibility","sl-accessibility-project-lanternwake-phase-3-accessibility-and-six-required-viewp-824c8ea4d4-v1","tests/e2e/phase3-accessibility-viewports.spec.ts","authentication-authorization","The current governed case protects the same observable product contract in its owned focused family.","Mapped by exact current identity or focused browser.accessibility contract ownership; no P34 container is selected.","Historical Playwright discovery at 073e09b1bc0ded5b0d595bf99f0db1b11aafb3b9; P34 remains archived, unselectable, and unexecuted.","Historical outcomes are archival evidence, not current release evidence."
"p34-08f3662f6ce352341e92","tests/e2e/phase3-accessibility-viewports.spec.ts","512","Project Lanternwake Phase 3 accessibility and six required viewports › 2560x1440 pause is readable, reachable, and sound-independent","chromium","authentication-authorization","retired P34 broad browser container","CURRENT_PRODUCT_CONTRACT","CURRENT_CONTRACT_MIGRATED","browser.accessibility","sl-accessibility-project-lanternwake-phase-3-accessibility-and-six-required-viewp-2e3a07b3cc-v1","tests/e2e/phase3-accessibility-viewports.spec.ts","authentication-authorization","The current governed case protects the same observable product contract in its owned focused family.","Mapped by exact current identity or focused browser.accessibility contract ownership; no P34 container is selected.","Historical Playwright discovery at 073e09b1bc0ded5b0d595bf99f0db1b11aafb3b9; P34 remains archived, unselectable, and unexecuted.","Historical outcomes are archival evidence, not current release evidence."
"p34-8ea3b35c2627a09ef8ff","tests/e2e/phase3-accessibility-viewports.spec.ts","512","Project Lanternwake Phase 3 accessibility and six required viewports › 2560x1440 replay is readable, reachable, and sound-independent","chromium","authentication-authorization","retired P34 broad browser container","CURRENT_PRODUCT_CONTRACT","CURRENT_CONTRACT_MIGRATED","browser.accessibility","sl-accessibility-project-lanternwake-phase-3-accessibility-and-six-required-viewp-d079d60392-v1","tests/e2e/phase3-accessibility-viewports.spec.ts","authentication-authorization","The current governed case protects the same observable product contract in its owned focused family.","Mapped by exact current identity or focused browser.accessibility contract ownership; no P34 container is selected.","Historical Playwright discovery at 073e09b1bc0ded5b0d595bf99f0db1b11aafb3b9; P34 remains archived, unselectable, and unexecuted.","Historical outcomes are archival evidence, not current release evidence."
"p34-2e1aac8ac4bb8fe098ca","tests/e2e/phase3-accessibility-viewports.spec.ts","512","Project Lanternwake Phase 3 accessibility and six required viewports › 2560x1440 fallback is readable, reachable, and sound-independent","chromium","authentication-authorization","retired P34 broad browser container","CURRENT_PRODUCT_CONTRACT","CURRENT_CONTRACT_MIGRATED","browser.accessibility","sl-accessibility-project-lanternwake-phase-3-accessibility-and-six-required-viewp-b73b950bc8-v1","tests/e2e/phase3-accessibility-viewports.spec.ts","authentication-authorization","The current governed case protects the same observable product contract in its owned focused family.","Mapped by exact current identity or focused browser.accessibility contract ownership; no P34 container is selected.","Historical Playwright discovery at 073e09b1bc0ded5b0d595bf99f0db1b11aafb3b9; P34 remains archived, unselectable, and unexecuted.","Historical outcomes are archival evidence, not current release evidence."
"p34-110fd5d25ecfb168da58","tests/e2e/phase3-accessibility-viewports.spec.ts","512","Project Lanternwake Phase 3 accessibility and six required viewports › 2560x1440 interrupted-scene is readable, reachable, and sound-independent","chromium","authentication-authorization","retired P34 broad browser container","CURRENT_PRODUCT_CONTRACT","CURRENT_CONTRACT_MIGRATED","browser.accessibility","sl-accessibility-project-lanternwake-phase-3-accessibility-and-six-required-viewp-a00bda4724-v1","tests/e2e/phase3-accessibility-viewports.spec.ts","authentication-authorization","The current governed case protects the same observable product contract in its owned focused family.","Mapped by exact current identity or focused browser.accessibility contract ownership; no P34 container is selected.","Historical Playwright discovery at 073e09b1bc0ded5b0d595bf99f0db1b11aafb3b9; P34 remains archived, unselectable, and unexecuted.","Historical outcomes are archival evidence, not current release evidence."
"p34-c5d9fb106b7df1fb8497","tests/e2e/phase3-accessibility-viewports.spec.ts","512","Project Lanternwake Phase 3 accessibility and six required viewports › 1920x1080 journal-first-opening is readable, reachable, and sound-independent","chromium","authentication-authorization","retired P34 broad browser container","CURRENT_PRODUCT_CONTRACT","CURRENT_CONTRACT_MIGRATED","browser.accessibility","sl-accessibility-project-lanternwake-phase-3-accessibility-and-six-required-viewp-26ee8f772c-v1","tests/e2e/phase3-accessibility-viewports.spec.ts","authentication-authorization","The current governed case protects the same observable product contract in its owned focused family.","Mapped by exact current identity or focused browser.accessibility contract ownership; no P34 container is selected.","Historical Playwright discovery at 073e09b1bc0ded5b0d595bf99f0db1b11aafb3b9; P34 remains archived, unselectable, and unexecuted.","Historical outcomes are archival evidence, not current release evidence."
"p34-bf0f2e453be7e0c3767d","tests/e2e/phase3-accessibility-viewports.spec.ts","512","Project Lanternwake Phase 3 accessibility and six required viewports › 1920x1080 journal-reentry is readable, reachable, and sound-independent","chromium","authentication-authorization","retired P34 broad browser container","CURRENT_PRODUCT_CONTRACT","CURRENT_CONTRACT_MIGRATED","browser.accessibility","sl-accessibility-project-lanternwake-phase-3-accessibility-and-six-required-viewp-7ee285e746-v1","tests/e2e/phase3-accessibility-viewports.spec.ts","authentication-authorization","The current governed case protects the same observable product contract in its owned focused family.","Mapped by exact current identity or focused browser.accessibility contract ownership; no P34 container is selected.","Historical Playwright discovery at 073e09b1bc0ded5b0d595bf99f0db1b11aafb3b9; P34 remains archived, unselectable, and unexecuted.","Historical outcomes are archival evidence, not current release evidence."
"p34-56d17b8adae775d5826a","tests/e2e/phase3-accessibility-viewports.spec.ts","512","Project Lanternwake Phase 3 accessibility and six required viewports › 1920x1080 chapter-release is readable, reachable, and sound-independent","chromium","authentication-authorization","retired P34 broad browser container","CURRENT_PRODUCT_CONTRACT","CURRENT_CONTRACT_MIGRATED","browser.accessibility","sl-accessibility-project-lanternwake-phase-3-accessibility-and-six-required-viewp-d54ce5e4f6-v1","tests/e2e/phase3-accessibility-viewports.spec.ts","authentication-authorization","The current governed case protects the same observable product contract in its owned focused family.","Mapped by exact current identity or focused browser.accessibility contract ownership; no P34 container is selected.","Historical Playwright discovery at 073e09b1bc0ded5b0d595bf99f0db1b11aafb3b9; P34 remains archived, unselectable, and unexecuted.","Historical outcomes are archival evidence, not current release evidence."
"p34-0ca1e78b44b129f3ae46","tests/e2e/phase3-accessibility-viewports.spec.ts","512","Project Lanternwake Phase 3 accessibility and six required viewports › 1920x1080 map-location is readable, reachable, and sound-independent","chromium","authentication-authorization","retired P34 broad browser container","CURRENT_PRODUCT_CONTRACT","CURRENT_CONTRACT_MIGRATED","browser.accessibility","sl-accessibility-project-lanternwake-phase-3-accessibility-and-six-required-viewp-7845a5438f-v1","tests/e2e/phase3-accessibility-viewports.spec.ts","authentication-authorization","The current governed case protects the same observable product contract in its owned focused family.","Mapped by exact current identity or focused browser.accessibility contract ownership; no P34 container is selected.","Historical Playwright discovery at 073e09b1bc0ded5b0d595bf99f0db1b11aafb3b9; P34 remains archived, unselectable, and unexecuted.","Historical outcomes are archival evidence, not current release evidence."
"p34-095005ee76853f7c1cb6","tests/e2e/phase3-accessibility-viewports.spec.ts","512","Project Lanternwake Phase 3 accessibility and six required viewports › 1920x1080 route-reveal is readable, reachable, and sound-independent","chromium","authentication-authorization","retired P34 broad browser container","CURRENT_PRODUCT_CONTRACT","CURRENT_CONTRACT_MIGRATED","browser.accessibility","sl-accessibility-project-lanternwake-phase-3-accessibility-and-six-required-viewp-a7fc294be5-v1","tests/e2e/phase3-accessibility-viewports.spec.ts","authentication-authorization","The current governed case protects the same observable product contract in its owned focused family.","Mapped by exact current identity or focused browser.accessibility contract ownership; no P34 container is selected.","Historical Playwright discovery at 073e09b1bc0ded5b0d595bf99f0db1b11aafb3b9; P34 remains archived, unselectable, and unexecuted.","Historical outcomes are archival evidence, not current release evidence."
"p34-81e407d5560f731b8ade","tests/e2e/phase3-accessibility-viewports.spec.ts","512","Project Lanternwake Phase 3 accessibility and six required viewports › 1920x1080 artifact-award is readable, reachable, and sound-independent","chromium","authentication-authorization","retired P34 broad browser container","CURRENT_PRODUCT_CONTRACT","CURRENT_CONTRACT_MIGRATED","browser.artifacts","sl-artifacts-project-lanternwake-phase-3-accessibility-and-six-required-viewp-9bf0fe2914-v1","tests/e2e/phase3-accessibility-viewports.spec.ts","authentication-authorization","The current governed case protects the same observable product contract in its owned focused family.","Mapped by exact current identity or focused browser.artifacts contract ownership; no P34 container is selected.","Historical Playwright discovery at 073e09b1bc0ded5b0d595bf99f0db1b11aafb3b9; P34 remains archived, unselectable, and unexecuted.","Historical outcomes are archival evidence, not current release evidence."
"p34-dce2aba00410505e9234","tests/e2e/phase3-accessibility-viewports.spec.ts","512","Project Lanternwake Phase 3 accessibility and six required viewports › 1920x1080 quest-discovery is readable, reachable, and sound-independent","chromium","authentication-authorization","retired P34 broad browser container","CURRENT_PRODUCT_CONTRACT","CURRENT_CONTRACT_MIGRATED","browser.accessibility","sl-accessibility-project-lanternwake-phase-3-accessibility-and-six-required-viewp-c0688bb8c8-v1","tests/e2e/phase3-accessibility-viewports.spec.ts","authentication-authorization","The current governed case protects the same observable product contract in its owned focused family.","Mapped by exact current identity or focused browser.accessibility contract ownership; no P34 container is selected.","Historical Playwright discovery at 073e09b1bc0ded5b0d595bf99f0db1b11aafb3b9; P34 remains archived, unselectable, and unexecuted.","Historical outcomes are archival evidence, not current release evidence."
"p34-79e8c5fb9a2010d7c639","tests/e2e/phase3-accessibility-viewports.spec.ts","512","Project Lanternwake Phase 3 accessibility and six required viewports › 1920x1080 log-entry is readable, reachable, and sound-independent","chromium","authentication-authorization","retired P34 broad browser container","CURRENT_PRODUCT_CONTRACT","CURRENT_CONTRACT_MIGRATED","browser.accessibility","sl-accessibility-project-lanternwake-phase-3-accessibility-and-six-required-viewp-304e422362-v1","tests/e2e/phase3-accessibility-viewports.spec.ts","authentication-authorization","The current governed case protects the same observable product contract in its owned focused family.","Mapped by exact current identity or focused browser.accessibility contract ownership; no P34 container is selected.","Historical Playwright discovery at 073e09b1bc0ded5b0d595bf99f0db1b11aafb3b9; P34 remains archived, unselectable, and unexecuted.","Historical outcomes are archival evidence, not current release evidence."
"p34-b7faa9bc42e5cb23d7d5","tests/e2e/phase3-accessibility-viewports.spec.ts","512","Project Lanternwake Phase 3 accessibility and six required viewports › 1920x1080 finale-tease is readable, reachable, and sound-independent","chromium","authentication-authorization","retired P34 broad browser container","CURRENT_PRODUCT_CONTRACT","CURRENT_CONTRACT_MIGRATED","browser.accessibility","sl-accessibility-project-lanternwake-phase-3-accessibility-and-six-required-viewp-9c8b887ccf-v1","tests/e2e/phase3-accessibility-viewports.spec.ts","authentication-authorization","The current governed case protects the same observable product contract in its owned focused family.","Mapped by exact current identity or focused browser.accessibility contract ownership; no P34 container is selected.","Historical Playwright discovery at 073e09b1bc0ded5b0d595bf99f0db1b11aafb3b9; P34 remains archived, unselectable, and unexecuted.","Historical outcomes are archival evidence, not current release evidence."
"p34-ca64ec2c4293dc8a7c4f","tests/e2e/phase3-accessibility-viewports.spec.ts","512","Project Lanternwake Phase 3 accessibility and six required viewports › 1920x1080 pause is readable, reachable, and sound-independent","chromium","authentication-authorization","retired P34 broad browser container","CURRENT_PRODUCT_CONTRACT","CURRENT_CONTRACT_MIGRATED","browser.accessibility","sl-accessibility-project-lanternwake-phase-3-accessibility-and-six-required-viewp-38e98f26f5-v1","tests/e2e/phase3-accessibility-viewports.spec.ts","authentication-authorization","The current governed case protects the same observable product contract in its owned focused family.","Mapped by exact current identity or focused browser.accessibility contract ownership; no P34 container is selected.","Historical Playwright discovery at 073e09b1bc0ded5b0d595bf99f0db1b11aafb3b9; P34 remains archived, unselectable, and unexecuted.","Historical outcomes are archival evidence, not current release evidence."
"p34-53c06d2adce3947207e0","tests/e2e/phase3-accessibility-viewports.spec.ts","512","Project Lanternwake Phase 3 accessibility and six required viewports › 1920x1080 replay is readable, reachable, and sound-independent","chromium","authentication-authorization","retired P34 broad browser container","CURRENT_PRODUCT_CONTRACT","CURRENT_CONTRACT_MIGRATED","browser.accessibility","sl-accessibility-project-lanternwake-phase-3-accessibility-and-six-required-viewp-7592553cf7-v1","tests/e2e/phase3-accessibility-viewports.spec.ts","authentication-authorization","The current governed case protects the same observable product contract in its owned focused family.","Mapped by exact current identity or focused browser.accessibility contract ownership; no P34 container is selected.","Historical Playwright discovery at 073e09b1bc0ded5b0d595bf99f0db1b11aafb3b9; P34 remains archived, unselectable, and unexecuted.","Historical outcomes are archival evidence, not current release evidence."
"p34-3061470dcb280b4988d4","tests/e2e/phase3-accessibility-viewports.spec.ts","512","Project Lanternwake Phase 3 accessibility and six required viewports › 1920x1080 fallback is readable, reachable, and sound-independent","chromium","authentication-authorization","retired P34 broad browser container","CURRENT_PRODUCT_CONTRACT","CURRENT_CONTRACT_MIGRATED","browser.accessibility","sl-accessibility-project-lanternwake-phase-3-accessibility-and-six-required-viewp-0842cb4e1f-v1","tests/e2e/phase3-accessibility-viewports.spec.ts","authentication-authorization","The current governed case protects the same observable product contract in its owned focused family.","Mapped by exact current identity or focused browser.accessibility contract ownership; no P34 container is selected.","Historical Playwright discovery at 073e09b1bc0ded5b0d595bf99f0db1b11aafb3b9; P34 remains archived, unselectable, and unexecuted.","Historical outcomes are archival evidence, not current release evidence."
"p34-24cd0d9eeac10bd81962","tests/e2e/phase3-accessibility-viewports.spec.ts","512","Project Lanternwake Phase 3 accessibility and six required viewports › 1920x1080 interrupted-scene is readable, reachable, and sound-independent","chromium","authentication-authorization","retired P34 broad browser container","CURRENT_PRODUCT_CONTRACT","CURRENT_CONTRACT_MIGRATED","browser.accessibility","sl-accessibility-project-lanternwake-phase-3-accessibility-and-six-required-viewp-14a08d1d5c-v1","tests/e2e/phase3-accessibility-viewports.spec.ts","authentication-authorization","The current governed case protects the same observable product contract in its owned focused family.","Mapped by exact current identity or focused browser.accessibility contract ownership; no P34 container is selected.","Historical Playwright discovery at 073e09b1bc0ded5b0d595bf99f0db1b11aafb3b9; P34 remains archived, unselectable, and unexecuted.","Historical outcomes are archival evidence, not current release evidence."
"p34-11ee085cd4b8f566e371","tests/e2e/phase3-accessibility-viewports.spec.ts","512","Project Lanternwake Phase 3 accessibility and six required viewports › 1440x900 journal-first-opening is readable, reachable, and sound-independent","chromium","authentication-authorization","retired P34 broad browser container","CURRENT_PRODUCT_CONTRACT","CURRENT_CONTRACT_MIGRATED","browser.accessibility","sl-accessibility-project-lanternwake-phase-3-accessibility-and-six-required-viewp-d3054bb84b-v1","tests/e2e/phase3-accessibility-viewports.spec.ts","authentication-authorization","The current governed case protects the same observable product contract in its owned focused family.","Mapped by exact current identity or focused browser.accessibility contract ownership; no P34 container is selected.","Historical Playwright discovery at 073e09b1bc0ded5b0d595bf99f0db1b11aafb3b9; P34 remains archived, unselectable, and unexecuted.","Historical outcomes are archival evidence, not current release evidence."
"p34-a5277b5c38a80e1b2dbe","tests/e2e/phase3-accessibility-viewports.spec.ts","512","Project Lanternwake Phase 3 accessibility and six required viewports › 1440x900 journal-reentry is readable, reachable, and sound-independent","chromium","authentication-authorization","retired P34 broad browser container","CURRENT_PRODUCT_CONTRACT","CURRENT_CONTRACT_MIGRATED","browser.accessibility","sl-accessibility-project-lanternwake-phase-3-accessibility-and-six-required-viewp-a03c9560a8-v1","tests/e2e/phase3-accessibility-viewports.spec.ts","authentication-authorization","The current governed case protects the same observable product contract in its owned focused family.","Mapped by exact current identity or focused browser.accessibility contract ownership; no P34 container is selected.","Historical Playwright discovery at 073e09b1bc0ded5b0d595bf99f0db1b11aafb3b9; P34 remains archived, unselectable, and unexecuted.","Historical outcomes are archival evidence, not current release evidence."
"p34-41427821ccaaf5da7d99","tests/e2e/phase3-accessibility-viewports.spec.ts","512","Project Lanternwake Phase 3 accessibility and six required viewports › 1440x900 chapter-release is readable, reachable, and sound-independent","chromium","authentication-authorization","retired P34 broad browser container","CURRENT_PRODUCT_CONTRACT","CURRENT_CONTRACT_MIGRATED","browser.accessibility","sl-accessibility-project-lanternwake-phase-3-accessibility-and-six-required-viewp-c682c835e9-v1","tests/e2e/phase3-accessibility-viewports.spec.ts","authentication-authorization","The current governed case protects the same observable product contract in its owned focused family.","Mapped by exact current identity or focused browser.accessibility contract ownership; no P34 container is selected.","Historical Playwright discovery at 073e09b1bc0ded5b0d595bf99f0db1b11aafb3b9; P34 remains archived, unselectable, and unexecuted.","Historical outcomes are archival evidence, not current release evidence."
"p34-769f2d173a9e2ff3660a","tests/e2e/phase3-accessibility-viewports.spec.ts","512","Project Lanternwake Phase 3 accessibility and six required viewports › 1440x900 map-location is readable, reachable, and sound-independent","chromium","authentication-authorization","retired P34 broad browser container","CURRENT_PRODUCT_CONTRACT","CURRENT_CONTRACT_MIGRATED","browser.accessibility","sl-accessibility-project-lanternwake-phase-3-accessibility-and-six-required-viewp-d6e56900bf-v1","tests/e2e/phase3-accessibility-viewports.spec.ts","authentication-authorization","The current governed case protects the same observable product contract in its owned focused family.","Mapped by exact current identity or focused browser.accessibility contract ownership; no P34 container is selected.","Historical Playwright discovery at 073e09b1bc0ded5b0d595bf99f0db1b11aafb3b9; P34 remains archived, unselectable, and unexecuted.","Historical outcomes are archival evidence, not current release evidence."
"p34-c153411c9b3d35a20fe0","tests/e2e/phase3-accessibility-viewports.spec.ts","512","Project Lanternwake Phase 3 accessibility and six required viewports › 1440x900 route-reveal is readable, reachable, and sound-independent","chromium","authentication-authorization","retired P34 broad browser container","CURRENT_PRODUCT_CONTRACT","CURRENT_CONTRACT_MIGRATED","browser.accessibility","sl-accessibility-project-lanternwake-phase-3-accessibility-and-six-required-viewp-38d60ccd59-v1","tests/e2e/phase3-accessibility-viewports.spec.ts","authentication-authorization","The current governed case protects the same observable product contract in its owned focused family.","Mapped by exact current identity or focused browser.accessibility contract ownership; no P34 container is selected.","Historical Playwright discovery at 073e09b1bc0ded5b0d595bf99f0db1b11aafb3b9; P34 remains archived, unselectable, and unexecuted.","Historical outcomes are archival evidence, not current release evidence."
"p34-91f5712a7dd82c079f90","tests/e2e/phase3-accessibility-viewports.spec.ts","512","Project Lanternwake Phase 3 accessibility and six required viewports › 1440x900 artifact-award is readable, reachable, and sound-independent","chromium","authentication-authorization","retired P34 broad browser container","CURRENT_PRODUCT_CONTRACT","CURRENT_CONTRACT_MIGRATED","browser.artifacts","sl-artifacts-project-lanternwake-phase-3-accessibility-and-six-required-viewp-cfe3f644ef-v1","tests/e2e/phase3-accessibility-viewports.spec.ts","authentication-authorization","The current governed case protects the same observable product contract in its owned focused family.","Mapped by exact current identity or focused browser.artifacts contract ownership; no P34 container is selected.","Historical Playwright discovery at 073e09b1bc0ded5b0d595bf99f0db1b11aafb3b9; P34 remains archived, unselectable, and unexecuted.","Historical outcomes are archival evidence, not current release evidence."
"p34-b2d2bcd2c43b5004c146","tests/e2e/phase3-accessibility-viewports.spec.ts","512","Project Lanternwake Phase 3 accessibility and six required viewports › 1440x900 quest-discovery is readable, reachable, and sound-independent","chromium","authentication-authorization","retired P34 broad browser container","CURRENT_PRODUCT_CONTRACT","CURRENT_CONTRACT_MIGRATED","browser.accessibility","sl-accessibility-project-lanternwake-phase-3-accessibility-and-six-required-viewp-720b6645ce-v1","tests/e2e/phase3-accessibility-viewports.spec.ts","authentication-authorization","The current governed case protects the same observable product contract in its owned focused family.","Mapped by exact current identity or focused browser.accessibility contract ownership; no P34 container is selected.","Historical Playwright discovery at 073e09b1bc0ded5b0d595bf99f0db1b11aafb3b9; P34 remains archived, unselectable, and unexecuted.","Historical outcomes are archival evidence, not current release evidence."
"p34-ee9c6c9d905c570dbad7","tests/e2e/phase3-accessibility-viewports.spec.ts","512","Project Lanternwake Phase 3 accessibility and six required viewports › 1440x900 log-entry is readable, reachable, and sound-independent","chromium","authentication-authorization","retired P34 broad browser container","CURRENT_PRODUCT_CONTRACT","CURRENT_CONTRACT_MIGRATED","browser.accessibility","sl-accessibility-project-lanternwake-phase-3-accessibility-and-six-required-viewp-23d6b398e0-v1","tests/e2e/phase3-accessibility-viewports.spec.ts","authentication-authorization","The current governed case protects the same observable product contract in its owned focused family.","Mapped by exact current identity or focused browser.accessibility contract ownership; no P34 container is selected.","Historical Playwright discovery at 073e09b1bc0ded5b0d595bf99f0db1b11aafb3b9; P34 remains archived, unselectable, and unexecuted.","Historical outcomes are archival evidence, not current release evidence."
"p34-29da235435a4c5e153ba","tests/e2e/phase3-accessibility-viewports.spec.ts","512","Project Lanternwake Phase 3 accessibility and six required viewports › 1440x900 finale-tease is readable, reachable, and sound-independent","chromium","authentication-authorization","retired P34 broad browser container","CURRENT_PRODUCT_CONTRACT","CURRENT_CONTRACT_MIGRATED","browser.accessibility","sl-accessibility-project-lanternwake-phase-3-accessibility-and-six-required-viewp-474e49c3cf-v1","tests/e2e/phase3-accessibility-viewports.spec.ts","authentication-authorization","The current governed case protects the same observable product contract in its owned focused family.","Mapped by exact current identity or focused browser.accessibility contract ownership; no P34 container is selected.","Historical Playwright discovery at 073e09b1bc0ded5b0d595bf99f0db1b11aafb3b9; P34 remains archived, unselectable, and unexecuted.","Historical outcomes are archival evidence, not current release evidence."
"p34-2d4c1900d5685ab815e8","tests/e2e/phase3-accessibility-viewports.spec.ts","512","Project Lanternwake Phase 3 accessibility and six required viewports › 1440x900 pause is readable, reachable, and sound-independent","chromium","authentication-authorization","retired P34 broad browser container","CURRENT_PRODUCT_CONTRACT","CURRENT_CONTRACT_MIGRATED","browser.accessibility","sl-accessibility-project-lanternwake-phase-3-accessibility-and-six-required-viewp-7134e3132f-v1","tests/e2e/phase3-accessibility-viewports.spec.ts","authentication-authorization","The current governed case protects the same observable product contract in its owned focused family.","Mapped by exact current identity or focused browser.accessibility contract ownership; no P34 container is selected.","Historical Playwright discovery at 073e09b1bc0ded5b0d595bf99f0db1b11aafb3b9; P34 remains archived, unselectable, and unexecuted.","Historical outcomes are archival evidence, not current release evidence."
"p34-0fba3a3971f7acae4c13","tests/e2e/phase3-accessibility-viewports.spec.ts","512","Project Lanternwake Phase 3 accessibility and six required viewports › 1440x900 replay is readable, reachable, and sound-independent","chromium","authentication-authorization","retired P34 broad browser container","CURRENT_PRODUCT_CONTRACT","CURRENT_CONTRACT_MIGRATED","browser.accessibility","sl-accessibility-project-lanternwake-phase-3-accessibility-and-six-required-viewp-f1816ea573-v1","tests/e2e/phase3-accessibility-viewports.spec.ts","authentication-authorization","The current governed case protects the same observable product contract in its owned focused family.","Mapped by exact current identity or focused browser.accessibility contract ownership; no P34 container is selected.","Historical Playwright discovery at 073e09b1bc0ded5b0d595bf99f0db1b11aafb3b9; P34 remains archived, unselectable, and unexecuted.","Historical outcomes are archival evidence, not current release evidence."
"p34-1f3bde4fa6b8ff5166d2","tests/e2e/phase3-accessibility-viewports.spec.ts","512","Project Lanternwake Phase 3 accessibility and six required viewports › 1440x900 fallback is readable, reachable, and sound-independent","chromium","authentication-authorization","retired P34 broad browser container","CURRENT_PRODUCT_CONTRACT","CURRENT_CONTRACT_MIGRATED","browser.accessibility","sl-accessibility-project-lanternwake-phase-3-accessibility-and-six-required-viewp-aa653cdc23-v1","tests/e2e/phase3-accessibility-viewports.spec.ts","authentication-authorization","The current governed case protects the same observable product contract in its owned focused family.","Mapped by exact current identity or focused browser.accessibility contract ownership; no P34 container is selected.","Historical Playwright discovery at 073e09b1bc0ded5b0d595bf99f0db1b11aafb3b9; P34 remains archived, unselectable, and unexecuted.","Historical outcomes are archival evidence, not current release evidence."
"p34-ccffbf2be934cbe54b6b","tests/e2e/phase3-accessibility-viewports.spec.ts","512","Project Lanternwake Phase 3 accessibility and six required viewports › 1440x900 interrupted-scene is readable, reachable, and sound-independent","chromium","authentication-authorization","retired P34 broad browser container","CURRENT_PRODUCT_CONTRACT","CURRENT_CONTRACT_MIGRATED","browser.accessibility","sl-accessibility-project-lanternwake-phase-3-accessibility-and-six-required-viewp-75470ae568-v1","tests/e2e/phase3-accessibility-viewports.spec.ts","authentication-authorization","The current governed case protects the same observable product contract in its owned focused family.","Mapped by exact current identity or focused browser.accessibility contract ownership; no P34 container is selected.","Historical Playwright discovery at 073e09b1bc0ded5b0d595bf99f0db1b11aafb3b9; P34 remains archived, unselectable, and unexecuted.","Historical outcomes are archival evidence, not current release evidence."
"p34-1d57fdba35e17afa65f3","tests/e2e/phase3-accessibility-viewports.spec.ts","512","Project Lanternwake Phase 3 accessibility and six required viewports › 430x932 journal-first-opening is readable, reachable, and sound-independent","chromium","authentication-authorization","retired P34 broad browser container","CURRENT_PRODUCT_CONTRACT","CURRENT_CONTRACT_MIGRATED","browser.accessibility","sl-accessibility-project-lanternwake-phase-3-accessibility-and-six-required-viewp-d6e256d51c-v1","tests/e2e/phase3-accessibility-viewports.spec.ts","authentication-authorization","The current governed case protects the same observable product contract in its owned focused family.","Mapped by exact current identity or focused browser.accessibility contract ownership; no P34 container is selected.","Historical Playwright discovery at 073e09b1bc0ded5b0d595bf99f0db1b11aafb3b9; P34 remains archived, unselectable, and unexecuted.","Historical outcomes are archival evidence, not current release evidence."
"p34-a5031247700541b9ac24","tests/e2e/phase3-accessibility-viewports.spec.ts","512","Project Lanternwake Phase 3 accessibility and six required viewports › 430x932 journal-reentry is readable, reachable, and sound-independent","chromium","authentication-authorization","retired P34 broad browser container","CURRENT_PRODUCT_CONTRACT","CURRENT_CONTRACT_MIGRATED","browser.accessibility","sl-accessibility-project-lanternwake-phase-3-accessibility-and-six-required-viewp-6a8271ff84-v1","tests/e2e/phase3-accessibility-viewports.spec.ts","authentication-authorization","The current governed case protects the same observable product contract in its owned focused family.","Mapped by exact current identity or focused browser.accessibility contract ownership; no P34 container is selected.","Historical Playwright discovery at 073e09b1bc0ded5b0d595bf99f0db1b11aafb3b9; P34 remains archived, unselectable, and unexecuted.","Historical outcomes are archival evidence, not current release evidence."
"p34-4164bc4d39c173a742a7","tests/e2e/phase3-accessibility-viewports.spec.ts","512","Project Lanternwake Phase 3 accessibility and six required viewports › 430x932 chapter-release is readable, reachable, and sound-independent","chromium","authentication-authorization","retired P34 broad browser container","CURRENT_PRODUCT_CONTRACT","CURRENT_CONTRACT_MIGRATED","browser.accessibility","sl-accessibility-project-lanternwake-phase-3-accessibility-and-six-required-viewp-5f57a19ec8-v1","tests/e2e/phase3-accessibility-viewports.spec.ts","authentication-authorization","The current governed case protects the same observable product contract in its owned focused family.","Mapped by exact current identity or focused browser.accessibility contract ownership; no P34 container is selected.","Historical Playwright discovery at 073e09b1bc0ded5b0d595bf99f0db1b11aafb3b9; P34 remains archived, unselectable, and unexecuted.","Historical outcomes are archival evidence, not current release evidence."
"p34-ac240a27b475f1cfd558","tests/e2e/phase3-accessibility-viewports.spec.ts","512","Project Lanternwake Phase 3 accessibility and six required viewports › 430x932 map-location is readable, reachable, and sound-independent","chromium","authentication-authorization","retired P34 broad browser container","CURRENT_PRODUCT_CONTRACT","CURRENT_CONTRACT_MIGRATED","browser.accessibility","sl-accessibility-project-lanternwake-phase-3-accessibility-and-six-required-viewp-0d2dc37523-v1","tests/e2e/phase3-accessibility-viewports.spec.ts","authentication-authorization","The current governed case protects the same observable product contract in its owned focused family.","Mapped by exact current identity or focused browser.accessibility contract ownership; no P34 container is selected.","Historical Playwright discovery at 073e09b1bc0ded5b0d595bf99f0db1b11aafb3b9; P34 remains archived, unselectable, and unexecuted.","Historical outcomes are archival evidence, not current release evidence."
"p34-923d7ccc5c6ca965e17b","tests/e2e/phase3-accessibility-viewports.spec.ts","512","Project Lanternwake Phase 3 accessibility and six required viewports › 430x932 route-reveal is readable, reachable, and sound-independent","chromium","authentication-authorization","retired P34 broad browser container","CURRENT_PRODUCT_CONTRACT","CURRENT_CONTRACT_MIGRATED","browser.accessibility","sl-accessibility-project-lanternwake-phase-3-accessibility-and-six-required-viewp-59d5824e74-v1","tests/e2e/phase3-accessibility-viewports.spec.ts","authentication-authorization","The current governed case protects the same observable product contract in its owned focused family.","Mapped by exact current identity or focused browser.accessibility contract ownership; no P34 container is selected.","Historical Playwright discovery at 073e09b1bc0ded5b0d595bf99f0db1b11aafb3b9; P34 remains archived, unselectable, and unexecuted.","Historical outcomes are archival evidence, not current release evidence."
"p34-15cfcc6bd6036d8eb5c8","tests/e2e/phase3-accessibility-viewports.spec.ts","512","Project Lanternwake Phase 3 accessibility and six required viewports › 430x932 artifact-award is readable, reachable, and sound-independent","chromium","authentication-authorization","retired P34 broad browser container","CURRENT_PRODUCT_CONTRACT","CURRENT_CONTRACT_MIGRATED","browser.artifacts","sl-artifacts-project-lanternwake-phase-3-accessibility-and-six-required-viewp-567b2aaf39-v1","tests/e2e/phase3-accessibility-viewports.spec.ts","authentication-authorization","The current governed case protects the same observable product contract in its owned focused family.","Mapped by exact current identity or focused browser.artifacts contract ownership; no P34 container is selected.","Historical Playwright discovery at 073e09b1bc0ded5b0d595bf99f0db1b11aafb3b9; P34 remains archived, unselectable, and unexecuted.","Historical outcomes are archival evidence, not current release evidence."
"p34-e4e8d2df64a6110c4786","tests/e2e/phase3-accessibility-viewports.spec.ts","512","Project Lanternwake Phase 3 accessibility and six required viewports › 430x932 quest-discovery is readable, reachable, and sound-independent","chromium","authentication-authorization","retired P34 broad browser container","CURRENT_PRODUCT_CONTRACT","CURRENT_CONTRACT_MIGRATED","browser.accessibility","sl-accessibility-project-lanternwake-phase-3-accessibility-and-six-required-viewp-b11bc3e4e0-v1","tests/e2e/phase3-accessibility-viewports.spec.ts","authentication-authorization","The current governed case protects the same observable product contract in its owned focused family.","Mapped by exact current identity or focused browser.accessibility contract ownership; no P34 container is selected.","Historical Playwright discovery at 073e09b1bc0ded5b0d595bf99f0db1b11aafb3b9; P34 remains archived, unselectable, and unexecuted.","Historical outcomes are archival evidence, not current release evidence."
"p34-891f04f03e3328d2bafc","tests/e2e/phase3-accessibility-viewports.spec.ts","512","Project Lanternwake Phase 3 accessibility and six required viewports › 430x932 log-entry is readable, reachable, and sound-independent","chromium","authentication-authorization","retired P34 broad browser container","CURRENT_PRODUCT_CONTRACT","CURRENT_CONTRACT_MIGRATED","browser.accessibility","sl-accessibility-project-lanternwake-phase-3-accessibility-and-six-required-viewp-096a665e10-v1","tests/e2e/phase3-accessibility-viewports.spec.ts","authentication-authorization","The current governed case protects the same observable product contract in its owned focused family.","Mapped by exact current identity or focused browser.accessibility contract ownership; no P34 container is selected.","Historical Playwright discovery at 073e09b1bc0ded5b0d595bf99f0db1b11aafb3b9; P34 remains archived, unselectable, and unexecuted.","Historical outcomes are archival evidence, not current release evidence."
"p34-6fb24de36d72f095267f","tests/e2e/phase3-accessibility-viewports.spec.ts","512","Project Lanternwake Phase 3 accessibility and six required viewports › 430x932 finale-tease is readable, reachable, and sound-independent","chromium","authentication-authorization","retired P34 broad browser container","CURRENT_PRODUCT_CONTRACT","CURRENT_CONTRACT_MIGRATED","browser.accessibility","sl-accessibility-project-lanternwake-phase-3-accessibility-and-six-required-viewp-932879b7e7-v1","tests/e2e/phase3-accessibility-viewports.spec.ts","authentication-authorization","The current governed case protects the same observable product contract in its owned focused family.","Mapped by exact current identity or focused browser.accessibility contract ownership; no P34 container is selected.","Historical Playwright discovery at 073e09b1bc0ded5b0d595bf99f0db1b11aafb3b9; P34 remains archived, unselectable, and unexecuted.","Historical outcomes are archival evidence, not current release evidence."
"p34-d4614e87c614fec3db80","tests/e2e/phase3-accessibility-viewports.spec.ts","512","Project Lanternwake Phase 3 accessibility and six required viewports › 430x932 pause is readable, reachable, and sound-independent","chromium","authentication-authorization","retired P34 broad browser container","CURRENT_PRODUCT_CONTRACT","CURRENT_CONTRACT_MIGRATED","browser.accessibility","sl-accessibility-project-lanternwake-phase-3-accessibility-and-six-required-viewp-157d3756f4-v1","tests/e2e/phase3-accessibility-viewports.spec.ts","authentication-authorization","The current governed case protects the same observable product contract in its owned focused family.","Mapped by exact current identity or focused browser.accessibility contract ownership; no P34 container is selected.","Historical Playwright discovery at 073e09b1bc0ded5b0d595bf99f0db1b11aafb3b9; P34 remains archived, unselectable, and unexecuted.","Historical outcomes are archival evidence, not current release evidence."
"p34-aea0d3c818d2e78efd5a","tests/e2e/phase3-accessibility-viewports.spec.ts","512","Project Lanternwake Phase 3 accessibility and six required viewports › 430x932 replay is readable, reachable, and sound-independent","chromium","authentication-authorization","retired P34 broad browser container","CURRENT_PRODUCT_CONTRACT","CURRENT_CONTRACT_MIGRATED","browser.accessibility","sl-accessibility-project-lanternwake-phase-3-accessibility-and-six-required-viewp-29c9608d6f-v1","tests/e2e/phase3-accessibility-viewports.spec.ts","authentication-authorization","The current governed case protects the same observable product contract in its owned focused family.","Mapped by exact current identity or focused browser.accessibility contract ownership; no P34 container is selected.","Historical Playwright discovery at 073e09b1bc0ded5b0d595bf99f0db1b11aafb3b9; P34 remains archived, unselectable, and unexecuted.","Historical outcomes are archival evidence, not current release evidence."
"p34-3a2112ff6b3485ba9f9a","tests/e2e/phase3-accessibility-viewports.spec.ts","512","Project Lanternwake Phase 3 accessibility and six required viewports › 430x932 fallback is readable, reachable, and sound-independent","chromium","authentication-authorization","retired P34 broad browser container","CURRENT_PRODUCT_CONTRACT","CURRENT_CONTRACT_MIGRATED","browser.accessibility","sl-accessibility-project-lanternwake-phase-3-accessibility-and-six-required-viewp-62b80b80cd-v1","tests/e2e/phase3-accessibility-viewports.spec.ts","authentication-authorization","The current governed case protects the same observable product contract in its owned focused family.","Mapped by exact current identity or focused browser.accessibility contract ownership; no P34 container is selected.","Historical Playwright discovery at 073e09b1bc0ded5b0d595bf99f0db1b11aafb3b9; P34 remains archived, unselectable, and unexecuted.","Historical outcomes are archival evidence, not current release evidence."
"p34-128ab0d330c836c515f0","tests/e2e/phase3-accessibility-viewports.spec.ts","512","Project Lanternwake Phase 3 accessibility and six required viewports › 430x932 interrupted-scene is readable, reachable, and sound-independent","chromium","authentication-authorization","retired P34 broad browser container","CURRENT_PRODUCT_CONTRACT","CURRENT_CONTRACT_MIGRATED","browser.accessibility","sl-accessibility-project-lanternwake-phase-3-accessibility-and-six-required-viewp-3759fe1693-v1","tests/e2e/phase3-accessibility-viewports.spec.ts","authentication-authorization","The current governed case protects the same observable product contract in its owned focused family.","Mapped by exact current identity or focused browser.accessibility contract ownership; no P34 container is selected.","Historical Playwright discovery at 073e09b1bc0ded5b0d595bf99f0db1b11aafb3b9; P34 remains archived, unselectable, and unexecuted.","Historical outcomes are archival evidence, not current release evidence."
"p34-018e0119cd4a27cc2b1c","tests/e2e/phase3-accessibility-viewports.spec.ts","512","Project Lanternwake Phase 3 accessibility and six required viewports › 390x844 journal-first-opening is readable, reachable, and sound-independent","chromium","authentication-authorization","retired P34 broad browser container","CURRENT_PRODUCT_CONTRACT","CURRENT_CONTRACT_MIGRATED","browser.accessibility","sl-accessibility-project-lanternwake-phase-3-accessibility-and-six-required-viewp-463ce8934e-v1","tests/e2e/phase3-accessibility-viewports.spec.ts","authentication-authorization","The current governed case protects the same observable product contract in its owned focused family.","Mapped by exact current identity or focused browser.accessibility contract ownership; no P34 container is selected.","Historical Playwright discovery at 073e09b1bc0ded5b0d595bf99f0db1b11aafb3b9; P34 remains archived, unselectable, and unexecuted.","Historical outcomes are archival evidence, not current release evidence."
"p34-caa9e8c7d02dd525d4ea","tests/e2e/phase3-accessibility-viewports.spec.ts","512","Project Lanternwake Phase 3 accessibility and six required viewports › 390x844 journal-reentry is readable, reachable, and sound-independent","chromium","authentication-authorization","retired P34 broad browser container","CURRENT_PRODUCT_CONTRACT","CURRENT_CONTRACT_MIGRATED","browser.accessibility","sl-accessibility-project-lanternwake-phase-3-accessibility-and-six-required-viewp-a977f27d34-v1","tests/e2e/phase3-accessibility-viewports.spec.ts","authentication-authorization","The current governed case protects the same observable product contract in its owned focused family.","Mapped by exact current identity or focused browser.accessibility contract ownership; no P34 container is selected.","Historical Playwright discovery at 073e09b1bc0ded5b0d595bf99f0db1b11aafb3b9; P34 remains archived, unselectable, and unexecuted.","Historical outcomes are archival evidence, not current release evidence."
"p34-078d0b7445057a1aa23d","tests/e2e/phase3-accessibility-viewports.spec.ts","512","Project Lanternwake Phase 3 accessibility and six required viewports › 390x844 chapter-release is readable, reachable, and sound-independent","chromium","authentication-authorization","retired P34 broad browser container","CURRENT_PRODUCT_CONTRACT","CURRENT_CONTRACT_MIGRATED","browser.accessibility","sl-accessibility-project-lanternwake-phase-3-accessibility-and-six-required-viewp-74115f43af-v1","tests/e2e/phase3-accessibility-viewports.spec.ts","authentication-authorization","The current governed case protects the same observable product contract in its owned focused family.","Mapped by exact current identity or focused browser.accessibility contract ownership; no P34 container is selected.","Historical Playwright discovery at 073e09b1bc0ded5b0d595bf99f0db1b11aafb3b9; P34 remains archived, unselectable, and unexecuted.","Historical outcomes are archival evidence, not current release evidence."
"p34-32351e36ae1c9dbefb6b","tests/e2e/phase3-accessibility-viewports.spec.ts","512","Project Lanternwake Phase 3 accessibility and six required viewports › 390x844 map-location is readable, reachable, and sound-independent","chromium","authentication-authorization","retired P34 broad browser container","CURRENT_PRODUCT_CONTRACT","CURRENT_CONTRACT_MIGRATED","browser.accessibility","sl-accessibility-project-lanternwake-phase-3-accessibility-and-six-required-viewp-ec42876631-v1","tests/e2e/phase3-accessibility-viewports.spec.ts","authentication-authorization","The current governed case protects the same observable product contract in its owned focused family.","Mapped by exact current identity or focused browser.accessibility contract ownership; no P34 container is selected.","Historical Playwright discovery at 073e09b1bc0ded5b0d595bf99f0db1b11aafb3b9; P34 remains archived, unselectable, and unexecuted.","Historical outcomes are archival evidence, not current release evidence."
"p34-0201625da13da6e5029e","tests/e2e/phase3-accessibility-viewports.spec.ts","512","Project Lanternwake Phase 3 accessibility and six required viewports › 390x844 route-reveal is readable, reachable, and sound-independent","chromium","authentication-authorization","retired P34 broad browser container","CURRENT_PRODUCT_CONTRACT","CURRENT_CONTRACT_MIGRATED","browser.accessibility","sl-accessibility-project-lanternwake-phase-3-accessibility-and-six-required-viewp-ffbea1c4c0-v1","tests/e2e/phase3-accessibility-viewports.spec.ts","authentication-authorization","The current governed case protects the same observable product contract in its owned focused family.","Mapped by exact current identity or focused browser.accessibility contract ownership; no P34 container is selected.","Historical Playwright discovery at 073e09b1bc0ded5b0d595bf99f0db1b11aafb3b9; P34 remains archived, unselectable, and unexecuted.","Historical outcomes are archival evidence, not current release evidence."
"p34-82b50813d9efd7180f45","tests/e2e/phase3-accessibility-viewports.spec.ts","512","Project Lanternwake Phase 3 accessibility and six required viewports › 390x844 artifact-award is readable, reachable, and sound-independent","chromium","authentication-authorization","retired P34 broad browser container","CURRENT_PRODUCT_CONTRACT","CURRENT_CONTRACT_MIGRATED","browser.artifacts","sl-artifacts-project-lanternwake-phase-3-accessibility-and-six-required-viewp-791670ebbb-v1","tests/e2e/phase3-accessibility-viewports.spec.ts","authentication-authorization","The current governed case protects the same observable product contract in its owned focused family.","Mapped by exact current identity or focused browser.artifacts contract ownership; no P34 container is selected.","Historical Playwright discovery at 073e09b1bc0ded5b0d595bf99f0db1b11aafb3b9; P34 remains archived, unselectable, and unexecuted.","Historical outcomes are archival evidence, not current release evidence."
"p34-39ed7820791e8ed66f8d","tests/e2e/phase3-accessibility-viewports.spec.ts","512","Project Lanternwake Phase 3 accessibility and six required viewports › 390x844 quest-discovery is readable, reachable, and sound-independent","chromium","authentication-authorization","retired P34 broad browser container","CURRENT_PRODUCT_CONTRACT","CURRENT_CONTRACT_MIGRATED","browser.accessibility","sl-accessibility-project-lanternwake-phase-3-accessibility-and-six-required-viewp-02428996fb-v1","tests/e2e/phase3-accessibility-viewports.spec.ts","authentication-authorization","The current governed case protects the same observable product contract in its owned focused family.","Mapped by exact current identity or focused browser.accessibility contract ownership; no P34 container is selected.","Historical Playwright discovery at 073e09b1bc0ded5b0d595bf99f0db1b11aafb3b9; P34 remains archived, unselectable, and unexecuted.","Historical outcomes are archival evidence, not current release evidence."
"p34-3da8c188a76c9dba3b44","tests/e2e/phase3-accessibility-viewports.spec.ts","512","Project Lanternwake Phase 3 accessibility and six required viewports › 390x844 log-entry is readable, reachable, and sound-independent","chromium","authentication-authorization","retired P34 broad browser container","CURRENT_PRODUCT_CONTRACT","CURRENT_CONTRACT_MIGRATED","browser.accessibility","sl-accessibility-project-lanternwake-phase-3-accessibility-and-six-required-viewp-f01f6d9b30-v1","tests/e2e/phase3-accessibility-viewports.spec.ts","authentication-authorization","The current governed case protects the same observable product contract in its owned focused family.","Mapped by exact current identity or focused browser.accessibility contract ownership; no P34 container is selected.","Historical Playwright discovery at 073e09b1bc0ded5b0d595bf99f0db1b11aafb3b9; P34 remains archived, unselectable, and unexecuted.","Historical outcomes are archival evidence, not current release evidence."
"p34-0ec94f963a200680d30e","tests/e2e/phase3-accessibility-viewports.spec.ts","512","Project Lanternwake Phase 3 accessibility and six required viewports › 390x844 finale-tease is readable, reachable, and sound-independent","chromium","authentication-authorization","retired P34 broad browser container","CURRENT_PRODUCT_CONTRACT","CURRENT_CONTRACT_MIGRATED","browser.accessibility","sl-accessibility-project-lanternwake-phase-3-accessibility-and-six-required-viewp-c462f0fb37-v1","tests/e2e/phase3-accessibility-viewports.spec.ts","authentication-authorization","The current governed case protects the same observable product contract in its owned focused family.","Mapped by exact current identity or focused browser.accessibility contract ownership; no P34 container is selected.","Historical Playwright discovery at 073e09b1bc0ded5b0d595bf99f0db1b11aafb3b9; P34 remains archived, unselectable, and unexecuted.","Historical outcomes are archival evidence, not current release evidence."
"p34-4b5ef204f3fe8f498c8d","tests/e2e/phase3-accessibility-viewports.spec.ts","512","Project Lanternwake Phase 3 accessibility and six required viewports › 390x844 pause is readable, reachable, and sound-independent","chromium","authentication-authorization","retired P34 broad browser container","CURRENT_PRODUCT_CONTRACT","CURRENT_CONTRACT_MIGRATED","browser.accessibility","sl-accessibility-project-lanternwake-phase-3-accessibility-and-six-required-viewp-bab186ee57-v1","tests/e2e/phase3-accessibility-viewports.spec.ts","authentication-authorization","The current governed case protects the same observable product contract in its owned focused family.","Mapped by exact current identity or focused browser.accessibility contract ownership; no P34 container is selected.","Historical Playwright discovery at 073e09b1bc0ded5b0d595bf99f0db1b11aafb3b9; P34 remains archived, unselectable, and unexecuted.","Historical outcomes are archival evidence, not current release evidence."
"p34-4336bd14ddbd5e097910","tests/e2e/phase3-accessibility-viewports.spec.ts","512","Project Lanternwake Phase 3 accessibility and six required viewports › 390x844 replay is readable, reachable, and sound-independent","chromium","authentication-authorization","retired P34 broad browser container","CURRENT_PRODUCT_CONTRACT","CURRENT_CONTRACT_MIGRATED","browser.accessibility","sl-accessibility-project-lanternwake-phase-3-accessibility-and-six-required-viewp-1fd65bcd10-v1","tests/e2e/phase3-accessibility-viewports.spec.ts","authentication-authorization","The current governed case protects the same observable product contract in its owned focused family.","Mapped by exact current identity or focused browser.accessibility contract ownership; no P34 container is selected.","Historical Playwright discovery at 073e09b1bc0ded5b0d595bf99f0db1b11aafb3b9; P34 remains archived, unselectable, and unexecuted.","Historical outcomes are archival evidence, not current release evidence."
"p34-bbe74233cd2e54227231","tests/e2e/phase3-accessibility-viewports.spec.ts","512","Project Lanternwake Phase 3 accessibility and six required viewports › 390x844 fallback is readable, reachable, and sound-independent","chromium","authentication-authorization","retired P34 broad browser container","CURRENT_PRODUCT_CONTRACT","CURRENT_CONTRACT_MIGRATED","browser.accessibility","sl-accessibility-project-lanternwake-phase-3-accessibility-and-six-required-viewp-1e39c6ccde-v1","tests/e2e/phase3-accessibility-viewports.spec.ts","authentication-authorization","The current governed case protects the same observable product contract in its owned focused family.","Mapped by exact current identity or focused browser.accessibility contract ownership; no P34 container is selected.","Historical Playwright discovery at 073e09b1bc0ded5b0d595bf99f0db1b11aafb3b9; P34 remains archived, unselectable, and unexecuted.","Historical outcomes are archival evidence, not current release evidence."
"p34-1693db84c5703ce081cf","tests/e2e/phase3-accessibility-viewports.spec.ts","512","Project Lanternwake Phase 3 accessibility and six required viewports › 390x844 interrupted-scene is readable, reachable, and sound-independent","chromium","authentication-authorization","retired P34 broad browser container","CURRENT_PRODUCT_CONTRACT","CURRENT_CONTRACT_MIGRATED","browser.accessibility","sl-accessibility-project-lanternwake-phase-3-accessibility-and-six-required-viewp-19978800c5-v1","tests/e2e/phase3-accessibility-viewports.spec.ts","authentication-authorization","The current governed case protects the same observable product contract in its owned focused family.","Mapped by exact current identity or focused browser.accessibility contract ownership; no P34 container is selected.","Historical Playwright discovery at 073e09b1bc0ded5b0d595bf99f0db1b11aafb3b9; P34 remains archived, unselectable, and unexecuted.","Historical outcomes are archival evidence, not current release evidence."
"p34-fc733afd4352291ec56f","tests/e2e/phase3-accessibility-viewports.spec.ts","512","Project Lanternwake Phase 3 accessibility and six required viewports › 844x390 journal-first-opening is readable, reachable, and sound-independent","chromium","authentication-authorization","retired P34 broad browser container","CURRENT_PRODUCT_CONTRACT","CURRENT_CONTRACT_MIGRATED","browser.accessibility","sl-accessibility-project-lanternwake-phase-3-accessibility-and-six-required-viewp-d5090d1895-v1","tests/e2e/phase3-accessibility-viewports.spec.ts","authentication-authorization","The current governed case protects the same observable product contract in its owned focused family.","Mapped by exact current identity or focused browser.accessibility contract ownership; no P34 container is selected.","Historical Playwright discovery at 073e09b1bc0ded5b0d595bf99f0db1b11aafb3b9; P34 remains archived, unselectable, and unexecuted.","Historical outcomes are archival evidence, not current release evidence."
"p34-7812748726cf7c464825","tests/e2e/phase3-accessibility-viewports.spec.ts","512","Project Lanternwake Phase 3 accessibility and six required viewports › 844x390 journal-reentry is readable, reachable, and sound-independent","chromium","authentication-authorization","retired P34 broad browser container","CURRENT_PRODUCT_CONTRACT","CURRENT_CONTRACT_MIGRATED","browser.accessibility","sl-accessibility-project-lanternwake-phase-3-accessibility-and-six-required-viewp-0141874eea-v1","tests/e2e/phase3-accessibility-viewports.spec.ts","authentication-authorization","The current governed case protects the same observable product contract in its owned focused family.","Mapped by exact current identity or focused browser.accessibility contract ownership; no P34 container is selected.","Historical Playwright discovery at 073e09b1bc0ded5b0d595bf99f0db1b11aafb3b9; P34 remains archived, unselectable, and unexecuted.","Historical outcomes are archival evidence, not current release evidence."
"p34-d7bdec439d449191314d","tests/e2e/phase3-accessibility-viewports.spec.ts","512","Project Lanternwake Phase 3 accessibility and six required viewports › 844x390 chapter-release is readable, reachable, and sound-independent","chromium","authentication-authorization","retired P34 broad browser container","CURRENT_PRODUCT_CONTRACT","CURRENT_CONTRACT_MIGRATED","browser.accessibility","sl-accessibility-project-lanternwake-phase-3-accessibility-and-six-required-viewp-d9cdf3d298-v1","tests/e2e/phase3-accessibility-viewports.spec.ts","authentication-authorization","The current governed case protects the same observable product contract in its owned focused family.","Mapped by exact current identity or focused browser.accessibility contract ownership; no P34 container is selected.","Historical Playwright discovery at 073e09b1bc0ded5b0d595bf99f0db1b11aafb3b9; P34 remains archived, unselectable, and unexecuted.","Historical outcomes are archival evidence, not current release evidence."
"p34-0e908a7f7cdbc512f6a5","tests/e2e/phase3-accessibility-viewports.spec.ts","512","Project Lanternwake Phase 3 accessibility and six required viewports › 844x390 map-location is readable, reachable, and sound-independent","chromium","authentication-authorization","retired P34 broad browser container","CURRENT_PRODUCT_CONTRACT","CURRENT_CONTRACT_MIGRATED","browser.accessibility","sl-accessibility-project-lanternwake-phase-3-accessibility-and-six-required-viewp-8c0873c144-v1","tests/e2e/phase3-accessibility-viewports.spec.ts","authentication-authorization","The current governed case protects the same observable product contract in its owned focused family.","Mapped by exact current identity or focused browser.accessibility contract ownership; no P34 container is selected.","Historical Playwright discovery at 073e09b1bc0ded5b0d595bf99f0db1b11aafb3b9; P34 remains archived, unselectable, and unexecuted.","Historical outcomes are archival evidence, not current release evidence."
"p34-88d494dd995581f48567","tests/e2e/phase3-accessibility-viewports.spec.ts","512","Project Lanternwake Phase 3 accessibility and six required viewports › 844x390 route-reveal is readable, reachable, and sound-independent","chromium","authentication-authorization","retired P34 broad browser container","CURRENT_PRODUCT_CONTRACT","CURRENT_CONTRACT_MIGRATED","browser.accessibility","sl-accessibility-project-lanternwake-phase-3-accessibility-and-six-required-viewp-ef3dcfca1e-v1","tests/e2e/phase3-accessibility-viewports.spec.ts","authentication-authorization","The current governed case protects the same observable product contract in its owned focused family.","Mapped by exact current identity or focused browser.accessibility contract ownership; no P34 container is selected.","Historical Playwright discovery at 073e09b1bc0ded5b0d595bf99f0db1b11aafb3b9; P34 remains archived, unselectable, and unexecuted.","Historical outcomes are archival evidence, not current release evidence."
"p34-e39873e25ebd2838731b","tests/e2e/phase3-accessibility-viewports.spec.ts","512","Project Lanternwake Phase 3 accessibility and six required viewports › 844x390 artifact-award is readable, reachable, and sound-independent","chromium","authentication-authorization","retired P34 broad browser container","CURRENT_PRODUCT_CONTRACT","CURRENT_CONTRACT_MIGRATED","browser.artifacts","sl-artifacts-project-lanternwake-phase-3-accessibility-and-six-required-viewp-4746a682b5-v1","tests/e2e/phase3-accessibility-viewports.spec.ts","authentication-authorization","The current governed case protects the same observable product contract in its owned focused family.","Mapped by exact current identity or focused browser.artifacts contract ownership; no P34 container is selected.","Historical Playwright discovery at 073e09b1bc0ded5b0d595bf99f0db1b11aafb3b9; P34 remains archived, unselectable, and unexecuted.","Historical outcomes are archival evidence, not current release evidence."
"p34-657c158b995dbf3fdeb6","tests/e2e/phase3-accessibility-viewports.spec.ts","512","Project Lanternwake Phase 3 accessibility and six required viewports › 844x390 quest-discovery is readable, reachable, and sound-independent","chromium","authentication-authorization","retired P34 broad browser container","CURRENT_PRODUCT_CONTRACT","CURRENT_CONTRACT_MIGRATED","browser.accessibility","sl-accessibility-project-lanternwake-phase-3-accessibility-and-six-required-viewp-136a1b91b6-v1","tests/e2e/phase3-accessibility-viewports.spec.ts","authentication-authorization","The current governed case protects the same observable product contract in its owned focused family.","Mapped by exact current identity or focused browser.accessibility contract ownership; no P34 container is selected.","Historical Playwright discovery at 073e09b1bc0ded5b0d595bf99f0db1b11aafb3b9; P34 remains archived, unselectable, and unexecuted.","Historical outcomes are archival evidence, not current release evidence."
"p34-2155a6014f301711887c","tests/e2e/phase3-accessibility-viewports.spec.ts","512","Project Lanternwake Phase 3 accessibility and six required viewports › 844x390 log-entry is readable, reachable, and sound-independent","chromium","authentication-authorization","retired P34 broad browser container","CURRENT_PRODUCT_CONTRACT","CURRENT_CONTRACT_MIGRATED","browser.accessibility","sl-accessibility-project-lanternwake-phase-3-accessibility-and-six-required-viewp-06903ba21f-v1","tests/e2e/phase3-accessibility-viewports.spec.ts","authentication-authorization","The current governed case protects the same observable product contract in its owned focused family.","Mapped by exact current identity or focused browser.accessibility contract ownership; no P34 container is selected.","Historical Playwright discovery at 073e09b1bc0ded5b0d595bf99f0db1b11aafb3b9; P34 remains archived, unselectable, and unexecuted.","Historical outcomes are archival evidence, not current release evidence."
"p34-3fdde25513d6f1bcad70","tests/e2e/phase3-accessibility-viewports.spec.ts","512","Project Lanternwake Phase 3 accessibility and six required viewports › 844x390 finale-tease is readable, reachable, and sound-independent","chromium","authentication-authorization","retired P34 broad browser container","CURRENT_PRODUCT_CONTRACT","CURRENT_CONTRACT_MIGRATED","browser.accessibility","sl-accessibility-project-lanternwake-phase-3-accessibility-and-six-required-viewp-6074773bf1-v1","tests/e2e/phase3-accessibility-viewports.spec.ts","authentication-authorization","The current governed case protects the same observable product contract in its owned focused family.","Mapped by exact current identity or focused browser.accessibility contract ownership; no P34 container is selected.","Historical Playwright discovery at 073e09b1bc0ded5b0d595bf99f0db1b11aafb3b9; P34 remains archived, unselectable, and unexecuted.","Historical outcomes are archival evidence, not current release evidence."
"p34-5f1819bfa7d835d52641","tests/e2e/phase3-accessibility-viewports.spec.ts","512","Project Lanternwake Phase 3 accessibility and six required viewports › 844x390 pause is readable, reachable, and sound-independent","chromium","authentication-authorization","retired P34 broad browser container","CURRENT_PRODUCT_CONTRACT","CURRENT_CONTRACT_MIGRATED","browser.accessibility","sl-accessibility-project-lanternwake-phase-3-accessibility-and-six-required-viewp-ca233f751f-v1","tests/e2e/phase3-accessibility-viewports.spec.ts","authentication-authorization","The current governed case protects the same observable product contract in its owned focused family.","Mapped by exact current identity or focused browser.accessibility contract ownership; no P34 container is selected.","Historical Playwright discovery at 073e09b1bc0ded5b0d595bf99f0db1b11aafb3b9; P34 remains archived, unselectable, and unexecuted.","Historical outcomes are archival evidence, not current release evidence."
"p34-0f6bb948513ef84072ad","tests/e2e/phase3-accessibility-viewports.spec.ts","512","Project Lanternwake Phase 3 accessibility and six required viewports › 844x390 replay is readable, reachable, and sound-independent","chromium","authentication-authorization","retired P34 broad browser container","CURRENT_PRODUCT_CONTRACT","CURRENT_CONTRACT_MIGRATED","browser.accessibility","sl-accessibility-project-lanternwake-phase-3-accessibility-and-six-required-viewp-f4f9637fb6-v1","tests/e2e/phase3-accessibility-viewports.spec.ts","authentication-authorization","The current governed case protects the same observable product contract in its owned focused family.","Mapped by exact current identity or focused browser.accessibility contract ownership; no P34 container is selected.","Historical Playwright discovery at 073e09b1bc0ded5b0d595bf99f0db1b11aafb3b9; P34 remains archived, unselectable, and unexecuted.","Historical outcomes are archival evidence, not current release evidence."
"p34-a1faceea8ad84fdca775","tests/e2e/phase3-accessibility-viewports.spec.ts","512","Project Lanternwake Phase 3 accessibility and six required viewports › 844x390 fallback is readable, reachable, and sound-independent","chromium","authentication-authorization","retired P34 broad browser container","CURRENT_PRODUCT_CONTRACT","CURRENT_CONTRACT_MIGRATED","browser.accessibility","sl-accessibility-project-lanternwake-phase-3-accessibility-and-six-required-viewp-a64a2579ca-v1","tests/e2e/phase3-accessibility-viewports.spec.ts","authentication-authorization","The current governed case protects the same observable product contract in its owned focused family.","Mapped by exact current identity or focused browser.accessibility contract ownership; no P34 container is selected.","Historical Playwright discovery at 073e09b1bc0ded5b0d595bf99f0db1b11aafb3b9; P34 remains archived, unselectable, and unexecuted.","Historical outcomes are archival evidence, not current release evidence."
"p34-84f6f4b7eef36a6346be","tests/e2e/phase3-accessibility-viewports.spec.ts","512","Project Lanternwake Phase 3 accessibility and six required viewports › 844x390 interrupted-scene is readable, reachable, and sound-independent","chromium","authentication-authorization","retired P34 broad browser container","CURRENT_PRODUCT_CONTRACT","CURRENT_CONTRACT_MIGRATED","browser.accessibility","sl-accessibility-project-lanternwake-phase-3-accessibility-and-six-required-viewp-1978518138-v1","tests/e2e/phase3-accessibility-viewports.spec.ts","authentication-authorization","The current governed case protects the same observable product contract in its owned focused family.","Mapped by exact current identity or focused browser.accessibility contract ownership; no P34 container is selected.","Historical Playwright discovery at 073e09b1bc0ded5b0d595bf99f0db1b11aafb3b9; P34 remains archived, unselectable, and unexecuted.","Historical outcomes are archival evidence, not current release evidence."
"p34-c1a9e0dd29cd3094846b","tests/e2e/phase3-lifecycle-extended.spec.ts","597","Project Lanternwake Phase 3 extended runtime lifecycle › development Rive runtime remounts cleanly for twenty successful cycles","chromium","journal-ready-state","retired PlayerExperience presentation lifecycle","CURRENT_PRODUCT_CONTRACT","CURRENT_CONTRACT_MIGRATED","browser.animation-lifecycle","sl-animation-lifecycle-project-lanternwake-phase-3-extended-runtime-lifecycle-developme-cb8a5c9fd9-v1","tests/e2e/phase3-lifecycle-extended.spec.ts","journal-ready-state","The current governed case protects the same observable product contract in its owned focused family.","Mapped by exact current identity or focused browser.animation-lifecycle contract ownership; no P34 container is selected.","Historical Playwright discovery at 073e09b1bc0ded5b0d595bf99f0db1b11aafb3b9; P34 remains archived, unselectable, and unexecuted.","Historical outcomes are archival evidence, not current release evidence."
"p34-cdd3af25e6ed4d4889c5","tests/e2e/phase3-lifecycle-extended.spec.ts","615","Project Lanternwake Phase 3 extended runtime lifecycle › development Rive 404 fault is hit and returns to one static fallback for twenty remounts","chromium","journal-ready-state","retired PlayerExperience presentation lifecycle","CURRENT_PRODUCT_CONTRACT","CURRENT_CONTRACT_MIGRATED","browser.animation-lifecycle","sl-animation-lifecycle-project-lanternwake-phase-3-extended-runtime-lifecycle-developme-42b35d2754-v1","tests/e2e/phase3-lifecycle-extended.spec.ts","journal-ready-state","The current governed case protects the same observable product contract in its owned focused family.","Mapped by exact current identity or focused browser.animation-lifecycle contract ownership; no P34 container is selected.","Historical Playwright discovery at 073e09b1bc0ded5b0d595bf99f0db1b11aafb3b9; P34 remains archived, unselectable, and unexecuted.","Historical outcomes are archival evidence, not current release evidence."
"p34-a4d011d902620c773c05","tests/e2e/phase3-lifecycle-extended.spec.ts","615","Project Lanternwake Phase 3 extended runtime lifecycle › development Rive abort fault is hit and returns to one static fallback for twenty remounts","chromium","journal-ready-state","retired PlayerExperience presentation lifecycle","CURRENT_PRODUCT_CONTRACT","CURRENT_CONTRACT_MIGRATED","browser.animation-lifecycle","sl-animation-lifecycle-project-lanternwake-phase-3-extended-runtime-lifecycle-developme-4fa9f8a782-v1","tests/e2e/phase3-lifecycle-extended.spec.ts","journal-ready-state","The current governed case protects the same observable product contract in its owned focused family.","Mapped by exact current identity or focused browser.animation-lifecycle contract ownership; no P34 container is selected.","Historical Playwright discovery at 073e09b1bc0ded5b0d595bf99f0db1b11aafb3b9; P34 remains archived, unselectable, and unexecuted.","Historical outcomes are archival evidence, not current release evidence."
"p34-a03ff5a2988c2cd2b4f2","tests/e2e/phase3-lifecycle-extended.spec.ts","615","Project Lanternwake Phase 3 extended runtime lifecycle › development Rive malformed fault is hit and returns to one static fallback for twenty remounts","chromium","journal-ready-state","retired PlayerExperience presentation lifecycle","CURRENT_PRODUCT_CONTRACT","CURRENT_CONTRACT_MIGRATED","browser.animation-lifecycle","sl-animation-lifecycle-project-lanternwake-phase-3-extended-runtime-lifecycle-developme-9f1fb26c14-v1","tests/e2e/phase3-lifecycle-extended.spec.ts","journal-ready-state","The current governed case protects the same observable product contract in its owned focused family.","Mapped by exact current identity or focused browser.animation-lifecycle contract ownership; no P34 container is selected.","Historical Playwright discovery at 073e09b1bc0ded5b0d595bf99f0db1b11aafb3b9; P34 remains archived, unselectable, and unexecuted.","Historical outcomes are archival evidence, not current release evidence."
"p34-7328e944d1014e499dc5","tests/e2e/phase3-lifecycle-extended.spec.ts","643","Project Lanternwake Phase 3 extended runtime lifecycle › authored invitation seal runtime remounts cleanly for twenty route cycles","chromium","invitation-acceptance","retired shared PlayerExperience access flow","CURRENT_PRODUCT_CONTRACT","CURRENT_CONTRACT_MIGRATED","browser.invitations","sl-invitations-project-lanternwake-phase-3-extended-runtime-lifecycle-authored--a3161518af-v1","tests/e2e/phase3-lifecycle-extended.spec.ts","invitation-acceptance","The current governed case protects the same observable product contract in its owned focused family.","Mapped by exact current identity or focused browser.invitations contract ownership; no P34 container is selected.","Historical Playwright discovery at 073e09b1bc0ded5b0d595bf99f0db1b11aafb3b9; P34 remains archived, unselectable, and unexecuted.","Historical outcomes are archival evidence, not current release evidence."
"p34-08b61e92712245912287","tests/e2e/phase3-lifecycle-extended.spec.ts","674","Project Lanternwake Phase 3 extended runtime lifecycle › Journal Clasp compatibility is not required by the canonical Chronicle journal across route cycles","chromium","journal-ready-state","retired PlayerExperience presentation lifecycle","CURRENT_PRODUCT_CONTRACT","CURRENT_CONTRACT_MIGRATED","browser.animation-lifecycle","sl-animation-lifecycle-project-lanternwake-phase-3-extended-runtime-lifecycle-journal-c-cdc615495e-v1","tests/e2e/phase3-lifecycle-extended.spec.ts","journal-ready-state","The current governed case protects the same observable product contract in its owned focused family.","Mapped by exact current identity or focused browser.animation-lifecycle contract ownership; no P34 container is selected.","Historical Playwright discovery at 073e09b1bc0ded5b0d595bf99f0db1b11aafb3b9; P34 remains archived, unselectable, and unexecuted.","Historical outcomes are archival evidence, not current release evidence."
"p34-6f91fdfdf19800c431ac","tests/e2e/phase3-lifecycle-extended.spec.ts","719","Project Lanternwake Phase 3 extended runtime lifecycle › all three Lottie contracts succeed across twenty route mount-unmount cycles","chromium","journal-ready-state","retired PlayerExperience presentation lifecycle","CURRENT_PRODUCT_CONTRACT","CURRENT_CONTRACT_MIGRATED","browser.animation-lifecycle","sl-animation-lifecycle-project-lanternwake-phase-3-extended-runtime-lifecycle-all-three-17f80d1e09-v1","tests/e2e/phase3-lifecycle-extended.spec.ts","journal-ready-state","The current governed case protects the same observable product contract in its owned focused family.","Mapped by exact current identity or focused browser.animation-lifecycle contract ownership; no P34 container is selected.","Historical Playwright discovery at 073e09b1bc0ded5b0d595bf99f0db1b11aafb3b9; P34 remains archived, unselectable, and unexecuted.","Historical outcomes are archival evidence, not current release evidence."
"p34-2d7e3362cb3b4ca8b03c","tests/e2e/phase3-lifecycle-extended.spec.ts","773","Project Lanternwake Phase 3 extended runtime lifecycle › moonlit-waves 404 fault is hit and preserves a static fallback for twenty remounts","chromium","journal-ready-state","retired PlayerExperience presentation lifecycle","CURRENT_PRODUCT_CONTRACT","CURRENT_CONTRACT_MIGRATED","browser.animation-lifecycle","sl-animation-lifecycle-project-lanternwake-phase-3-extended-runtime-lifecycle-moonlit-w-86f8646b92-v1","tests/e2e/phase3-lifecycle-extended.spec.ts","journal-ready-state","The current governed case protects the same observable product contract in its owned focused family.","Mapped by exact current identity or focused browser.animation-lifecycle contract ownership; no P34 container is selected.","Historical Playwright discovery at 073e09b1bc0ded5b0d595bf99f0db1b11aafb3b9; P34 remains archived, unselectable, and unexecuted.","Historical outcomes are archival evidence, not current release evidence."
"p34-ada38eae0a093c6eed5a","tests/e2e/phase3-lifecycle-extended.spec.ts","773","Project Lanternwake Phase 3 extended runtime lifecycle › rolling-fog abort fault is hit and preserves a static fallback for twenty remounts","chromium","journal-ready-state","retired PlayerExperience presentation lifecycle","CURRENT_PRODUCT_CONTRACT","CURRENT_CONTRACT_MIGRATED","browser.animation-lifecycle","sl-animation-lifecycle-project-lanternwake-phase-3-extended-runtime-lifecycle-rolling-f-cbadab805b-v1","tests/e2e/phase3-lifecycle-extended.spec.ts","journal-ready-state","The current governed case protects the same observable product contract in its owned focused family.","Mapped by exact current identity or focused browser.animation-lifecycle contract ownership; no P34 container is selected.","Historical Playwright discovery at 073e09b1bc0ded5b0d595bf99f0db1b11aafb3b9; P34 remains archived, unselectable, and unexecuted.","Historical outcomes are archival evidence, not current release evidence."
"p34-2728138083b31bcad82f","tests/e2e/phase3-lifecycle-extended.spec.ts","773","Project Lanternwake Phase 3 extended runtime lifecycle › ink-bloom malformed fault is hit and preserves a static fallback for twenty remounts","chromium","journal-ready-state","retired PlayerExperience presentation lifecycle","CURRENT_PRODUCT_CONTRACT","CURRENT_CONTRACT_MIGRATED","browser.animation-lifecycle","sl-animation-lifecycle-project-lanternwake-phase-3-extended-runtime-lifecycle-ink-bloom-d9ba7f60ca-v1","tests/e2e/phase3-lifecycle-extended.spec.ts","journal-ready-state","The current governed case protects the same observable product contract in its owned focused family.","Mapped by exact current identity or focused browser.animation-lifecycle contract ownership; no P34 container is selected.","Historical Playwright discovery at 073e09b1bc0ded5b0d595bf99f0db1b11aafb3b9; P34 remains archived, unselectable, and unexecuted.","Historical outcomes are archival evidence, not current release evidence."
"p34-39a7132ce48058437fe7","tests/e2e/phase3-lifecycle-extended.spec.ts","831","Project Lanternwake Phase 3 extended runtime lifecycle › development stalled-load failpoint reaches the exact Lottie fallback and cleans up for twenty cycles","chromium","journal-ready-state","retired PlayerExperience presentation lifecycle","CURRENT_PRODUCT_CONTRACT","CURRENT_CONTRACT_MIGRATED","browser.animation-lifecycle","sl-animation-lifecycle-project-lanternwake-phase-3-extended-runtime-lifecycle-developme-6f369b1f3c-v1","tests/e2e/phase3-lifecycle-extended.spec.ts","journal-ready-state","The current governed case protects the same observable product contract in its owned focused family.","Mapped by exact current identity or focused browser.animation-lifecycle contract ownership; no P34 container is selected.","Historical Playwright discovery at 073e09b1bc0ded5b0d595bf99f0db1b11aafb3b9; P34 remains archived, unselectable, and unexecuted.","Historical outcomes are archival evidence, not current release evidence."
"p34-b250af829951d06cd427","tests/e2e/phase3-lifecycle-extended.spec.ts","831","Project Lanternwake Phase 3 extended runtime lifecycle › development renderer-error failpoint reaches the exact Lottie fallback and cleans up for twenty cycles","chromium","journal-ready-state","retired PlayerExperience presentation lifecycle","CURRENT_PRODUCT_CONTRACT","CURRENT_CONTRACT_MIGRATED","browser.animation-lifecycle","sl-animation-lifecycle-project-lanternwake-phase-3-extended-runtime-lifecycle-developme-d78af514a1-v1","tests/e2e/phase3-lifecycle-extended.spec.ts","journal-ready-state","The current governed case protects the same observable product contract in its owned focused family.","Mapped by exact current identity or focused browser.animation-lifecycle contract ownership; no P34 container is selected.","Historical Playwright discovery at 073e09b1bc0ded5b0d595bf99f0db1b11aafb3b9; P34 remains archived, unselectable, and unexecuted.","Historical outcomes are archival evidence, not current release evidence."
"p34-826768ccb4d035c4ced0","tests/e2e/phase3-lifecycle-extended.spec.ts","924","Project Lanternwake Phase 3 extended runtime lifecycle › animation showcase serial trailer completes across twenty enter-leave cycles","chromium","journal-ready-state","retired PlayerExperience presentation lifecycle","CURRENT_PRODUCT_CONTRACT","CURRENT_CONTRACT_MIGRATED","browser.animation-lifecycle","sl-animation-lifecycle-project-lanternwake-phase-3-extended-runtime-lifecycle-animation-e40039631e-v1","tests/e2e/phase3-lifecycle-extended.spec.ts","journal-ready-state","The current governed case protects the same observable product contract in its owned focused family.","Mapped by exact current identity or focused browser.animation-lifecycle contract ownership; no P34 container is selected.","Historical Playwright discovery at 073e09b1bc0ded5b0d595bf99f0db1b11aafb3b9; P34 remains archived, unselectable, and unexecuted.","Historical outcomes are archival evidence, not current release evidence."
"p34-4d6a5b984c690d07a44b","tests/e2e/phase3-lifecycle-extended.spec.ts","953","Project Lanternwake Phase 3 Quartermaster and audio lifecycle › mocked Quartermaster confirmations restore focus and release overlays for twenty cycles","chromium","journal-ready-state","retired PlayerExperience presentation lifecycle","CURRENT_PRODUCT_CONTRACT","CURRENT_CONTRACT_MIGRATED","browser.animation-lifecycle","sl-animation-lifecycle-project-lanternwake-phase-3-quartermaster-and-audio-lifecycle-mo-c2cfff345d-v1","tests/e2e/phase3-lifecycle-extended.spec.ts","journal-ready-state","The current governed case protects the same observable product contract in its owned focused family.","Mapped by exact current identity or focused browser.animation-lifecycle contract ownership; no P34 container is selected.","Historical Playwright discovery at 073e09b1bc0ded5b0d595bf99f0db1b11aafb3b9; P34 remains archived, unselectable, and unexecuted.","Historical outcomes are archival evidence, not current release evidence."
"p34-0c3401813f256a1dead7","tests/e2e/phase3-lifecycle-extended.spec.ts","1065","Project Lanternwake Phase 3 Quartermaster and audio lifecycle › audio success remains nonblocking and releases work for twenty page-turn cycles","chromium","journal-ready-state","retired PlayerExperience presentation lifecycle","CURRENT_PRODUCT_CONTRACT","CURRENT_CONTRACT_MIGRATED","browser.animation-lifecycle","sl-animation-lifecycle-project-lanternwake-phase-3-quartermaster-and-audio-lifecycle-au-4ea7e60174-v1","tests/e2e/phase3-lifecycle-extended.spec.ts","journal-ready-state","The current governed case protects the same observable product contract in its owned focused family.","Mapped by exact current identity or focused browser.animation-lifecycle contract ownership; no P34 container is selected.","Historical Playwright discovery at 073e09b1bc0ded5b0d595bf99f0db1b11aafb3b9; P34 remains archived, unselectable, and unexecuted.","Historical outcomes are archival evidence, not current release evidence."
"p34-761ac3ebb4f1578eafa5","tests/e2e/phase3-lifecycle-extended.spec.ts","1065","Project Lanternwake Phase 3 Quartermaster and audio lifecycle › audio blocked-context remains nonblocking and releases work for twenty page-turn cycles","chromium","journal-ready-state","retired PlayerExperience presentation lifecycle","CURRENT_PRODUCT_CONTRACT","CURRENT_CONTRACT_MIGRATED","browser.animation-lifecycle","sl-animation-lifecycle-project-lanternwake-phase-3-quartermaster-and-audio-lifecycle-au-40901330d2-v1","tests/e2e/phase3-lifecycle-extended.spec.ts","journal-ready-state","The current governed case protects the same observable product contract in its owned focused family.","Mapped by exact current identity or focused browser.animation-lifecycle contract ownership; no P34 container is selected.","Historical Playwright discovery at 073e09b1bc0ded5b0d595bf99f0db1b11aafb3b9; P34 remains archived, unselectable, and unexecuted.","Historical outcomes are archival evidence, not current release evidence."
"p34-86f2d382df285d96c8fb","tests/e2e/phase3-lifecycle-extended.spec.ts","1065","Project Lanternwake Phase 3 Quartermaster and audio lifecycle › audio missing-context remains nonblocking and releases work for twenty page-turn cycles","chromium","journal-ready-state","retired PlayerExperience presentation lifecycle","CURRENT_PRODUCT_CONTRACT","CURRENT_CONTRACT_MIGRATED","browser.animation-lifecycle","sl-animation-lifecycle-project-lanternwake-phase-3-quartermaster-and-audio-lifecycle-au-dd167c4727-v1","tests/e2e/phase3-lifecycle-extended.spec.ts","journal-ready-state","The current governed case protects the same observable product contract in its owned focused family.","Mapped by exact current identity or focused browser.animation-lifecycle contract ownership; no P34 container is selected.","Historical Playwright discovery at 073e09b1bc0ded5b0d595bf99f0db1b11aafb3b9; P34 remains archived, unselectable, and unexecuted.","Historical outcomes are archival evidence, not current release evidence."
"p34-8fa2a37e3392bc35e829","tests/e2e/phase3-lifecycle-extended.spec.ts","1065","Project Lanternwake Phase 3 Quartermaster and audio lifecycle › audio oscillator-play-failure remains nonblocking and releases work for twenty page-turn cycles","chromium","journal-ready-state","retired PlayerExperience presentation lifecycle","CURRENT_PRODUCT_CONTRACT","CURRENT_CONTRACT_MIGRATED","browser.animation-lifecycle","sl-animation-lifecycle-project-lanternwake-phase-3-quartermaster-and-audio-lifecycle-au-c58be9997e-v1","tests/e2e/phase3-lifecycle-extended.spec.ts","journal-ready-state","The current governed case protects the same observable product contract in its owned focused family.","Mapped by exact current identity or focused browser.animation-lifecycle contract ownership; no P34 container is selected.","Historical Playwright discovery at 073e09b1bc0ded5b0d595bf99f0db1b11aafb3b9; P34 remains archived, unselectable, and unexecuted.","Historical outcomes are archival evidence, not current release evidence."
"p34-aefa0ea7d81dd9404969","tests/e2e/phase3-lifecycle-extended.spec.ts","1065","Project Lanternwake Phase 3 Quartermaster and audio lifecycle › audio muted remains nonblocking and releases work for twenty page-turn cycles","chromium","journal-ready-state","retired PlayerExperience presentation lifecycle","CURRENT_PRODUCT_CONTRACT","CURRENT_CONTRACT_MIGRATED","browser.animation-lifecycle","sl-animation-lifecycle-project-lanternwake-phase-3-quartermaster-and-audio-lifecycle-au-0e13e0b18e-v1","tests/e2e/phase3-lifecycle-extended.spec.ts","journal-ready-state","The current governed case protects the same observable product contract in its owned focused family.","Mapped by exact current identity or focused browser.animation-lifecycle contract ownership; no P34 container is selected.","Historical Playwright discovery at 073e09b1bc0ded5b0d595bf99f0db1b11aafb3b9; P34 remains archived, unselectable, and unexecuted.","Historical outcomes are archival evidence, not current release evidence."
"p34-c331411277d45c738b6b","tests/e2e/phase3-lifecycle.spec.ts","4","Project Lanternwake canonical Chronicle journal lifecycle › keeps the published Chronicle journal, PageFlip boundary, and motion setting bounded across reentry","chromium","journal-ready-state","retired PlayerExperience presentation lifecycle","CURRENT_PRODUCT_CONTRACT","CURRENT_CONTRACT_MIGRATED","browser.animation-lifecycle","sl-animation-lifecycle-project-lanternwake-canonical-chronicle-journal-lifecycle-keeps--0e610f641c-v1","tests/e2e/phase3-lifecycle.spec.ts","journal-ready-state","The current governed case protects the same observable product contract in its owned focused family.","Mapped by exact current identity or focused browser.animation-lifecycle contract ownership; no P34 container is selected.","Historical Playwright discovery at 073e09b1bc0ded5b0d595bf99f0db1b11aafb3b9; P34 remains archived, unselectable, and unexecuted.","Historical outcomes are archival evidence, not current release evidence."
"p34-14209a28ff4ef65af724","tests/e2e/phase3-player-event-matrix.spec.ts","44","Lanternwake canonical event matrix › legacy matrix mapping is complete and production journal has no retired receipt dependency","chromium","journal-ready-state","retired PlayerExperience presentation lifecycle","CURRENT_PRODUCT_CONTRACT","CURRENT_CONTRACT_MIGRATED","browser.player-journal","sl-player-journal-lanternwake-canonical-event-matrix-legacy-matrix-mapping-is-comp-13ad2de4da-v1","tests/e2e/phase3-player-event-matrix.spec.ts","journal-ready-state","The current governed case protects the same observable product contract in its owned focused family.","Mapped by exact current identity or focused browser.player-journal contract ownership; no P34 container is selected.","Historical Playwright discovery at 073e09b1bc0ded5b0d595bf99f0db1b11aafb3b9; P34 remains archived, unselectable, and unexecuted.","Historical outcomes are archival evidence, not current release evidence."
"p34-aabad6fc1c57e0cbc371","tests/e2e/phase3-player-event-matrix.spec.ts","59","Lanternwake canonical event matrix › canonical Group A: chapter and block progression","chromium","journal-ready-state","retired PlayerExperience presentation lifecycle","CURRENT_PRODUCT_CONTRACT","CURRENT_CONTRACT_MIGRATED","browser.player-journal","sl-player-journal-lanternwake-canonical-event-matrix-canonical-group-a-chapter-and-711032be12-v1","tests/e2e/phase3-player-event-matrix.spec.ts","journal-ready-state","The current governed case protects the same observable product contract in its owned focused family.","Mapped by exact current identity or focused browser.player-journal contract ownership; no P34 container is selected.","Historical Playwright discovery at 073e09b1bc0ded5b0d595bf99f0db1b11aafb3b9; P34 remains archived, unselectable, and unexecuted.","Historical outcomes are archival evidence, not current release evidence."
"p34-c6244904f7630a1a485c","tests/e2e/phase3-player-event-matrix.spec.ts","59","Lanternwake canonical event matrix › canonical Group B: hints and readable information","chromium","journal-ready-state","retired PlayerExperience presentation lifecycle","CURRENT_PRODUCT_CONTRACT","CURRENT_CONTRACT_MIGRATED","browser.player-journal","sl-player-journal-lanternwake-canonical-event-matrix-canonical-group-b-hints-and-r-3370407cd6-v1","tests/e2e/phase3-player-event-matrix.spec.ts","journal-ready-state","The current governed case protects the same observable product contract in its owned focused family.","Mapped by exact current identity or focused browser.player-journal contract ownership; no P34 container is selected.","Historical Playwright discovery at 073e09b1bc0ded5b0d595bf99f0db1b11aafb3b9; P34 remains archived, unselectable, and unexecuted.","Historical outcomes are archival evidence, not current release evidence."
"p34-2ccd91a7083f9e8dbf87","tests/e2e/phase3-player-event-matrix.spec.ts","59","Lanternwake canonical event matrix › canonical Group C: artifact and collection progression","chromium","authentication-authorization","retired P34 broad browser container","CURRENT_PRODUCT_CONTRACT","CURRENT_CONTRACT_MIGRATED","browser.artifacts","sl-artifacts-lanternwake-canonical-event-matrix-canonical-group-c-artifact-an-0893ac6762-v1","tests/e2e/phase3-player-event-matrix.spec.ts","authentication-authorization","The current governed case protects the same observable product contract in its owned focused family.","Mapped by exact current identity or focused browser.artifacts contract ownership; no P34 container is selected.","Historical Playwright discovery at 073e09b1bc0ded5b0d595bf99f0db1b11aafb3b9; P34 remains archived, unselectable, and unexecuted.","Historical outcomes are archival evidence, not current release evidence."
"p34-5d7822203fa7d1af7815","tests/e2e/phase3-player-event-matrix.spec.ts","59","Lanternwake canonical event matrix › canonical Group D: map and route progression","chromium","journal-ready-state","retired PlayerExperience presentation lifecycle","CURRENT_PRODUCT_CONTRACT","CURRENT_CONTRACT_MIGRATED","browser.player-journal","sl-player-journal-lanternwake-canonical-event-matrix-canonical-group-d-map-and-rou-be76646275-v1","tests/e2e/phase3-player-event-matrix.spec.ts","journal-ready-state","The current governed case protects the same observable product contract in its owned focused family.","Mapped by exact current identity or focused browser.player-journal contract ownership; no P34 container is selected.","Historical Playwright discovery at 073e09b1bc0ded5b0d595bf99f0db1b11aafb3b9; P34 remains archived, unselectable, and unexecuted.","Historical outcomes are archival evidence, not current release evidence."
"p34-76aa0744e9294fad73a2","tests/e2e/phase3-player-event-matrix.spec.ts","59","Lanternwake canonical event matrix › canonical Group E: objective and quest progression","chromium","journal-ready-state","retired PlayerExperience presentation lifecycle","CURRENT_PRODUCT_CONTRACT","CURRENT_CONTRACT_MIGRATED","browser.player-journal","sl-player-journal-lanternwake-canonical-event-matrix-canonical-group-e-objective-a-a3fd966a03-v1","tests/e2e/phase3-player-event-matrix.spec.ts","journal-ready-state","The current governed case protects the same observable product contract in its owned focused family.","Mapped by exact current identity or focused browser.player-journal contract ownership; no P34 container is selected.","Historical Playwright discovery at 073e09b1bc0ded5b0d595bf99f0db1b11aafb3b9; P34 remains archived, unselectable, and unexecuted.","Historical outcomes are archival evidence, not current release evidence."
"p34-5a53746245502fb43f31","tests/e2e/phase3-player-event-matrix.spec.ts","59","Lanternwake canonical event matrix › canonical Group F: finale progression","chromium","journal-ready-state","retired PlayerExperience presentation lifecycle","CURRENT_PRODUCT_CONTRACT","CURRENT_CONTRACT_MIGRATED","browser.player-journal","sl-player-journal-lanternwake-canonical-event-matrix-canonical-group-f-finale-prog-f986aa4850-v1","tests/e2e/phase3-player-event-matrix.spec.ts","journal-ready-state","The current governed case protects the same observable product contract in its owned focused family.","Mapped by exact current identity or focused browser.player-journal contract ownership; no P34 container is selected.","Historical Playwright discovery at 073e09b1bc0ded5b0d595bf99f0db1b11aafb3b9; P34 remains archived, unselectable, and unexecuted.","Historical outcomes are archival evidence, not current release evidence."
"p34-361f8fbf9416b87ff0fb","tests/e2e/phase3-player-event-matrix.spec.ts","59","Lanternwake canonical event matrix › canonical Group G: session control","chromium","journal-ready-state","retired PlayerExperience presentation lifecycle","CURRENT_PRODUCT_CONTRACT","CURRENT_CONTRACT_MIGRATED","browser.player-journal","sl-player-journal-lanternwake-canonical-event-matrix-canonical-group-g-session-con-0f046e2474-v1","tests/e2e/phase3-player-event-matrix.spec.ts","journal-ready-state","The current governed case protects the same observable product contract in its owned focused family.","Mapped by exact current identity or focused browser.player-journal contract ownership; no P34 container is selected.","Historical Playwright discovery at 073e09b1bc0ded5b0d595bf99f0db1b11aafb3b9; P34 remains archived, unselectable, and unexecuted.","Historical outcomes are archival evidence, not current release evidence."
"p34-2b921c9762c5e9c2180c","tests/e2e/phase3-player-motion.spec.ts","22","Lanternwake canonical journal motion policy › P3-MOTION-001 M1 canonical journal policy","chromium","journal-ready-state","retired PlayerExperience presentation lifecycle","CURRENT_PRODUCT_CONTRACT","CURRENT_CONTRACT_MIGRATED","browser.player-journal","sl-player-journal-lanternwake-canonical-journal-motion-policy-p3-motion-001-m1-can-bf79f8b047-v1","tests/e2e/phase3-player-motion.spec.ts","journal-ready-state","The current governed case protects the same observable product contract in its owned focused family.","Mapped by exact current identity or focused browser.player-journal contract ownership; no P34 container is selected.","Historical Playwright discovery at 073e09b1bc0ded5b0d595bf99f0db1b11aafb3b9; P34 remains archived, unselectable, and unexecuted.","Historical outcomes are archival evidence, not current release evidence."
"p34-ed7de8ed4dfc0346b2c0","tests/e2e/phase3-player-motion.spec.ts","22","Lanternwake canonical journal motion policy › P3-MOTION-002 M2 canonical journal policy","chromium","journal-ready-state","retired PlayerExperience presentation lifecycle","CURRENT_PRODUCT_CONTRACT","CURRENT_CONTRACT_MIGRATED","browser.player-journal","sl-player-journal-lanternwake-canonical-journal-motion-policy-p3-motion-002-m2-can-704c51e271-v1","tests/e2e/phase3-player-motion.spec.ts","journal-ready-state","The current governed case protects the same observable product contract in its owned focused family.","Mapped by exact current identity or focused browser.player-journal contract ownership; no P34 container is selected.","Historical Playwright discovery at 073e09b1bc0ded5b0d595bf99f0db1b11aafb3b9; P34 remains archived, unselectable, and unexecuted.","Historical outcomes are archival evidence, not current release evidence."
"p34-95e2b285e0244c34b999","tests/e2e/phase3-player-motion.spec.ts","22","Lanternwake canonical journal motion policy › P3-MOTION-003 M3 canonical journal policy","chromium","journal-ready-state","retired PlayerExperience presentation lifecycle","CURRENT_PRODUCT_CONTRACT","CURRENT_CONTRACT_MIGRATED","browser.player-journal","sl-player-journal-lanternwake-canonical-journal-motion-policy-p3-motion-003-m3-can-3f8043fe5f-v1","tests/e2e/phase3-player-motion.spec.ts","journal-ready-state","The current governed case protects the same observable product contract in its owned focused family.","Mapped by exact current identity or focused browser.player-journal contract ownership; no P34 container is selected.","Historical Playwright discovery at 073e09b1bc0ded5b0d595bf99f0db1b11aafb3b9; P34 remains archived, unselectable, and unexecuted.","Historical outcomes are archival evidence, not current release evidence."
"p34-17340d47efbe338a6c70","tests/e2e/phase3-player-motion.spec.ts","22","Lanternwake canonical journal motion policy › P3-MOTION-004 M4 canonical journal policy","chromium","journal-ready-state","retired PlayerExperience presentation lifecycle","CURRENT_PRODUCT_CONTRACT","CURRENT_CONTRACT_MIGRATED","browser.player-journal","sl-player-journal-lanternwake-canonical-journal-motion-policy-p3-motion-004-m4-can-77fd64a3ec-v1","tests/e2e/phase3-player-motion.spec.ts","journal-ready-state","The current governed case protects the same observable product contract in its owned focused family.","Mapped by exact current identity or focused browser.player-journal contract ownership; no P34 container is selected.","Historical Playwright discovery at 073e09b1bc0ded5b0d595bf99f0db1b11aafb3b9; P34 remains archived, unselectable, and unexecuted.","Historical outcomes are archival evidence, not current release evidence."
"p34-70cdc618222fc1689bea","tests/e2e/phase3-player-motion.spec.ts","22","Lanternwake canonical journal motion policy › P3-MOTION-005 M5 canonical journal policy","chromium","journal-ready-state","retired PlayerExperience presentation lifecycle","CURRENT_PRODUCT_CONTRACT","CURRENT_CONTRACT_MIGRATED","browser.player-journal","sl-player-journal-lanternwake-canonical-journal-motion-policy-p3-motion-005-m5-can-c4f3d0e949-v1","tests/e2e/phase3-player-motion.spec.ts","journal-ready-state","The current governed case protects the same observable product contract in its owned focused family.","Mapped by exact current identity or focused browser.player-journal contract ownership; no P34 container is selected.","Historical Playwright discovery at 073e09b1bc0ded5b0d595bf99f0db1b11aafb3b9; P34 remains archived, unselectable, and unexecuted.","Historical outcomes are archival evidence, not current release evidence."
"p34-e3e70a124f7c31e42ae4","tests/e2e/phase3-replay-resilience.spec.ts","16","Lanternwake canonical journal replay resilience › P3-REPLAY-001 reentry and refresh preserve one canonical presentation event","chromium","journal-ready-state","retired PlayerExperience presentation lifecycle","CURRENT_PRODUCT_CONTRACT","CURRENT_CONTRACT_MIGRATED","browser.player-journal","sl-player-journal-lanternwake-canonical-journal-replay-resilience-p3-replay-001-re-709c00e75f-v1","tests/e2e/phase3-replay-resilience.spec.ts","journal-ready-state","The current governed case protects the same observable product contract in its owned focused family.","Mapped by exact current identity or focused browser.player-journal contract ownership; no P34 container is selected.","Historical Playwright discovery at 073e09b1bc0ded5b0d595bf99f0db1b11aafb3b9; P34 remains archived, unselectable, and unexecuted.","Historical outcomes are archival evidence, not current release evidence."
"p34-b3dacf562d60ac93de56","tests/e2e/phase3-visual-checkpoints.spec.ts","1630","captures the exact sanitized 57-row Phase 3 visual checkpoint catalog","chromium","journal-ready-state","retired PlayerExperience presentation lifecycle","CONSOLIDATED_CURRENT_CONTRACT","REPLACED_CANONICAL","browser.player-journal","sl-player-journal-proves-the-canonical-read-only-journal-journey-across-current-pr-2cd05300b9-v1|sl-player-journal-proves-the-canonical-read-only-journal-journey-across-current-pr-93667ff07c-v1","tests/e2e/phase3-visual-checkpoints.spec.ts|tests/e2e/phase3-visual-checkpoints.spec.ts","journal-ready-state|journal-ready-state","The focused current family provides consolidated equal-or-stronger coverage for the retained behavior.","Mapped by exact current identity or focused browser.player-journal contract ownership; no P34 container is selected.","Historical Playwright discovery at 073e09b1bc0ded5b0d595bf99f0db1b11aafb3b9; P34 remains archived, unselectable, and unexecuted.","Historical outcomes are archival evidence, not current release evidence."
"p34-3f9c607ca6e5a80b158e","tests/e2e/project-one-voyage-phase2.spec.ts","148","Project One Voyage Phase 2 compatibility acceptance › A: the historical Player doorway resolves canonical state without legacy writes or replay","chromium","invitation-acceptance","retired shared PlayerExperience access flow","CURRENT_PRODUCT_CONTRACT","CURRENT_CONTRACT_MIGRATED","browser.invitations","sl-invitations-project-one-voyage-phase-2-compatibility-acceptance-a-the-histor-63618e2ef4-v1","tests/e2e/project-one-voyage-phase2.spec.ts","invitation-acceptance","The current governed case protects the same observable product contract in its owned focused family.","Mapped by exact current identity or focused browser.invitations contract ownership; no P34 container is selected.","Historical Playwright discovery at 073e09b1bc0ded5b0d595bf99f0db1b11aafb3b9; P34 remains archived, unselectable, and unexecuted.","Historical outcomes are archival evidence, not current release evidence."
"p34-e5327af4399468f36e5e","tests/e2e/project-one-voyage-phase2.spec.ts","230","Project One Voyage Phase 2 compatibility acceptance › B: revocation denies the retained credential without restoring membership or issuing a session","chromium","invitation-acceptance","retired shared PlayerExperience access flow","CURRENT_PRODUCT_CONTRACT","CURRENT_CONTRACT_MIGRATED","browser.invitations","sl-invitations-project-one-voyage-phase-2-compatibility-acceptance-b-revocation-4274a5fda8-v1","tests/e2e/project-one-voyage-phase2.spec.ts","invitation-acceptance","The current governed case protects the same observable product contract in its owned focused family.","Mapped by exact current identity or focused browser.invitations contract ownership; no P34 container is selected.","Historical Playwright discovery at 073e09b1bc0ded5b0d595bf99f0db1b11aafb3b9; P34 remains archived, unselectable, and unexecuted.","Historical outcomes are archival evidence, not current release evidence."
"p34-3844a678ace9e4773e2a","tests/e2e/project-one-voyage-phase2.spec.ts","280","Project One Voyage Phase 2 compatibility acceptance › C: Quartermaster hands off to Captain and writes one canonical command receipt","chromium","invitation-acceptance","retired shared PlayerExperience access flow","CURRENT_PRODUCT_CONTRACT","CURRENT_CONTRACT_MIGRATED","browser.invitations","sl-invitations-project-one-voyage-phase-2-compatibility-acceptance-c-quartermas-43f8c48e22-v1","tests/e2e/project-one-voyage-phase2.spec.ts","invitation-acceptance","The current governed case protects the same observable product contract in its owned focused family.","Mapped by exact current identity or focused browser.invitations contract ownership; no P34 container is selected.","Historical Playwright discovery at 073e09b1bc0ded5b0d595bf99f0db1b11aafb3b9; P34 remains archived, unselectable, and unexecuted.","Historical outcomes are archival evidence, not current release evidence."
"p34-2ba0bc953457e772bfd6","tests/e2e/sealed-hold-phase4.spec.ts","45","Phase 4 authenticated protected-media workflow is private, accessible, revocable, and restart-safe","chromium","authentication-authorization","retired P34 broad browser container","CURRENT_PRODUCT_CONTRACT","CURRENT_CONTRACT_MIGRATED","browser.private-operations","sl-private-operations-phase-4-authenticated-protected-media-workflow-is-private-access-0fde70149c-v1","tests/e2e/sealed-hold-phase4.spec.ts","authentication-authorization","The current governed case protects the same observable product contract in its owned focused family.","Mapped by exact current identity or focused browser.private-operations contract ownership; no P34 container is selected.","Historical Playwright discovery at 073e09b1bc0ded5b0d595bf99f0db1b11aafb3b9; P34 remains archived, unselectable, and unexecuted.","Historical outcomes are archival evidence, not current release evidence."
"p34-8b0dcc8d1e07c6b19342","tests/e2e/voyagewright-language.spec.ts","13","public routes present Voyagewright language without inherited product terms","chromium","authentication-authorization","retired P34 broad browser container","CURRENT_PRODUCT_CONTRACT","CURRENT_CONTRACT_MIGRATED","browser.cross-project","sl-cross-project-public-routes-present-voyagewright-language-without-inherited-pr-b9fde160db-v1","tests/e2e/voyagewright-language.spec.ts","authentication-authorization","The current governed case protects the same observable product contract in its owned focused family.","Mapped by exact current identity or focused browser.cross-project contract ownership; no P34 container is selected.","Historical Playwright discovery at 073e09b1bc0ded5b0d595bf99f0db1b11aafb3b9; P34 remains archived, unselectable, and unexecuted.","Historical outcomes are archival evidence, not current release evidence."
"p34-b7ae5abdbda78652ffe6","tests/e2e/wayfarer-phase3.spec.ts","209","Wayfarer Phase 3 authenticated Passport history is private, pinned, consent-filtered, and read-only","chromium","wayfarer-history-projection","retired P34 broad browser container","CURRENT_PRODUCT_CONTRACT","CURRENT_CONTRACT_MIGRATED","browser.passport","sl-passport-wayfarer-phase-3-authenticated-passport-history-is-private-pinne-e425d65804-v1","tests/e2e/wayfarer-phase3.spec.ts","wayfarer-history-projection","The current governed case protects the same observable product contract in its owned focused family.","Mapped by exact current identity or focused browser.passport contract ownership; no P34 container is selected.","Historical Playwright discovery at 073e09b1bc0ded5b0d595bf99f0db1b11aafb3b9; P34 remains archived, unselectable, and unexecuted.","Historical outcomes are archival evidence, not current release evidence."
"p34-02e7db34b1f45fe6edfb","tests/e2e/wayfarer-phase4.spec.ts","128","Wayfarer Phase 4 projects only receipt-authorized artifacts and protects private cabinet data","chromium","wayfarer-history-projection","retired P34 broad browser container","CURRENT_PRODUCT_CONTRACT","CURRENT_CONTRACT_MIGRATED","browser.artifacts","sl-artifacts-wayfarer-phase-4-projects-only-receipt-authorized-artifacts-and--6c9459b714-v1","tests/e2e/wayfarer-phase4.spec.ts","wayfarer-history-projection","The current governed case protects the same observable product contract in its owned focused family.","Mapped by exact current identity or focused browser.artifacts contract ownership; no P34 container is selected.","Historical Playwright discovery at 073e09b1bc0ded5b0d595bf99f0db1b11aafb3b9; P34 remains archived, unselectable, and unexecuted.","Historical outcomes are archival evidence, not current release evidence."
"p34-452b15efba9b109a1fce","tests/e2e/wayfarer-phase2.spec.ts","11","Wayfarer Passport persists a private profile, preferences, media, and a simulator identity","wayfarer-phase2","wayfarer-history-projection","retired P34 broad browser container","CURRENT_PRODUCT_CONTRACT","CURRENT_CONTRACT_MIGRATED","browser.passport","sl-passport-wayfarer-passport-persists-a-private-profile-preferences-media-a-bfae16dd3f-v1","tests/e2e/wayfarer-phase2.spec.ts","wayfarer-history-projection","The current governed case protects the same observable product contract in its owned focused family.","Mapped by exact current identity or focused browser.passport contract ownership; no P34 container is selected.","Historical Playwright discovery at 073e09b1bc0ded5b0d595bf99f0db1b11aafb3b9; P34 remains archived, unselectable, and unexecuted.","Historical outcomes are archival evidence, not current release evidence."
"p34-c881e5096365671ba00d","tests/e2e/wayfarer-phase2.spec.ts","88","Wayfarer Passport remains operable at required responsive viewports","wayfarer-phase2","wayfarer-history-projection","retired P34 broad browser container","CURRENT_PRODUCT_CONTRACT","CURRENT_CONTRACT_MIGRATED","browser.passport","sl-passport-wayfarer-passport-remains-operable-at-required-responsive-viewpo-da9b514f1b-v1","tests/e2e/wayfarer-phase2.spec.ts","wayfarer-history-projection","The current governed case protects the same observable product contract in its owned focused family.","Mapped by exact current identity or focused browser.passport contract ownership; no P34 container is selected.","Historical Playwright discovery at 073e09b1bc0ded5b0d595bf99f0db1b11aafb3b9; P34 remains archived, unselectable, and unexecuted.","Historical outcomes are archival evidence, not current release evidence."
"p34-0e422eae479283570b55","tests/e2e/wayfarer-phase3.spec.ts","209","Wayfarer Phase 3 authenticated Passport history is private, pinned, consent-filtered, and read-only","wayfarer-phase3","wayfarer-history-projection","retired P34 broad browser container","CURRENT_PRODUCT_CONTRACT","CURRENT_CONTRACT_MIGRATED","browser.passport","sl-passport-wayfarer-phase-3-authenticated-passport-history-is-private-pinne-16cdb0379c-v1","tests/e2e/wayfarer-phase3.spec.ts","wayfarer-history-projection","The current governed case protects the same observable product contract in its owned focused family.","Mapped by exact current identity or focused browser.passport contract ownership; no P34 container is selected.","Historical Playwright discovery at 073e09b1bc0ded5b0d595bf99f0db1b11aafb3b9; P34 remains archived, unselectable, and unexecuted.","Historical outcomes are archival evidence, not current release evidence."
"p34-100027a5c53064e41085","tests/e2e/wayfarer-phase4.spec.ts","128","Wayfarer Phase 4 projects only receipt-authorized artifacts and protects private cabinet data","wayfarer-phase4","wayfarer-history-projection","retired P34 broad browser container","CURRENT_PRODUCT_CONTRACT","CURRENT_CONTRACT_MIGRATED","browser.artifacts","sl-artifacts-wayfarer-phase-4-projects-only-receipt-authorized-artifacts-and--37b3d78ea8-v1","tests/e2e/wayfarer-phase4.spec.ts","wayfarer-history-projection","The current governed case protects the same observable product contract in its owned focused family.","Mapped by exact current identity or focused browser.artifacts contract ownership; no P34 container is selected.","Historical Playwright discovery at 073e09b1bc0ded5b0d595bf99f0db1b11aafb3b9; P34 remains archived, unselectable, and unexecuted.","Historical outcomes are archival evidence, not current release evidence."
"p34-fadf27ee58c53053533e","tests/e2e/harborlight-phase2.spec.ts","12","Harborlight Studio access and Exchange package installation are isolated and authoritative","harborlight-phase2","authentication-authorization","retired shared community browser container","CURRENT_PRODUCT_CONTRACT","CURRENT_CONTRACT_MIGRATED","browser.community","sl-community-harborlight-studio-access-and-exchange-package-installation-are--9aa73502ff-v1","tests/e2e/harborlight-phase2.spec.ts","authentication-authorization","The current governed case protects the same observable product contract in its owned focused family.","Mapped by exact current identity or focused browser.community contract ownership; no P34 container is selected.","Historical Playwright discovery at 073e09b1bc0ded5b0d595bf99f0db1b11aafb3b9; P34 remains archived, unselectable, and unexecuted.","Historical outcomes are archival evidence, not current release evidence."
"p34-fd809d279ddcbba964bb","tests/e2e/harborlight-phase2.spec.ts","247","H2: hash-attested synthetic 2D artifact publication persists its immutable package","harborlight-phase2","authentication-authorization","retired P34 broad browser container","CURRENT_PRODUCT_CONTRACT","CURRENT_CONTRACT_MIGRATED","browser.artifacts","sl-artifacts-h2-hash-attested-synthetic-2d-artifact-publication-persists-its--3bb0c13fb8-v1","tests/e2e/harborlight-phase2.spec.ts","authentication-authorization","The current governed case protects the same observable product contract in its owned focused family.","Mapped by exact current identity or focused browser.artifacts contract ownership; no P34 container is selected.","Historical Playwright discovery at 073e09b1bc0ded5b0d595bf99f0db1b11aafb3b9; P34 remains archived, unselectable, and unexecuted.","Historical outcomes are archival evidence, not current release evidence."
"p34-ee8e7b239bf0917fd4aa","tests/e2e/harborlight-phase2.spec.ts","473","H3: hash-attested GLB publication accepts only the exact embedded fixture and preserves fallback metadata","harborlight-phase2","authentication-authorization","retired shared community browser container","CURRENT_PRODUCT_CONTRACT","CURRENT_CONTRACT_MIGRATED","browser.community","sl-community-h3-hash-attested-glb-publication-accepts-only-the-exact-embedded-515fa3e1d7-v1","tests/e2e/harborlight-phase2.spec.ts","authentication-authorization","The current governed case protects the same observable product contract in its owned focused family.","Mapped by exact current identity or focused browser.community contract ownership; no P34 container is selected.","Historical Playwright discovery at 073e09b1bc0ded5b0d595bf99f0db1b11aafb3b9; P34 remains archived, unselectable, and unexecuted.","Historical outcomes are archival evidence, not current release evidence."
"p34-6be15406696ff6950a6e","tests/e2e/harborlight-phase3.spec.ts","40","Harborlight Phase 3 persisted browser acceptance › public discovery, Guides, metadata, keyboard operation, mobile layout, and reduced motion remain safe","harborlight-phase3","authentication-authorization","retired shared community browser container","CURRENT_PRODUCT_CONTRACT","CURRENT_CONTRACT_MIGRATED","browser.community","sl-community-harborlight-phase-3-persisted-browser-acceptance-public-discover-f2b9d7e0d1-v1","tests/e2e/harborlight-phase3.spec.ts","authentication-authorization","The current governed case protects the same observable product contract in its owned focused family.","Mapped by exact current identity or focused browser.community contract ownership; no P34 container is selected.","Historical Playwright discovery at 073e09b1bc0ded5b0d595bf99f0db1b11aafb3b9; P34 remains archived, unselectable, and unexecuted.","Historical outcomes are archival evidence, not current release evidence."
"p34-fb9b621bff2cbe98210f","tests/e2e/harborlight-phase3.spec.ts","70","Harborlight Phase 3 persisted browser acceptance › owner editor is private, revision-safe, and never reveals upstream source or storage identity","harborlight-phase3","authentication-authorization","retired shared community browser container","CURRENT_PRODUCT_CONTRACT","CURRENT_CONTRACT_MIGRATED","browser.community","sl-community-harborlight-phase-3-persisted-browser-acceptance-owner-editor-is-980c8dc965-v1","tests/e2e/harborlight-phase3.spec.ts","authentication-authorization","The current governed case protects the same observable product contract in its owned focused family.","Mapped by exact current identity or focused browser.community contract ownership; no P34 container is selected.","Historical Playwright discovery at 073e09b1bc0ded5b0d595bf99f0db1b11aafb3b9; P34 remains archived, unselectable, and unexecuted.","Historical outcomes are archival evidence, not current release evidence."
"p34-719b11157a10b3ca08dc","tests/e2e/harborlight-phase3.spec.ts","92","Harborlight Phase 3 persisted browser acceptance › visibility is authorization-derived, exact-link unlisted is governed, and public projections remain privacy safe","harborlight-phase3","authentication-authorization","retired shared community browser container","CURRENT_PRODUCT_CONTRACT","CURRENT_CONTRACT_MIGRATED","browser.community","sl-community-harborlight-phase-3-persisted-browser-acceptance-visibility-is-a-a363e904bd-v1","tests/e2e/harborlight-phase3.spec.ts","authentication-authorization","The current governed case protects the same observable product contract in its owned focused family.","Mapped by exact current identity or focused browser.community contract ownership; no P34 container is selected.","Historical Playwright discovery at 073e09b1bc0ded5b0d595bf99f0db1b11aafb3b9; P34 remains archived, unselectable, and unexecuted.","Historical outcomes are archival evidence, not current release evidence."
"p34-682f9c429ea770cc5078","tests/e2e/harborlight-phase3.spec.ts","122","Harborlight Phase 3 persisted browser acceptance › social and collection mutations are CSRF-bound, persisted, and deny a foreign owner","harborlight-phase3","authentication-authorization","retired shared community browser container","CURRENT_PRODUCT_CONTRACT","CURRENT_CONTRACT_MIGRATED","browser.community","sl-community-harborlight-phase-3-persisted-browser-acceptance-social-and-coll-c774d45bff-v1","tests/e2e/harborlight-phase3.spec.ts","authentication-authorization","The current governed case protects the same observable product contract in its owned focused family.","Mapped by exact current identity or focused browser.community contract ownership; no P34 container is selected.","Historical Playwright discovery at 073e09b1bc0ded5b0d595bf99f0db1b11aafb3b9; P34 remains archived, unselectable, and unexecuted.","Historical outcomes are archival evidence, not current release evidence."
"p34-90973f0dc448e83dcece","tests/e2e/acceptance.spec.ts","51","canonical Chronicle invitation journey keeps Player and Captain boundaries intact","webkit-mobile","authentication-authorization","retired P34 broad browser container","CURRENT_PRODUCT_CONTRACT","CURRENT_CONTRACT_MIGRATED","browser.player-library","sl-player-library-canonical-chronicle-invitation-journey-keeps-player-and-captain--343579f907-v1","tests/e2e/acceptance.spec.ts","authentication-authorization","The current governed case protects the same observable product contract in its owned focused family.","Mapped by exact current identity or focused browser.player-library contract ownership; no P34 container is selected.","Historical Playwright discovery at 073e09b1bc0ded5b0d595bf99f0db1b11aafb3b9; P34 remains archived, unselectable, and unexecuted.","Historical outcomes are archival evidence, not current release evidence."
"p34-1d1cc7cc741d8e633ce0","tests/e2e/access-gates.spec.ts","4","Player sign-in remains public, accessible, and does not grant a Chronicle session","webkit-mobile","authentication-authorization","retired shared PlayerExperience access flow","CURRENT_PRODUCT_CONTRACT","CURRENT_CONTRACT_MIGRATED","browser.auth","sl-auth-player-sign-in-remains-public-accessible-and-does-not-grant-a-ch-28e34916c0-v1","tests/e2e/access-gates.spec.ts","authentication-authorization","The current governed case protects the same observable product contract in its owned focused family.","Mapped by exact current identity or focused browser.auth contract ownership; no P34 container is selected.","Historical Playwright discovery at 073e09b1bc0ded5b0d595bf99f0db1b11aafb3b9; P34 remains archived, unselectable, and unexecuted.","Historical outcomes are archival evidence, not current release evidence."
"p34-2da3ed29220489c6bc44","tests/e2e/access-gates.spec.ts","20","Quartermaster bookmarks redirect to canonical Captain sign-in across supported browsers","webkit-mobile","authentication-authorization","retired shared PlayerExperience access flow","CURRENT_PRODUCT_CONTRACT","CURRENT_CONTRACT_MIGRATED","browser.auth","sl-auth-quartermaster-bookmarks-redirect-to-canonical-captain-sign-in-ac-094bfa6ace-v1","tests/e2e/access-gates.spec.ts","authentication-authorization","The current governed case protects the same observable product contract in its owned focused family.","Mapped by exact current identity or focused browser.auth contract ownership; no P34 container is selected.","Historical Playwright discovery at 073e09b1bc0ded5b0d595bf99f0db1b11aafb3b9; P34 remains archived, unselectable, and unexecuted.","Historical outcomes are archival evidence, not current release evidence."
"p34-a2c5309b320f43800710","tests/e2e/access-gates.spec.ts","27","published Chronicle catalog is public while Studio remains protected","webkit-mobile","authentication-authorization","retired shared PlayerExperience access flow","CURRENT_PRODUCT_CONTRACT","CURRENT_CONTRACT_MIGRATED","browser.auth","sl-auth-published-chronicle-catalog-is-public-while-studio-remains-prote-78e7669d33-v1","tests/e2e/access-gates.spec.ts","authentication-authorization","The current governed case protects the same observable product contract in its owned focused family.","Mapped by exact current identity or focused browser.auth contract ownership; no P34 container is selected.","Historical Playwright discovery at 073e09b1bc0ded5b0d595bf99f0db1b11aafb3b9; P34 remains archived, unselectable, and unexecuted.","Historical outcomes are archival evidence, not current release evidence."
"p34-d3de3163a88dcac509ee","tests/e2e/animations.spec.ts","4","first arrival supports skip, replay, reduced motion, and a semantic destination","webkit-mobile","journal-ready-state","retired PlayerExperience presentation lifecycle","CURRENT_PRODUCT_CONTRACT","CURRENT_CONTRACT_MIGRATED","browser.animation-lifecycle","sl-animation-lifecycle-first-arrival-supports-skip-replay-reduced-motion-and-a-semantic-3a329acb24-v1","tests/e2e/animations.spec.ts","journal-ready-state","The current governed case protects the same observable product contract in its owned focused family.","Mapped by exact current identity or focused browser.animation-lifecycle contract ownership; no P34 container is selected.","Historical Playwright discovery at 073e09b1bc0ded5b0d595bf99f0db1b11aafb3b9; P34 remains archived, unselectable, and unexecuted.","Historical outcomes are archival evidence, not current release evidence."
"p34-257bab97e675ab98e99e","tests/e2e/animations.spec.ts","37","development showcase exercises transport, trailer, assets, page turns, and local-only network policy","webkit-mobile","journal-ready-state","retired PlayerExperience presentation lifecycle","CURRENT_PRODUCT_CONTRACT","CURRENT_CONTRACT_MIGRATED","browser.animation-lifecycle","sl-animation-lifecycle-development-showcase-exercises-transport-trailer-assets-page-tur-e907dd4add-v1","tests/e2e/animations.spec.ts","journal-ready-state","The current governed case protects the same observable product contract in its owned focused family.","Mapped by exact current identity or focused browser.animation-lifecycle contract ownership; no P34 container is selected.","Historical Playwright discovery at 073e09b1bc0ded5b0d595bf99f0db1b11aafb3b9; P34 remains archived, unselectable, and unexecuted.","Historical outcomes are archival evidence, not current release evidence."
"p34-3362577a749dcbdd248f","tests/e2e/chronicle-platform.spec.ts","11","the role gateway is responsive, reduced-motion aware, and never grants authorization","webkit-mobile","authentication-authorization","retired P34 broad browser container","CURRENT_PRODUCT_CONTRACT","CURRENT_CONTRACT_MIGRATED","browser.player-library","sl-player-library-the-role-gateway-is-responsive-reduced-motion-aware-and-never-gr-e24ddefd08-v1","tests/e2e/chronicle-platform.spec.ts","authentication-authorization","The current governed case protects the same observable product contract in its owned focused family.","Mapped by exact current identity or focused browser.player-library contract ownership; no P34 container is selected.","Historical Playwright discovery at 073e09b1bc0ded5b0d595bf99f0db1b11aafb3b9; P34 remains archived, unselectable, and unexecuted.","Historical outcomes are archival evidence, not current release evidence."
"p34-0e1a1f4f18e8825105ff","tests/e2e/chronicle-platform.spec.ts","31","Captain invitation, immutable version, Player runtime, archive, and revocation form one persisted journey","webkit-mobile","authentication-authorization","retired P34 broad browser container","CURRENT_PRODUCT_CONTRACT","CURRENT_CONTRACT_MIGRATED","browser.player-library","sl-player-library-captain-invitation-immutable-version-player-runtime-archive-and--dde8efaf6b-v1","tests/e2e/chronicle-platform.spec.ts","authentication-authorization","The current governed case protects the same observable product contract in its owned focused family.","Mapped by exact current identity or focused browser.player-library contract ownership; no P34 container is selected.","Historical Playwright discovery at 073e09b1bc0ded5b0d595bf99f0db1b11aafb3b9; P34 remains archived, unselectable, and unexecuted.","Historical outcomes are archival evidence, not current release evidence."
"p34-4791b57c9be29d731e45","tests/e2e/chronicle-studio.spec.ts","35","published Studio tale completes through player, Captain, and helper contracts","webkit-mobile","authentication-authorization","retired shared PlayerExperience operator surface","CURRENT_PRODUCT_CONTRACT","CURRENT_CONTRACT_MIGRATED","browser.studio","sl-studio-published-studio-tale-completes-through-player-captain-and-helpe-00cd82ccc0-v1","tests/e2e/chronicle-studio.spec.ts","authentication-authorization","The current governed case protects the same observable product contract in its owned focused family.","Mapped by exact current identity or focused browser.studio contract ownership; no P34 container is selected.","Historical Playwright discovery at 073e09b1bc0ded5b0d595bf99f0db1b11aafb3b9; P34 remains archived, unselectable, and unexecuted.","Historical outcomes are archival evidence, not current release evidence."
"p34-47f67e26ea0e35dfd7da","tests/e2e/chronicle-studio.spec.ts","169","Studio editor exposes searchable authoring tools and responsive isolated preview","webkit-mobile","authentication-authorization","retired shared PlayerExperience operator surface","CURRENT_PRODUCT_CONTRACT","CURRENT_CONTRACT_MIGRATED","browser.studio","sl-studio-studio-editor-exposes-searchable-authoring-tools-and-responsive--35ce356111-v1","tests/e2e/chronicle-studio.spec.ts","authentication-authorization","The current governed case protects the same observable product contract in its owned focused family.","Mapped by exact current identity or focused browser.studio contract ownership; no P34 container is selected.","Historical Playwright discovery at 073e09b1bc0ded5b0d595bf99f0db1b11aafb3b9; P34 remains archived, unselectable, and unexecuted.","Historical outcomes are archival evidence, not current release evidence."
"p34-690727ea5b3bd83228ab","tests/e2e/chronicle-studio.spec.ts","225","creator authors, aligns, publishes, plays, and reviews a media-rich tale","webkit-mobile","authentication-authorization","retired shared PlayerExperience operator surface","CURRENT_PRODUCT_CONTRACT","CURRENT_CONTRACT_MIGRATED","browser.studio","sl-studio-creator-authors-aligns-publishes-plays-and-reviews-a-media-rich--f9aca6e647-v1","tests/e2e/chronicle-studio.spec.ts","authentication-authorization","The current governed case protects the same observable product contract in its owned focused family.","Mapped by exact current identity or focused browser.studio contract ownership; no P34 container is selected.","Historical Playwright discovery at 073e09b1bc0ded5b0d595bf99f0db1b11aafb3b9; P34 remains archived, unselectable, and unexecuted.","Historical outcomes are archival evidence, not current release evidence."
"p34-4774d93e1425319743b6","tests/e2e/command-center.spec.ts","78","preview is nonmutating, stale commands conflict, and idempotency replays safely","webkit-mobile","authentication-authorization","retired shared PlayerExperience operator surface","CURRENT_PRODUCT_CONTRACT","CURRENT_CONTRACT_MIGRATED","browser.captain","sl-captain-preview-is-nonmutating-stale-commands-conflict-and-idempotency-r-d68c452a89-v1","tests/e2e/command-center.spec.ts","authentication-authorization","The current governed case protects the same observable product contract in its owned focused family.","Mapped by exact current identity or focused browser.captain contract ownership; no P34 container is selected.","Historical Playwright discovery at 073e09b1bc0ded5b0d595bf99f0db1b11aafb3b9; P34 remains archived, unselectable, and unexecuted.","Historical outcomes are archival evidence, not current release evidence."
"p34-d5e28dc328f1e683af9c","tests/e2e/command-center.spec.ts","147","Captain command preparation is browser-authenticated, durable, and idempotent","webkit-mobile","authentication-authorization","retired shared PlayerExperience operator surface","CURRENT_PRODUCT_CONTRACT","CURRENT_CONTRACT_MIGRATED","browser.captain","sl-captain-captain-command-preparation-is-browser-authenticated-durable-and-c6cc6ddc26-v1","tests/e2e/command-center.spec.ts","authentication-authorization","The current governed case protects the same observable product contract in its owned focused family.","Mapped by exact current identity or focused browser.captain contract ownership; no P34 container is selected.","Historical Playwright discovery at 073e09b1bc0ded5b0d595bf99f0db1b11aafb3b9; P34 remains archived, unselectable, and unexecuted.","Historical outcomes are archival evidence, not current release evidence."
"p34-b123f90e14a3de9075f9","tests/e2e/command-center.spec.ts","229","workspace routes preserve the newest Quartermaster surface and remain accessible","webkit-mobile","authentication-authorization","retired shared PlayerExperience operator surface","CURRENT_PRODUCT_CONTRACT","CURRENT_CONTRACT_MIGRATED","browser.captain","sl-captain-workspace-routes-preserve-the-newest-quartermaster-surface-and-r-b76c5ff166-v1","tests/e2e/command-center.spec.ts","authentication-authorization","The current governed case protects the same observable product contract in its owned focused family.","Mapped by exact current identity or focused browser.captain contract ownership; no P34 container is selected.","Historical Playwright discovery at 073e09b1bc0ded5b0d595bf99f0db1b11aafb3b9; P34 remains archived, unselectable, and unexecuted.","Historical outcomes are archival evidence, not current release evidence."
"p34-5bb10079d730474511ef","tests/e2e/lanternwake-access-transitions.spec.ts","164","Lanternwake Phase 1 access transition final-state holds › Player invitation access holds its committed seal-release pose until the voyage surface is visible","webkit-mobile","authentication-authorization","retired shared PlayerExperience access flow","CURRENT_PRODUCT_CONTRACT","CURRENT_CONTRACT_MIGRATED","browser.invitations","sl-invitations-lanternwake-phase-1-access-transition-final-state-holds-player-i-bc6d2bd18a-v1","tests/e2e/lanternwake-access-transitions.spec.ts","authentication-authorization","The current governed case protects the same observable product contract in its owned focused family.","Mapped by exact current identity or focused browser.invitations contract ownership; no P34 container is selected.","Historical Playwright discovery at 073e09b1bc0ded5b0d595bf99f0db1b11aafb3b9; P34 remains archived, unselectable, and unexecuted.","Historical outcomes are archival evidence, not current release evidence."
"p34-7a802be9fdbc9125a007","tests/e2e/lanternwake-access-transitions.spec.ts","197","Lanternwake Phase 1 access transition final-state holds › Quartermaster login holds its committed open-door pose until the command surface is visible","webkit-mobile","journal-ready-state","retired PlayerExperience presentation lifecycle","CURRENT_PRODUCT_CONTRACT","CURRENT_CONTRACT_MIGRATED","browser.player-journal","sl-player-journal-lanternwake-phase-1-access-transition-final-state-holds-quarterm-8f7da152fd-v1","tests/e2e/lanternwake-access-transitions.spec.ts","journal-ready-state","The current governed case protects the same observable product contract in its owned focused family.","Mapped by exact current identity or focused browser.player-journal contract ownership; no P34 container is selected.","Historical Playwright discovery at 073e09b1bc0ded5b0d595bf99f0db1b11aafb3b9; P34 remains archived, unselectable, and unexecuted.","Historical outcomes are archival evidence, not current release evidence."
"p34-0318987bbce591f48ba0","tests/e2e/lanternwake-journal.spec.ts","586","Project Lanternwake Journal browser lifecycle › an active Journal opening releases listeners and requests within the browser unmount budget","webkit-mobile","journal-ready-state","retired PlayerExperience presentation lifecycle","CURRENT_PRODUCT_CONTRACT","CURRENT_CONTRACT_MIGRATED","browser.animation-lifecycle","sl-animation-lifecycle-project-lanternwake-journal-browser-lifecycle-an-active-journal--23a5063f95-v1","tests/e2e/lanternwake-journal.spec.ts","journal-ready-state","The current governed case protects the same observable product contract in its owned focused family.","Mapped by exact current identity or focused browser.animation-lifecycle contract ownership; no P34 container is selected.","Historical Playwright discovery at 073e09b1bc0ded5b0d595bf99f0db1b11aafb3b9; P34 remains archived, unselectable, and unexecuted.","Historical outcomes are archival evidence, not current release evidence."
"p34-b42066791a59caee0e64","tests/e2e/lanternwake-journal.spec.ts","601","Project Lanternwake Journal browser lifecycle › mode change and skip both reconcile the Journal to a readable final pose","webkit-mobile","journal-ready-state","retired PlayerExperience presentation lifecycle","CURRENT_PRODUCT_CONTRACT","CURRENT_CONTRACT_MIGRATED","browser.animation-lifecycle","sl-animation-lifecycle-project-lanternwake-journal-browser-lifecycle-mode-change-and-sk-5c87e18e32-v1","tests/e2e/lanternwake-journal.spec.ts","journal-ready-state","The current governed case protects the same observable product contract in its owned focused family.","Mapped by exact current identity or focused browser.animation-lifecycle contract ownership; no P34 container is selected.","Historical Playwright discovery at 073e09b1bc0ded5b0d595bf99f0db1b11aafb3b9; P34 remains archived, unselectable, and unexecuted.","Historical outcomes are archival evidence, not current release evidence."
"p34-744d3929222c984a4dda","tests/e2e/lanternwake-journal.spec.ts","627","Project Lanternwake Journal browser lifecycle › browser reduced motion reaches deterministic JOURNAL_READY with the static readable book","webkit-mobile","journal-ready-state","retired PlayerExperience presentation lifecycle","CURRENT_PRODUCT_CONTRACT","CURRENT_CONTRACT_MIGRATED","browser.animation-lifecycle","sl-animation-lifecycle-project-lanternwake-journal-browser-lifecycle-browser-reduced-mo-9184914b80-v1","tests/e2e/lanternwake-journal.spec.ts","journal-ready-state","The current governed case protects the same observable product contract in its owned focused family.","Mapped by exact current identity or focused browser.animation-lifecycle contract ownership; no P34 container is selected.","Historical Playwright discovery at 073e09b1bc0ded5b0d595bf99f0db1b11aafb3b9; P34 remains archived, unselectable, and unexecuted.","Historical outcomes are archival evidence, not current release evidence."
"p34-e5bff490fb8af1ca10a9","tests/e2e/lanternwake-journal.spec.ts","658","Project Lanternwake Journal browser lifecycle › repeated returning-opening replays do not accumulate observable listeners, sources, or requests","webkit-mobile","journal-ready-state","retired PlayerExperience presentation lifecycle","CURRENT_PRODUCT_CONTRACT","CURRENT_CONTRACT_MIGRATED","browser.animation-lifecycle","sl-animation-lifecycle-project-lanternwake-journal-browser-lifecycle-repeated-returning-cfe81cde06-v1","tests/e2e/lanternwake-journal.spec.ts","journal-ready-state","The current governed case protects the same observable product contract in its owned focused family.","Mapped by exact current identity or focused browser.animation-lifecycle contract ownership; no P34 container is selected.","Historical Playwright discovery at 073e09b1bc0ded5b0d595bf99f0db1b11aafb3b9; P34 remains archived, unselectable, and unexecuted.","Historical outcomes are archival evidence, not current release evidence."
"p34-e1a8e815368d33e981a6","tests/e2e/lanternwake-journal.spec.ts","699","Project Lanternwake Journal browser lifecycle › manual full and abbreviated opening profiles preserve controls and restore their focus","webkit-mobile","journal-ready-state","retired PlayerExperience presentation lifecycle","CURRENT_PRODUCT_CONTRACT","CURRENT_CONTRACT_MIGRATED","browser.animation-lifecycle","sl-animation-lifecycle-project-lanternwake-journal-browser-lifecycle-manual-full-and-ab-31361bd7cb-v1","tests/e2e/lanternwake-journal.spec.ts","journal-ready-state","The current governed case protects the same observable product contract in its owned focused family.","Mapped by exact current identity or focused browser.animation-lifecycle contract ownership; no P34 container is selected.","Historical Playwright discovery at 073e09b1bc0ded5b0d595bf99f0db1b11aafb3b9; P34 remains archived, unselectable, and unexecuted.","Historical outcomes are archival evidence, not current release evidence."
"p34-be0db6f5929197dc6428","tests/e2e/lanternwake-journal.spec.ts","721","Project Lanternwake Journal browser lifecycle › PageFlip control and keyboard turns retain exact visible-primary authority and focus","webkit-mobile","authentication-authorization","retired P34 broad browser container","CURRENT_PRODUCT_CONTRACT","CURRENT_CONTRACT_MIGRATED","browser.accessibility","sl-accessibility-project-lanternwake-journal-browser-lifecycle-pageflip-control-a-13a6fc44f3-v1","tests/e2e/lanternwake-journal.spec.ts","authentication-authorization","The current governed case protects the same observable product contract in its owned focused family.","Mapped by exact current identity or focused browser.accessibility contract ownership; no P34 container is selected.","Historical Playwright discovery at 073e09b1bc0ded5b0d595bf99f0db1b11aafb3b9; P34 remains archived, unselectable, and unexecuted.","Historical outcomes are archival evidence, not current release evidence."
"p34-c56eba47aca7dc356036","tests/e2e/lanternwake-journal.spec.ts","779","Project Lanternwake Journal browser lifecycle › missing opening actor and infinite CSS timing converge to a readable final pose","webkit-mobile","journal-ready-state","retired PlayerExperience presentation lifecycle","CURRENT_PRODUCT_CONTRACT","CURRENT_CONTRACT_MIGRATED","browser.animation-lifecycle","sl-animation-lifecycle-project-lanternwake-journal-browser-lifecycle-missing-opening-ac-f6b608bee3-v1","tests/e2e/lanternwake-journal.spec.ts","journal-ready-state","The current governed case protects the same observable product contract in its owned focused family.","Mapped by exact current identity or focused browser.animation-lifecycle contract ownership; no P34 container is selected.","Historical Playwright discovery at 073e09b1bc0ded5b0d595bf99f0db1b11aafb3b9; P34 remains archived, unselectable, and unexecuted.","Historical outcomes are archival evidence, not current release evidence."
"p34-0a7ab4ae2fc716923260","tests/e2e/lanternwake-journal.spec.ts","806","Project Lanternwake Journal browser lifecycle › a PageFlip readiness interruption exposes the static current page without stale clones","webkit-mobile","journal-ready-state","retired PlayerExperience presentation lifecycle","CURRENT_PRODUCT_CONTRACT","CURRENT_CONTRACT_MIGRATED","browser.animation-lifecycle","sl-animation-lifecycle-project-lanternwake-journal-browser-lifecycle-a-pageflip-readine-e6b1d7d659-v1","tests/e2e/lanternwake-journal.spec.ts","journal-ready-state","The current governed case protects the same observable product contract in its owned focused family.","Mapped by exact current identity or focused browser.animation-lifecycle contract ownership; no P34 container is selected.","Historical Playwright discovery at 073e09b1bc0ded5b0d595bf99f0db1b11aafb3b9; P34 remains archived, unselectable, and unexecuted.","Historical outcomes are archival evidence, not current release evidence."
"p34-28930c1cbc25e7db09bd","tests/e2e/lanternwake-journal.spec.ts","824","Project Lanternwake Journal browser lifecycle › PageFlip dynamic-import failure reports failed lifecycle and preserves a readable static page","webkit-mobile","journal-ready-state","retired PlayerExperience presentation lifecycle","CURRENT_PRODUCT_CONTRACT","CURRENT_CONTRACT_MIGRATED","browser.animation-lifecycle","sl-animation-lifecycle-project-lanternwake-journal-browser-lifecycle-pageflip-dynamic-i-ef255d43db-v1","tests/e2e/lanternwake-journal.spec.ts","journal-ready-state","The current governed case protects the same observable product contract in its owned focused family.","Mapped by exact current identity or focused browser.animation-lifecycle contract ownership; no P34 container is selected.","Historical Playwright discovery at 073e09b1bc0ded5b0d595bf99f0db1b11aafb3b9; P34 remains archived, unselectable, and unexecuted.","Historical outcomes are archival evidence, not current release evidence."
"p34-a2165a0bd62f5c1e6ecb","tests/e2e/lanternwake-journal.spec.ts","824","Project Lanternwake Journal browser lifecycle › PageFlip runtime-init failure reports failed lifecycle and preserves a readable static page","webkit-mobile","journal-ready-state","retired PlayerExperience presentation lifecycle","CURRENT_PRODUCT_CONTRACT","CURRENT_CONTRACT_MIGRATED","browser.animation-lifecycle","sl-animation-lifecycle-project-lanternwake-journal-browser-lifecycle-pageflip-runtime-i-5716d63fbe-v1","tests/e2e/lanternwake-journal.spec.ts","journal-ready-state","The current governed case protects the same observable product contract in its owned focused family.","Mapped by exact current identity or focused browser.animation-lifecycle contract ownership; no P34 container is selected.","Historical Playwright discovery at 073e09b1bc0ded5b0d595bf99f0db1b11aafb3b9; P34 remains archived, unselectable, and unexecuted.","Historical outcomes are archival evidence, not current release evidence."
"p34-73b77165e90c347503d0","tests/e2e/lanternwake-journal.spec.ts","824","Project Lanternwake Journal browser lifecycle › PageFlip readiness-probe failure reports failed lifecycle and preserves a readable static page","webkit-mobile","journal-ready-state","retired PlayerExperience presentation lifecycle","CURRENT_PRODUCT_CONTRACT","CURRENT_CONTRACT_MIGRATED","browser.animation-lifecycle","sl-animation-lifecycle-project-lanternwake-journal-browser-lifecycle-pageflip-readiness-873bdb7074-v1","tests/e2e/lanternwake-journal.spec.ts","journal-ready-state","The current governed case protects the same observable product contract in its owned focused family.","Mapped by exact current identity or focused browser.animation-lifecycle contract ownership; no P34 container is selected.","Historical Playwright discovery at 073e09b1bc0ded5b0d595bf99f0db1b11aafb3b9; P34 remains archived, unselectable, and unexecuted.","Historical outcomes are archival evidence, not current release evidence."
"p34-2629b44d50c7039d3f17","tests/e2e/lanternwake-journal.spec.ts","864","Project Lanternwake Journal browser lifecycle › completed archive auto-opens quietly, remains read-only, and preserves replay","webkit-mobile","journal-ready-state","retired PlayerExperience presentation lifecycle","CURRENT_PRODUCT_CONTRACT","CURRENT_CONTRACT_MIGRATED","browser.animation-lifecycle","sl-animation-lifecycle-project-lanternwake-journal-browser-lifecycle-completed-archive--2b649be6aa-v1","tests/e2e/lanternwake-journal.spec.ts","journal-ready-state","The current governed case protects the same observable product contract in its owned focused family.","Mapped by exact current identity or focused browser.animation-lifecycle contract ownership; no P34 container is selected.","Historical Playwright discovery at 073e09b1bc0ded5b0d595bf99f0db1b11aafb3b9; P34 remains archived, unselectable, and unexecuted.","Historical outcomes are archival evidence, not current release evidence."
"p34-67303d1166a8f912330b","tests/e2e/lanternwake-phase1.spec.ts","181","Project Lanternwake Phase 1 presentation truth › a missing Journal opening target settles a readable fallback without changing canonical chapter truth","webkit-mobile","journal-ready-state","retired PlayerExperience presentation lifecycle","CURRENT_PRODUCT_CONTRACT","CURRENT_CONTRACT_MIGRATED","browser.player-journal","sl-player-journal-project-lanternwake-phase-1-presentation-truth-a-missing-journal-4dfe6f2a2d-v1","tests/e2e/lanternwake-phase1.spec.ts","journal-ready-state","The current governed case protects the same observable product contract in its owned focused family.","Mapped by exact current identity or focused browser.player-journal contract ownership; no P34 container is selected.","Historical Playwright discovery at 073e09b1bc0ded5b0d595bf99f0db1b11aafb3b9; P34 remains archived, unselectable, and unexecuted.","Historical outcomes are archival evidence, not current release evidence."
"p34-d444fa6efb261d6d9170","tests/e2e/lanternwake-phase1.spec.ts","271","Project Lanternwake Phase 1 presentation truth › canonical Journal opening replays and refreshes without mutating session or audit truth","webkit-mobile","journal-ready-state","retired PlayerExperience presentation lifecycle","CURRENT_PRODUCT_CONTRACT","CURRENT_CONTRACT_MIGRATED","browser.player-journal","sl-player-journal-project-lanternwake-phase-1-presentation-truth-canonical-journal-a527eb8df2-v1","tests/e2e/lanternwake-phase1.spec.ts","journal-ready-state","The current governed case protects the same observable product contract in its owned focused family.","Mapped by exact current identity or focused browser.player-journal contract ownership; no P34 container is selected.","Historical Playwright discovery at 073e09b1bc0ded5b0d595bf99f0db1b11aafb3b9; P34 remains archived, unselectable, and unexecuted.","Historical outcomes are archival evidence, not current release evidence."
"p34-8cae8095d0691b688500","tests/e2e/lanternwake-phase2.spec.ts","395","Project Lanternwake Phase 2 StPageFlip boundary › full motion keeps source, clone identity, accessibility, and all turn paths inside StPageFlip authority","webkit-mobile","authentication-authorization","retired P34 broad browser container","CURRENT_PRODUCT_CONTRACT","CURRENT_CONTRACT_MIGRATED","browser.accessibility","sl-accessibility-project-lanternwake-phase-2-stpageflip-boundary-full-motion-keep-5f11f09c65-v1","tests/e2e/lanternwake-phase2.spec.ts","authentication-authorization","The current governed case protects the same observable product contract in its owned focused family.","Mapped by exact current identity or focused browser.accessibility contract ownership; no P34 container is selected.","Historical Playwright discovery at 073e09b1bc0ded5b0d595bf99f0db1b11aafb3b9; P34 remains archived, unselectable, and unexecuted.","Historical outcomes are archival evidence, not current release evidence."
"p34-fff87a8f6e0428369932","tests/e2e/lanternwake-phase2.spec.ts","433","Project Lanternwake Phase 2 StPageFlip boundary › twenty showcase remount cycles return public host, target, claim, runtime, and retained-node counts to baseline","webkit-mobile","journal-ready-state","retired PlayerExperience presentation lifecycle","CURRENT_PRODUCT_CONTRACT","CURRENT_CONTRACT_MIGRATED","browser.animation-lifecycle","sl-animation-lifecycle-project-lanternwake-phase-2-stpageflip-boundary-twenty-showcase--5347b30bd2-v1","tests/e2e/lanternwake-phase2.spec.ts","journal-ready-state","The current governed case protects the same observable product contract in its owned focused family.","Mapped by exact current identity or focused browser.animation-lifecycle contract ownership; no P34 container is selected.","Historical Playwright discovery at 073e09b1bc0ded5b0d595bf99f0db1b11aafb3b9; P34 remains archived, unselectable, and unexecuted.","Historical outcomes are archival evidence, not current release evidence."
"p34-a3204054a09be4404e16","tests/e2e/lanternwake-phase2.spec.ts","466","Project Lanternwake Phase 2 StPageFlip boundary › reduced motion renders one readable static page and no StPageFlip runtime","webkit-mobile","journal-ready-state","retired PlayerExperience presentation lifecycle","CURRENT_PRODUCT_CONTRACT","CURRENT_CONTRACT_MIGRATED","browser.animation-lifecycle","sl-animation-lifecycle-project-lanternwake-phase-2-stpageflip-boundary-reduced-motion-r-8b35b4a60d-v1","tests/e2e/lanternwake-phase2.spec.ts","journal-ready-state","The current governed case protects the same observable product contract in its owned focused family.","Mapped by exact current identity or focused browser.animation-lifecycle contract ownership; no P34 container is selected.","Historical Playwright discovery at 073e09b1bc0ded5b0d595bf99f0db1b11aafb3b9; P34 remains archived, unselectable, and unexecuted.","Historical outcomes are archival evidence, not current release evidence."
"p34-81386c8e5d0d1d61c5c4","tests/e2e/lanternwake-phase2.spec.ts","481","Project Lanternwake Phase 2 StPageFlip boundary › content revision and orientation changes revoke the old generation and expose zero retained references","webkit-mobile","journal-ready-state","retired PlayerExperience presentation lifecycle","CURRENT_PRODUCT_CONTRACT","CURRENT_CONTRACT_MIGRATED","browser.animation-lifecycle","sl-animation-lifecycle-project-lanternwake-phase-2-stpageflip-boundary-content-revision-05212a2e13-v1","tests/e2e/lanternwake-phase2.spec.ts","journal-ready-state","The current governed case protects the same observable product contract in its owned focused family.","Mapped by exact current identity or focused browser.animation-lifecycle contract ownership; no P34 container is selected.","Historical Playwright discovery at 073e09b1bc0ded5b0d595bf99f0db1b11aafb3b9; P34 remains archived, unselectable, and unexecuted.","Historical outcomes are archival evidence, not current release evidence."
"p34-5859702c02202f480b83","tests/e2e/lanternwake-phase2.spec.ts","572","Project Lanternwake Phase 2 StPageFlip boundary › only the current visible Passage remains interactive in the canonical Journal PageFlip boundary","webkit-mobile","journal-ready-state","retired PlayerExperience presentation lifecycle","CURRENT_PRODUCT_CONTRACT","CURRENT_CONTRACT_MIGRATED","browser.animation-lifecycle","sl-animation-lifecycle-project-lanternwake-phase-2-stpageflip-boundary-only-the-current-38c7f7e4ce-v1","tests/e2e/lanternwake-phase2.spec.ts","journal-ready-state","The current governed case protects the same observable product contract in its owned focused family.","Mapped by exact current identity or focused browser.animation-lifecycle contract ownership; no P34 container is selected.","Historical Playwright discovery at 073e09b1bc0ded5b0d595bf99f0db1b11aafb3b9; P34 remains archived, unselectable, and unexecuted.","Historical outcomes are archival evidence, not current release evidence."
"p34-75d73c1490c3bb954cf9","tests/e2e/lanternwake-phase2.spec.ts","618","Project Lanternwake Phase 2 showcase tombstones › deprecated journal and page-turn rows name their replacements without creating a fake Director receipt","webkit-mobile","journal-ready-state","retired PlayerExperience presentation lifecycle","CURRENT_PRODUCT_CONTRACT","CURRENT_CONTRACT_MIGRATED","browser.player-journal","sl-player-journal-project-lanternwake-phase-2-showcase-tombstones-deprecated-journ-3201dee79a-v1","tests/e2e/lanternwake-phase2.spec.ts","journal-ready-state","The current governed case protects the same observable product contract in its owned focused family.","Mapped by exact current identity or focused browser.player-journal contract ownership; no P34 container is selected.","Historical Playwright discovery at 073e09b1bc0ded5b0d595bf99f0db1b11aafb3b9; P34 remains archived, unselectable, and unexecuted.","Historical outcomes are archival evidence, not current release evidence."
"p34-3e461369db44d1092caf","tests/e2e/lanternwake-phase2.spec.ts","650","Project Lanternwake Phase 2 Captain's Console boundaries › login is aria-busy, single-flight, and returns focus after a failed key","webkit-mobile","authentication-authorization","retired shared PlayerExperience operator surface","CURRENT_PRODUCT_CONTRACT","CURRENT_CONTRACT_MIGRATED","browser.captain","sl-captain-project-lanternwake-phase-2-captain-s-console-boundaries-login-i-de7fbe78f5-v1","tests/e2e/lanternwake-phase2.spec.ts","authentication-authorization","The current governed case protects the same observable product contract in its owned focused family.","Mapped by exact current identity or focused browser.captain contract ownership; no P34 container is selected.","Historical Playwright discovery at 073e09b1bc0ded5b0d595bf99f0db1b11aafb3b9; P34 remains archived, unselectable, and unexecuted.","Historical outcomes are archival evidence, not current release evidence."
"p34-515bdf4602bf6f86e251","tests/e2e/lanternwake-phase2.spec.ts","688","Project Lanternwake Phase 2 Captain's Console boundaries › Voyage creation is modal, keeps focus inside its canonical flow, and restores its exact trigger","webkit-mobile","authentication-authorization","retired shared PlayerExperience operator surface","CURRENT_PRODUCT_CONTRACT","CURRENT_CONTRACT_MIGRATED","browser.captain","sl-captain-project-lanternwake-phase-2-captain-s-console-boundaries-voyage--31984a3042-v1","tests/e2e/lanternwake-phase2.spec.ts","authentication-authorization","The current governed case protects the same observable product contract in its owned focused family.","Mapped by exact current identity or focused browser.captain contract ownership; no P34 container is selected.","Historical Playwright discovery at 073e09b1bc0ded5b0d595bf99f0db1b11aafb3b9; P34 remains archived, unselectable, and unexecuted.","Historical outcomes are archival evidence, not current release evidence."
"p34-ff16124f259ea7b0cb4d","tests/e2e/lanternwake-phase2.spec.ts","721","Project Lanternwake Phase 2 Captain's Console boundaries › a committed Voyage creation restores focus to its exact Captain's Console trigger","webkit-mobile","authentication-authorization","retired shared PlayerExperience operator surface","CURRENT_PRODUCT_CONTRACT","CURRENT_CONTRACT_MIGRATED","browser.captain","sl-captain-project-lanternwake-phase-2-captain-s-console-boundaries-a-commi-483ccb151f-v1","tests/e2e/lanternwake-phase2.spec.ts","authentication-authorization","The current governed case protects the same observable product contract in its owned focused family.","Mapped by exact current identity or focused browser.captain contract ownership; no P34 container is selected.","Historical Playwright discovery at 073e09b1bc0ded5b0d595bf99f0db1b11aafb3b9; P34 remains archived, unselectable, and unexecuted.","Historical outcomes are archival evidence, not current release evidence."
"p34-e8689d13de3dd22043cf","tests/e2e/lanternwake-phase2.spec.ts","747","Project Lanternwake Phase 2 Player integration evidence gaps › the canonical Journal publishes one readable Passage only after its PageFlip boundary is ready","webkit-mobile","journal-ready-state","retired PlayerExperience presentation lifecycle","CURRENT_PRODUCT_CONTRACT","CURRENT_CONTRACT_MIGRATED","browser.animation-lifecycle","sl-animation-lifecycle-project-lanternwake-phase-2-player-integration-evidence-gaps-the-0e7220f384-v1","tests/e2e/lanternwake-phase2.spec.ts","journal-ready-state","The current governed case protects the same observable product contract in its owned focused family.","Mapped by exact current identity or focused browser.animation-lifecycle contract ownership; no P34 container is selected.","Historical Playwright discovery at 073e09b1bc0ded5b0d595bf99f0db1b11aafb3b9; P34 remains archived, unselectable, and unexecuted.","Historical outcomes are archival evidence, not current release evidence."
"p34-061f1480ae79e24adf4f","tests/e2e/lanternwake-phase2.spec.ts","765","Project Lanternwake Phase 2 Player integration evidence gaps › a stale PageFlip clone never becomes an interactive Passage or acquires authority","webkit-mobile","journal-ready-state","retired PlayerExperience presentation lifecycle","CURRENT_PRODUCT_CONTRACT","CURRENT_CONTRACT_MIGRATED","browser.animation-lifecycle","sl-animation-lifecycle-project-lanternwake-phase-2-player-integration-evidence-gaps-a-s-4d443c6703-v1","tests/e2e/lanternwake-phase2.spec.ts","journal-ready-state","The current governed case protects the same observable product contract in its owned focused family.","Mapped by exact current identity or focused browser.animation-lifecycle contract ownership; no P34 container is selected.","Historical Playwright discovery at 073e09b1bc0ded5b0d595bf99f0db1b11aafb3b9; P34 remains archived, unselectable, and unexecuted.","Historical outcomes are archival evidence, not current release evidence."
"p34-b421c7a986f70f49f448","tests/e2e/lanternwake-phase2.spec.ts","798","Project Lanternwake Phase 2 required viewports › 2560x1440 keeps showcase, PageFlip fallback, and access controls readable without horizontal overflow","webkit-mobile","authentication-authorization","retired P34 broad browser container","CURRENT_PRODUCT_CONTRACT","CURRENT_CONTRACT_MIGRATED","browser.responsive","sl-responsive-project-lanternwake-phase-2-required-viewports-2560x1440-keeps-s-42eed2690c-v1","tests/e2e/lanternwake-phase2.spec.ts","authentication-authorization","The current governed case protects the same observable product contract in its owned focused family.","Mapped by exact current identity or focused browser.responsive contract ownership; no P34 container is selected.","Historical Playwright discovery at 073e09b1bc0ded5b0d595bf99f0db1b11aafb3b9; P34 remains archived, unselectable, and unexecuted.","Historical outcomes are archival evidence, not current release evidence."
"p34-9dfb2546900d5ef313bb","tests/e2e/lanternwake-phase2.spec.ts","798","Project Lanternwake Phase 2 required viewports › 1920x1080 keeps showcase, PageFlip fallback, and access controls readable without horizontal overflow","webkit-mobile","authentication-authorization","retired P34 broad browser container","CURRENT_PRODUCT_CONTRACT","CURRENT_CONTRACT_MIGRATED","browser.responsive","sl-responsive-project-lanternwake-phase-2-required-viewports-1920x1080-keeps-s-41f7b74077-v1","tests/e2e/lanternwake-phase2.spec.ts","authentication-authorization","The current governed case protects the same observable product contract in its owned focused family.","Mapped by exact current identity or focused browser.responsive contract ownership; no P34 container is selected.","Historical Playwright discovery at 073e09b1bc0ded5b0d595bf99f0db1b11aafb3b9; P34 remains archived, unselectable, and unexecuted.","Historical outcomes are archival evidence, not current release evidence."
"p34-8a2be5e17f8eeb841ac1","tests/e2e/lanternwake-phase2.spec.ts","798","Project Lanternwake Phase 2 required viewports › 1440x900 keeps showcase, PageFlip fallback, and access controls readable without horizontal overflow","webkit-mobile","authentication-authorization","retired P34 broad browser container","CURRENT_PRODUCT_CONTRACT","CURRENT_CONTRACT_MIGRATED","browser.responsive","sl-responsive-project-lanternwake-phase-2-required-viewports-1440x900-keeps-sh-5a47d57027-v1","tests/e2e/lanternwake-phase2.spec.ts","authentication-authorization","The current governed case protects the same observable product contract in its owned focused family.","Mapped by exact current identity or focused browser.responsive contract ownership; no P34 container is selected.","Historical Playwright discovery at 073e09b1bc0ded5b0d595bf99f0db1b11aafb3b9; P34 remains archived, unselectable, and unexecuted.","Historical outcomes are archival evidence, not current release evidence."
"p34-9715872f83d5e83d0e99","tests/e2e/lanternwake-phase2.spec.ts","798","Project Lanternwake Phase 2 required viewports › 430x932 keeps showcase, PageFlip fallback, and access controls readable without horizontal overflow","webkit-mobile","authentication-authorization","retired P34 broad browser container","CURRENT_PRODUCT_CONTRACT","CURRENT_CONTRACT_MIGRATED","browser.responsive","sl-responsive-project-lanternwake-phase-2-required-viewports-430x932-keeps-sho-3618119589-v1","tests/e2e/lanternwake-phase2.spec.ts","authentication-authorization","The current governed case protects the same observable product contract in its owned focused family.","Mapped by exact current identity or focused browser.responsive contract ownership; no P34 container is selected.","Historical Playwright discovery at 073e09b1bc0ded5b0d595bf99f0db1b11aafb3b9; P34 remains archived, unselectable, and unexecuted.","Historical outcomes are archival evidence, not current release evidence."
"p34-f468ddf1f08527e542fb","tests/e2e/lanternwake-phase2.spec.ts","798","Project Lanternwake Phase 2 required viewports › 390x844 keeps showcase, PageFlip fallback, and access controls readable without horizontal overflow","webkit-mobile","authentication-authorization","retired P34 broad browser container","CURRENT_PRODUCT_CONTRACT","CURRENT_CONTRACT_MIGRATED","browser.responsive","sl-responsive-project-lanternwake-phase-2-required-viewports-390x844-keeps-sho-3547f93e98-v1","tests/e2e/lanternwake-phase2.spec.ts","authentication-authorization","The current governed case protects the same observable product contract in its owned focused family.","Mapped by exact current identity or focused browser.responsive contract ownership; no P34 container is selected.","Historical Playwright discovery at 073e09b1bc0ded5b0d595bf99f0db1b11aafb3b9; P34 remains archived, unselectable, and unexecuted.","Historical outcomes are archival evidence, not current release evidence."
"p34-643c6bd7ac779f4393b2","tests/e2e/lanternwake-phase2.spec.ts","798","Project Lanternwake Phase 2 required viewports › 844x390 keeps showcase, PageFlip fallback, and access controls readable without horizontal overflow","webkit-mobile","authentication-authorization","retired P34 broad browser container","CURRENT_PRODUCT_CONTRACT","CURRENT_CONTRACT_MIGRATED","browser.responsive","sl-responsive-project-lanternwake-phase-2-required-viewports-844x390-keeps-sho-024e2e47a0-v1","tests/e2e/lanternwake-phase2.spec.ts","authentication-authorization","The current governed case protects the same observable product contract in its owned focused family.","Mapped by exact current identity or focused browser.responsive contract ownership; no P34 container is selected.","Historical Playwright discovery at 073e09b1bc0ded5b0d595bf99f0db1b11aafb3b9; P34 remains archived, unselectable, and unexecuted.","Historical outcomes are archival evidence, not current release evidence."
"p34-986dff1deb2e2e742966","tests/e2e/lanternwake-phase4.spec.ts","9","Phase 4 gateway and authentication remain readable, responsive, and truthful in reduced motion","webkit-mobile","authentication-authorization","retired shared PlayerExperience access flow","CURRENT_PRODUCT_CONTRACT","CURRENT_CONTRACT_MIGRATED","browser.auth","sl-auth-phase-4-gateway-and-authentication-remain-readable-responsive-an-2cdf8c0288-v1","tests/e2e/lanternwake-phase4.spec.ts","authentication-authorization","The current governed case protects the same observable product contract in its owned focused family.","Mapped by exact current identity or focused browser.auth contract ownership; no P34 container is selected.","Historical Playwright discovery at 073e09b1bc0ded5b0d595bf99f0db1b11aafb3b9; P34 remains archived, unselectable, and unexecuted.","Historical outcomes are archival evidence, not current release evidence."
"p34-c8727dbe8f8d7d0506fc","tests/e2e/lanternwake-phase4.spec.ts","38","Phase 4 Studio More actions are keyboard-operated and stay inside the mobile viewport","webkit-mobile","authentication-authorization","retired shared PlayerExperience operator surface","CURRENT_PRODUCT_CONTRACT","CURRENT_CONTRACT_MIGRATED","browser.studio","sl-studio-phase-4-studio-more-actions-are-keyboard-operated-and-stay-insid-7ee3883c60-v1","tests/e2e/lanternwake-phase4.spec.ts","authentication-authorization","The current governed case protects the same observable product contract in its owned focused family.","Mapped by exact current identity or focused browser.studio contract ownership; no P34 container is selected.","Historical Playwright discovery at 073e09b1bc0ded5b0d595bf99f0db1b11aafb3b9; P34 remains archived, unselectable, and unexecuted.","Historical outcomes are archival evidence, not current release evidence."
"p34-8082154e82f8b79ffd3b","tests/e2e/phase3-accessibility-viewports.spec.ts","512","Project Lanternwake Phase 3 accessibility and six required viewports › 2560x1440 journal-first-opening is readable, reachable, and sound-independent","webkit-mobile","authentication-authorization","retired P34 broad browser container","CURRENT_PRODUCT_CONTRACT","CURRENT_CONTRACT_MIGRATED","browser.accessibility","sl-accessibility-project-lanternwake-phase-3-accessibility-and-six-required-viewp-70d791de0f-v1","tests/e2e/phase3-accessibility-viewports.spec.ts","authentication-authorization","The current governed case protects the same observable product contract in its owned focused family.","Mapped by exact current identity or focused browser.accessibility contract ownership; no P34 container is selected.","Historical Playwright discovery at 073e09b1bc0ded5b0d595bf99f0db1b11aafb3b9; P34 remains archived, unselectable, and unexecuted.","Historical outcomes are archival evidence, not current release evidence."
"p34-f873065cfb114dd14c90","tests/e2e/phase3-accessibility-viewports.spec.ts","512","Project Lanternwake Phase 3 accessibility and six required viewports › 2560x1440 journal-reentry is readable, reachable, and sound-independent","webkit-mobile","authentication-authorization","retired P34 broad browser container","CURRENT_PRODUCT_CONTRACT","CURRENT_CONTRACT_MIGRATED","browser.accessibility","sl-accessibility-project-lanternwake-phase-3-accessibility-and-six-required-viewp-59e772a15c-v1","tests/e2e/phase3-accessibility-viewports.spec.ts","authentication-authorization","The current governed case protects the same observable product contract in its owned focused family.","Mapped by exact current identity or focused browser.accessibility contract ownership; no P34 container is selected.","Historical Playwright discovery at 073e09b1bc0ded5b0d595bf99f0db1b11aafb3b9; P34 remains archived, unselectable, and unexecuted.","Historical outcomes are archival evidence, not current release evidence."
"p34-480e1dcb6d8fad7ef67b","tests/e2e/phase3-accessibility-viewports.spec.ts","512","Project Lanternwake Phase 3 accessibility and six required viewports › 2560x1440 chapter-release is readable, reachable, and sound-independent","webkit-mobile","authentication-authorization","retired P34 broad browser container","CURRENT_PRODUCT_CONTRACT","CURRENT_CONTRACT_MIGRATED","browser.accessibility","sl-accessibility-project-lanternwake-phase-3-accessibility-and-six-required-viewp-09b0eeadbc-v1","tests/e2e/phase3-accessibility-viewports.spec.ts","authentication-authorization","The current governed case protects the same observable product contract in its owned focused family.","Mapped by exact current identity or focused browser.accessibility contract ownership; no P34 container is selected.","Historical Playwright discovery at 073e09b1bc0ded5b0d595bf99f0db1b11aafb3b9; P34 remains archived, unselectable, and unexecuted.","Historical outcomes are archival evidence, not current release evidence."
"p34-207a72a994dfacfecec4","tests/e2e/phase3-accessibility-viewports.spec.ts","512","Project Lanternwake Phase 3 accessibility and six required viewports › 2560x1440 map-location is readable, reachable, and sound-independent","webkit-mobile","authentication-authorization","retired P34 broad browser container","CURRENT_PRODUCT_CONTRACT","CURRENT_CONTRACT_MIGRATED","browser.accessibility","sl-accessibility-project-lanternwake-phase-3-accessibility-and-six-required-viewp-25172b8b46-v1","tests/e2e/phase3-accessibility-viewports.spec.ts","authentication-authorization","The current governed case protects the same observable product contract in its owned focused family.","Mapped by exact current identity or focused browser.accessibility contract ownership; no P34 container is selected.","Historical Playwright discovery at 073e09b1bc0ded5b0d595bf99f0db1b11aafb3b9; P34 remains archived, unselectable, and unexecuted.","Historical outcomes are archival evidence, not current release evidence."
"p34-c861d5956ffecb73f0e5","tests/e2e/phase3-accessibility-viewports.spec.ts","512","Project Lanternwake Phase 3 accessibility and six required viewports › 2560x1440 route-reveal is readable, reachable, and sound-independent","webkit-mobile","authentication-authorization","retired P34 broad browser container","CURRENT_PRODUCT_CONTRACT","CURRENT_CONTRACT_MIGRATED","browser.accessibility","sl-accessibility-project-lanternwake-phase-3-accessibility-and-six-required-viewp-cf51315876-v1","tests/e2e/phase3-accessibility-viewports.spec.ts","authentication-authorization","The current governed case protects the same observable product contract in its owned focused family.","Mapped by exact current identity or focused browser.accessibility contract ownership; no P34 container is selected.","Historical Playwright discovery at 073e09b1bc0ded5b0d595bf99f0db1b11aafb3b9; P34 remains archived, unselectable, and unexecuted.","Historical outcomes are archival evidence, not current release evidence."
"p34-80cffb1ca7f6de12c654","tests/e2e/phase3-accessibility-viewports.spec.ts","512","Project Lanternwake Phase 3 accessibility and six required viewports › 2560x1440 artifact-award is readable, reachable, and sound-independent","webkit-mobile","authentication-authorization","retired P34 broad browser container","CURRENT_PRODUCT_CONTRACT","CURRENT_CONTRACT_MIGRATED","browser.artifacts","sl-artifacts-project-lanternwake-phase-3-accessibility-and-six-required-viewp-6864c7e458-v1","tests/e2e/phase3-accessibility-viewports.spec.ts","authentication-authorization","The current governed case protects the same observable product contract in its owned focused family.","Mapped by exact current identity or focused browser.artifacts contract ownership; no P34 container is selected.","Historical Playwright discovery at 073e09b1bc0ded5b0d595bf99f0db1b11aafb3b9; P34 remains archived, unselectable, and unexecuted.","Historical outcomes are archival evidence, not current release evidence."
"p34-39d165da682e60f4e057","tests/e2e/phase3-accessibility-viewports.spec.ts","512","Project Lanternwake Phase 3 accessibility and six required viewports › 2560x1440 quest-discovery is readable, reachable, and sound-independent","webkit-mobile","authentication-authorization","retired P34 broad browser container","CURRENT_PRODUCT_CONTRACT","CURRENT_CONTRACT_MIGRATED","browser.accessibility","sl-accessibility-project-lanternwake-phase-3-accessibility-and-six-required-viewp-7385cef21f-v1","tests/e2e/phase3-accessibility-viewports.spec.ts","authentication-authorization","The current governed case protects the same observable product contract in its owned focused family.","Mapped by exact current identity or focused browser.accessibility contract ownership; no P34 container is selected.","Historical Playwright discovery at 073e09b1bc0ded5b0d595bf99f0db1b11aafb3b9; P34 remains archived, unselectable, and unexecuted.","Historical outcomes are archival evidence, not current release evidence."
"p34-1d6760539a378e3d564f","tests/e2e/phase3-accessibility-viewports.spec.ts","512","Project Lanternwake Phase 3 accessibility and six required viewports › 2560x1440 log-entry is readable, reachable, and sound-independent","webkit-mobile","authentication-authorization","retired P34 broad browser container","CURRENT_PRODUCT_CONTRACT","CURRENT_CONTRACT_MIGRATED","browser.accessibility","sl-accessibility-project-lanternwake-phase-3-accessibility-and-six-required-viewp-6b06881c40-v1","tests/e2e/phase3-accessibility-viewports.spec.ts","authentication-authorization","The current governed case protects the same observable product contract in its owned focused family.","Mapped by exact current identity or focused browser.accessibility contract ownership; no P34 container is selected.","Historical Playwright discovery at 073e09b1bc0ded5b0d595bf99f0db1b11aafb3b9; P34 remains archived, unselectable, and unexecuted.","Historical outcomes are archival evidence, not current release evidence."
"p34-8fc19c72e9c0d6f06517","tests/e2e/phase3-accessibility-viewports.spec.ts","512","Project Lanternwake Phase 3 accessibility and six required viewports › 2560x1440 finale-tease is readable, reachable, and sound-independent","webkit-mobile","authentication-authorization","retired P34 broad browser container","CURRENT_PRODUCT_CONTRACT","CURRENT_CONTRACT_MIGRATED","browser.accessibility","sl-accessibility-project-lanternwake-phase-3-accessibility-and-six-required-viewp-03773ee776-v1","tests/e2e/phase3-accessibility-viewports.spec.ts","authentication-authorization","The current governed case protects the same observable product contract in its owned focused family.","Mapped by exact current identity or focused browser.accessibility contract ownership; no P34 container is selected.","Historical Playwright discovery at 073e09b1bc0ded5b0d595bf99f0db1b11aafb3b9; P34 remains archived, unselectable, and unexecuted.","Historical outcomes are archival evidence, not current release evidence."
"p34-6e47fa1969e9a34a98d8","tests/e2e/phase3-accessibility-viewports.spec.ts","512","Project Lanternwake Phase 3 accessibility and six required viewports › 2560x1440 pause is readable, reachable, and sound-independent","webkit-mobile","authentication-authorization","retired P34 broad browser container","CURRENT_PRODUCT_CONTRACT","CURRENT_CONTRACT_MIGRATED","browser.accessibility","sl-accessibility-project-lanternwake-phase-3-accessibility-and-six-required-viewp-4389fc4852-v1","tests/e2e/phase3-accessibility-viewports.spec.ts","authentication-authorization","The current governed case protects the same observable product contract in its owned focused family.","Mapped by exact current identity or focused browser.accessibility contract ownership; no P34 container is selected.","Historical Playwright discovery at 073e09b1bc0ded5b0d595bf99f0db1b11aafb3b9; P34 remains archived, unselectable, and unexecuted.","Historical outcomes are archival evidence, not current release evidence."
"p34-73475b02cd86e4e4de29","tests/e2e/phase3-accessibility-viewports.spec.ts","512","Project Lanternwake Phase 3 accessibility and six required viewports › 2560x1440 replay is readable, reachable, and sound-independent","webkit-mobile","authentication-authorization","retired P34 broad browser container","CURRENT_PRODUCT_CONTRACT","CURRENT_CONTRACT_MIGRATED","browser.accessibility","sl-accessibility-project-lanternwake-phase-3-accessibility-and-six-required-viewp-99fd2ba8ff-v1","tests/e2e/phase3-accessibility-viewports.spec.ts","authentication-authorization","The current governed case protects the same observable product contract in its owned focused family.","Mapped by exact current identity or focused browser.accessibility contract ownership; no P34 container is selected.","Historical Playwright discovery at 073e09b1bc0ded5b0d595bf99f0db1b11aafb3b9; P34 remains archived, unselectable, and unexecuted.","Historical outcomes are archival evidence, not current release evidence."
"p34-876ec2c37b6ce2752e38","tests/e2e/phase3-accessibility-viewports.spec.ts","512","Project Lanternwake Phase 3 accessibility and six required viewports › 2560x1440 fallback is readable, reachable, and sound-independent","webkit-mobile","authentication-authorization","retired P34 broad browser container","CURRENT_PRODUCT_CONTRACT","CURRENT_CONTRACT_MIGRATED","browser.accessibility","sl-accessibility-project-lanternwake-phase-3-accessibility-and-six-required-viewp-d7c7819ef2-v1","tests/e2e/phase3-accessibility-viewports.spec.ts","authentication-authorization","The current governed case protects the same observable product contract in its owned focused family.","Mapped by exact current identity or focused browser.accessibility contract ownership; no P34 container is selected.","Historical Playwright discovery at 073e09b1bc0ded5b0d595bf99f0db1b11aafb3b9; P34 remains archived, unselectable, and unexecuted.","Historical outcomes are archival evidence, not current release evidence."
"p34-059089243d37ca5c5914","tests/e2e/phase3-accessibility-viewports.spec.ts","512","Project Lanternwake Phase 3 accessibility and six required viewports › 2560x1440 interrupted-scene is readable, reachable, and sound-independent","webkit-mobile","authentication-authorization","retired P34 broad browser container","CURRENT_PRODUCT_CONTRACT","CURRENT_CONTRACT_MIGRATED","browser.accessibility","sl-accessibility-project-lanternwake-phase-3-accessibility-and-six-required-viewp-a6a488b56e-v1","tests/e2e/phase3-accessibility-viewports.spec.ts","authentication-authorization","The current governed case protects the same observable product contract in its owned focused family.","Mapped by exact current identity or focused browser.accessibility contract ownership; no P34 container is selected.","Historical Playwright discovery at 073e09b1bc0ded5b0d595bf99f0db1b11aafb3b9; P34 remains archived, unselectable, and unexecuted.","Historical outcomes are archival evidence, not current release evidence."
"p34-b0ed04d1b10305cfc088","tests/e2e/phase3-accessibility-viewports.spec.ts","512","Project Lanternwake Phase 3 accessibility and six required viewports › 1920x1080 journal-first-opening is readable, reachable, and sound-independent","webkit-mobile","authentication-authorization","retired P34 broad browser container","CURRENT_PRODUCT_CONTRACT","CURRENT_CONTRACT_MIGRATED","browser.accessibility","sl-accessibility-project-lanternwake-phase-3-accessibility-and-six-required-viewp-ad51dd0324-v1","tests/e2e/phase3-accessibility-viewports.spec.ts","authentication-authorization","The current governed case protects the same observable product contract in its owned focused family.","Mapped by exact current identity or focused browser.accessibility contract ownership; no P34 container is selected.","Historical Playwright discovery at 073e09b1bc0ded5b0d595bf99f0db1b11aafb3b9; P34 remains archived, unselectable, and unexecuted.","Historical outcomes are archival evidence, not current release evidence."
"p34-62669a725541cc7e73e0","tests/e2e/phase3-accessibility-viewports.spec.ts","512","Project Lanternwake Phase 3 accessibility and six required viewports › 1920x1080 journal-reentry is readable, reachable, and sound-independent","webkit-mobile","authentication-authorization","retired P34 broad browser container","CURRENT_PRODUCT_CONTRACT","CURRENT_CONTRACT_MIGRATED","browser.accessibility","sl-accessibility-project-lanternwake-phase-3-accessibility-and-six-required-viewp-3e33c79bd7-v1","tests/e2e/phase3-accessibility-viewports.spec.ts","authentication-authorization","The current governed case protects the same observable product contract in its owned focused family.","Mapped by exact current identity or focused browser.accessibility contract ownership; no P34 container is selected.","Historical Playwright discovery at 073e09b1bc0ded5b0d595bf99f0db1b11aafb3b9; P34 remains archived, unselectable, and unexecuted.","Historical outcomes are archival evidence, not current release evidence."
"p34-3e0d90b556c82a1fbe4f","tests/e2e/phase3-accessibility-viewports.spec.ts","512","Project Lanternwake Phase 3 accessibility and six required viewports › 1920x1080 chapter-release is readable, reachable, and sound-independent","webkit-mobile","authentication-authorization","retired P34 broad browser container","CURRENT_PRODUCT_CONTRACT","CURRENT_CONTRACT_MIGRATED","browser.accessibility","sl-accessibility-project-lanternwake-phase-3-accessibility-and-six-required-viewp-7bed17fae5-v1","tests/e2e/phase3-accessibility-viewports.spec.ts","authentication-authorization","The current governed case protects the same observable product contract in its owned focused family.","Mapped by exact current identity or focused browser.accessibility contract ownership; no P34 container is selected.","Historical Playwright discovery at 073e09b1bc0ded5b0d595bf99f0db1b11aafb3b9; P34 remains archived, unselectable, and unexecuted.","Historical outcomes are archival evidence, not current release evidence."
"p34-50a257ea7e415cc27264","tests/e2e/phase3-accessibility-viewports.spec.ts","512","Project Lanternwake Phase 3 accessibility and six required viewports › 1920x1080 map-location is readable, reachable, and sound-independent","webkit-mobile","authentication-authorization","retired P34 broad browser container","CURRENT_PRODUCT_CONTRACT","CURRENT_CONTRACT_MIGRATED","browser.accessibility","sl-accessibility-project-lanternwake-phase-3-accessibility-and-six-required-viewp-1a2f06b95e-v1","tests/e2e/phase3-accessibility-viewports.spec.ts","authentication-authorization","The current governed case protects the same observable product contract in its owned focused family.","Mapped by exact current identity or focused browser.accessibility contract ownership; no P34 container is selected.","Historical Playwright discovery at 073e09b1bc0ded5b0d595bf99f0db1b11aafb3b9; P34 remains archived, unselectable, and unexecuted.","Historical outcomes are archival evidence, not current release evidence."
"p34-805512ef801ccdb73b26","tests/e2e/phase3-accessibility-viewports.spec.ts","512","Project Lanternwake Phase 3 accessibility and six required viewports › 1920x1080 route-reveal is readable, reachable, and sound-independent","webkit-mobile","authentication-authorization","retired P34 broad browser container","CURRENT_PRODUCT_CONTRACT","CURRENT_CONTRACT_MIGRATED","browser.accessibility","sl-accessibility-project-lanternwake-phase-3-accessibility-and-six-required-viewp-c2b845f0dc-v1","tests/e2e/phase3-accessibility-viewports.spec.ts","authentication-authorization","The current governed case protects the same observable product contract in its owned focused family.","Mapped by exact current identity or focused browser.accessibility contract ownership; no P34 container is selected.","Historical Playwright discovery at 073e09b1bc0ded5b0d595bf99f0db1b11aafb3b9; P34 remains archived, unselectable, and unexecuted.","Historical outcomes are archival evidence, not current release evidence."
"p34-41e36f816c51ca28f9ae","tests/e2e/phase3-accessibility-viewports.spec.ts","512","Project Lanternwake Phase 3 accessibility and six required viewports › 1920x1080 artifact-award is readable, reachable, and sound-independent","webkit-mobile","authentication-authorization","retired P34 broad browser container","CURRENT_PRODUCT_CONTRACT","CURRENT_CONTRACT_MIGRATED","browser.artifacts","sl-artifacts-project-lanternwake-phase-3-accessibility-and-six-required-viewp-cdb258f110-v1","tests/e2e/phase3-accessibility-viewports.spec.ts","authentication-authorization","The current governed case protects the same observable product contract in its owned focused family.","Mapped by exact current identity or focused browser.artifacts contract ownership; no P34 container is selected.","Historical Playwright discovery at 073e09b1bc0ded5b0d595bf99f0db1b11aafb3b9; P34 remains archived, unselectable, and unexecuted.","Historical outcomes are archival evidence, not current release evidence."
"p34-bc7dbcdb20ae576088a1","tests/e2e/phase3-accessibility-viewports.spec.ts","512","Project Lanternwake Phase 3 accessibility and six required viewports › 1920x1080 quest-discovery is readable, reachable, and sound-independent","webkit-mobile","authentication-authorization","retired P34 broad browser container","CURRENT_PRODUCT_CONTRACT","CURRENT_CONTRACT_MIGRATED","browser.accessibility","sl-accessibility-project-lanternwake-phase-3-accessibility-and-six-required-viewp-074411db52-v1","tests/e2e/phase3-accessibility-viewports.spec.ts","authentication-authorization","The current governed case protects the same observable product contract in its owned focused family.","Mapped by exact current identity or focused browser.accessibility contract ownership; no P34 container is selected.","Historical Playwright discovery at 073e09b1bc0ded5b0d595bf99f0db1b11aafb3b9; P34 remains archived, unselectable, and unexecuted.","Historical outcomes are archival evidence, not current release evidence."
"p34-998e6fe994f519a07810","tests/e2e/phase3-accessibility-viewports.spec.ts","512","Project Lanternwake Phase 3 accessibility and six required viewports › 1920x1080 log-entry is readable, reachable, and sound-independent","webkit-mobile","authentication-authorization","retired P34 broad browser container","CURRENT_PRODUCT_CONTRACT","CURRENT_CONTRACT_MIGRATED","browser.accessibility","sl-accessibility-project-lanternwake-phase-3-accessibility-and-six-required-viewp-5553ce96e8-v1","tests/e2e/phase3-accessibility-viewports.spec.ts","authentication-authorization","The current governed case protects the same observable product contract in its owned focused family.","Mapped by exact current identity or focused browser.accessibility contract ownership; no P34 container is selected.","Historical Playwright discovery at 073e09b1bc0ded5b0d595bf99f0db1b11aafb3b9; P34 remains archived, unselectable, and unexecuted.","Historical outcomes are archival evidence, not current release evidence."
"p34-e55b9884f436855658ec","tests/e2e/phase3-accessibility-viewports.spec.ts","512","Project Lanternwake Phase 3 accessibility and six required viewports › 1920x1080 finale-tease is readable, reachable, and sound-independent","webkit-mobile","authentication-authorization","retired P34 broad browser container","CURRENT_PRODUCT_CONTRACT","CURRENT_CONTRACT_MIGRATED","browser.accessibility","sl-accessibility-project-lanternwake-phase-3-accessibility-and-six-required-viewp-564d43cfc2-v1","tests/e2e/phase3-accessibility-viewports.spec.ts","authentication-authorization","The current governed case protects the same observable product contract in its owned focused family.","Mapped by exact current identity or focused browser.accessibility contract ownership; no P34 container is selected.","Historical Playwright discovery at 073e09b1bc0ded5b0d595bf99f0db1b11aafb3b9; P34 remains archived, unselectable, and unexecuted.","Historical outcomes are archival evidence, not current release evidence."
"p34-e808155a60a9379ad0ee","tests/e2e/phase3-accessibility-viewports.spec.ts","512","Project Lanternwake Phase 3 accessibility and six required viewports › 1920x1080 pause is readable, reachable, and sound-independent","webkit-mobile","authentication-authorization","retired P34 broad browser container","CURRENT_PRODUCT_CONTRACT","CURRENT_CONTRACT_MIGRATED","browser.accessibility","sl-accessibility-project-lanternwake-phase-3-accessibility-and-six-required-viewp-1ca913aaef-v1","tests/e2e/phase3-accessibility-viewports.spec.ts","authentication-authorization","The current governed case protects the same observable product contract in its owned focused family.","Mapped by exact current identity or focused browser.accessibility contract ownership; no P34 container is selected.","Historical Playwright discovery at 073e09b1bc0ded5b0d595bf99f0db1b11aafb3b9; P34 remains archived, unselectable, and unexecuted.","Historical outcomes are archival evidence, not current release evidence."
"p34-bd164e9198ee367197da","tests/e2e/phase3-accessibility-viewports.spec.ts","512","Project Lanternwake Phase 3 accessibility and six required viewports › 1920x1080 replay is readable, reachable, and sound-independent","webkit-mobile","authentication-authorization","retired P34 broad browser container","CURRENT_PRODUCT_CONTRACT","CURRENT_CONTRACT_MIGRATED","browser.accessibility","sl-accessibility-project-lanternwake-phase-3-accessibility-and-six-required-viewp-fd8dc96326-v1","tests/e2e/phase3-accessibility-viewports.spec.ts","authentication-authorization","The current governed case protects the same observable product contract in its owned focused family.","Mapped by exact current identity or focused browser.accessibility contract ownership; no P34 container is selected.","Historical Playwright discovery at 073e09b1bc0ded5b0d595bf99f0db1b11aafb3b9; P34 remains archived, unselectable, and unexecuted.","Historical outcomes are archival evidence, not current release evidence."
"p34-1b7dabbfc2ca6fedaa73","tests/e2e/phase3-accessibility-viewports.spec.ts","512","Project Lanternwake Phase 3 accessibility and six required viewports › 1920x1080 fallback is readable, reachable, and sound-independent","webkit-mobile","authentication-authorization","retired P34 broad browser container","CURRENT_PRODUCT_CONTRACT","CURRENT_CONTRACT_MIGRATED","browser.accessibility","sl-accessibility-project-lanternwake-phase-3-accessibility-and-six-required-viewp-f8929ab0fe-v1","tests/e2e/phase3-accessibility-viewports.spec.ts","authentication-authorization","The current governed case protects the same observable product contract in its owned focused family.","Mapped by exact current identity or focused browser.accessibility contract ownership; no P34 container is selected.","Historical Playwright discovery at 073e09b1bc0ded5b0d595bf99f0db1b11aafb3b9; P34 remains archived, unselectable, and unexecuted.","Historical outcomes are archival evidence, not current release evidence."
"p34-20b15e38b8313453fce5","tests/e2e/phase3-accessibility-viewports.spec.ts","512","Project Lanternwake Phase 3 accessibility and six required viewports › 1920x1080 interrupted-scene is readable, reachable, and sound-independent","webkit-mobile","authentication-authorization","retired P34 broad browser container","CURRENT_PRODUCT_CONTRACT","CURRENT_CONTRACT_MIGRATED","browser.accessibility","sl-accessibility-project-lanternwake-phase-3-accessibility-and-six-required-viewp-a87d1a8c77-v1","tests/e2e/phase3-accessibility-viewports.spec.ts","authentication-authorization","The current governed case protects the same observable product contract in its owned focused family.","Mapped by exact current identity or focused browser.accessibility contract ownership; no P34 container is selected.","Historical Playwright discovery at 073e09b1bc0ded5b0d595bf99f0db1b11aafb3b9; P34 remains archived, unselectable, and unexecuted.","Historical outcomes are archival evidence, not current release evidence."
"p34-19e8e8050ce9fb60ade1","tests/e2e/phase3-accessibility-viewports.spec.ts","512","Project Lanternwake Phase 3 accessibility and six required viewports › 1440x900 journal-first-opening is readable, reachable, and sound-independent","webkit-mobile","authentication-authorization","retired P34 broad browser container","CURRENT_PRODUCT_CONTRACT","CURRENT_CONTRACT_MIGRATED","browser.accessibility","sl-accessibility-project-lanternwake-phase-3-accessibility-and-six-required-viewp-0f608151e4-v1","tests/e2e/phase3-accessibility-viewports.spec.ts","authentication-authorization","The current governed case protects the same observable product contract in its owned focused family.","Mapped by exact current identity or focused browser.accessibility contract ownership; no P34 container is selected.","Historical Playwright discovery at 073e09b1bc0ded5b0d595bf99f0db1b11aafb3b9; P34 remains archived, unselectable, and unexecuted.","Historical outcomes are archival evidence, not current release evidence."
"p34-5758fa0204f47aa63e4a","tests/e2e/phase3-accessibility-viewports.spec.ts","512","Project Lanternwake Phase 3 accessibility and six required viewports › 1440x900 journal-reentry is readable, reachable, and sound-independent","webkit-mobile","authentication-authorization","retired P34 broad browser container","CURRENT_PRODUCT_CONTRACT","CURRENT_CONTRACT_MIGRATED","browser.accessibility","sl-accessibility-project-lanternwake-phase-3-accessibility-and-six-required-viewp-65bb7cce0a-v1","tests/e2e/phase3-accessibility-viewports.spec.ts","authentication-authorization","The current governed case protects the same observable product contract in its owned focused family.","Mapped by exact current identity or focused browser.accessibility contract ownership; no P34 container is selected.","Historical Playwright discovery at 073e09b1bc0ded5b0d595bf99f0db1b11aafb3b9; P34 remains archived, unselectable, and unexecuted.","Historical outcomes are archival evidence, not current release evidence."
"p34-61a46dccc63010f3ee9d","tests/e2e/phase3-accessibility-viewports.spec.ts","512","Project Lanternwake Phase 3 accessibility and six required viewports › 1440x900 chapter-release is readable, reachable, and sound-independent","webkit-mobile","authentication-authorization","retired P34 broad browser container","CURRENT_PRODUCT_CONTRACT","CURRENT_CONTRACT_MIGRATED","browser.accessibility","sl-accessibility-project-lanternwake-phase-3-accessibility-and-six-required-viewp-86ff8d4c5f-v1","tests/e2e/phase3-accessibility-viewports.spec.ts","authentication-authorization","The current governed case protects the same observable product contract in its owned focused family.","Mapped by exact current identity or focused browser.accessibility contract ownership; no P34 container is selected.","Historical Playwright discovery at 073e09b1bc0ded5b0d595bf99f0db1b11aafb3b9; P34 remains archived, unselectable, and unexecuted.","Historical outcomes are archival evidence, not current release evidence."
"p34-59c353be03caa0d231c4","tests/e2e/phase3-accessibility-viewports.spec.ts","512","Project Lanternwake Phase 3 accessibility and six required viewports › 1440x900 map-location is readable, reachable, and sound-independent","webkit-mobile","authentication-authorization","retired P34 broad browser container","CURRENT_PRODUCT_CONTRACT","CURRENT_CONTRACT_MIGRATED","browser.accessibility","sl-accessibility-project-lanternwake-phase-3-accessibility-and-six-required-viewp-a9474289d7-v1","tests/e2e/phase3-accessibility-viewports.spec.ts","authentication-authorization","The current governed case protects the same observable product contract in its owned focused family.","Mapped by exact current identity or focused browser.accessibility contract ownership; no P34 container is selected.","Historical Playwright discovery at 073e09b1bc0ded5b0d595bf99f0db1b11aafb3b9; P34 remains archived, unselectable, and unexecuted.","Historical outcomes are archival evidence, not current release evidence."
"p34-43a7b4ae40d00b102efa","tests/e2e/phase3-accessibility-viewports.spec.ts","512","Project Lanternwake Phase 3 accessibility and six required viewports › 1440x900 route-reveal is readable, reachable, and sound-independent","webkit-mobile","authentication-authorization","retired P34 broad browser container","CURRENT_PRODUCT_CONTRACT","CURRENT_CONTRACT_MIGRATED","browser.accessibility","sl-accessibility-project-lanternwake-phase-3-accessibility-and-six-required-viewp-2ee9fecf3e-v1","tests/e2e/phase3-accessibility-viewports.spec.ts","authentication-authorization","The current governed case protects the same observable product contract in its owned focused family.","Mapped by exact current identity or focused browser.accessibility contract ownership; no P34 container is selected.","Historical Playwright discovery at 073e09b1bc0ded5b0d595bf99f0db1b11aafb3b9; P34 remains archived, unselectable, and unexecuted.","Historical outcomes are archival evidence, not current release evidence."
"p34-be7e04289c6e90fb853d","tests/e2e/phase3-accessibility-viewports.spec.ts","512","Project Lanternwake Phase 3 accessibility and six required viewports › 1440x900 artifact-award is readable, reachable, and sound-independent","webkit-mobile","authentication-authorization","retired P34 broad browser container","CURRENT_PRODUCT_CONTRACT","CURRENT_CONTRACT_MIGRATED","browser.artifacts","sl-artifacts-project-lanternwake-phase-3-accessibility-and-six-required-viewp-2ad632589f-v1","tests/e2e/phase3-accessibility-viewports.spec.ts","authentication-authorization","The current governed case protects the same observable product contract in its owned focused family.","Mapped by exact current identity or focused browser.artifacts contract ownership; no P34 container is selected.","Historical Playwright discovery at 073e09b1bc0ded5b0d595bf99f0db1b11aafb3b9; P34 remains archived, unselectable, and unexecuted.","Historical outcomes are archival evidence, not current release evidence."
"p34-81b16edd6622583549ce","tests/e2e/phase3-accessibility-viewports.spec.ts","512","Project Lanternwake Phase 3 accessibility and six required viewports › 1440x900 quest-discovery is readable, reachable, and sound-independent","webkit-mobile","authentication-authorization","retired P34 broad browser container","CURRENT_PRODUCT_CONTRACT","CURRENT_CONTRACT_MIGRATED","browser.accessibility","sl-accessibility-project-lanternwake-phase-3-accessibility-and-six-required-viewp-902b792356-v1","tests/e2e/phase3-accessibility-viewports.spec.ts","authentication-authorization","The current governed case protects the same observable product contract in its owned focused family.","Mapped by exact current identity or focused browser.accessibility contract ownership; no P34 container is selected.","Historical Playwright discovery at 073e09b1bc0ded5b0d595bf99f0db1b11aafb3b9; P34 remains archived, unselectable, and unexecuted.","Historical outcomes are archival evidence, not current release evidence."
"p34-78561af8db2185c85965","tests/e2e/phase3-accessibility-viewports.spec.ts","512","Project Lanternwake Phase 3 accessibility and six required viewports › 1440x900 log-entry is readable, reachable, and sound-independent","webkit-mobile","authentication-authorization","retired P34 broad browser container","CURRENT_PRODUCT_CONTRACT","CURRENT_CONTRACT_MIGRATED","browser.accessibility","sl-accessibility-project-lanternwake-phase-3-accessibility-and-six-required-viewp-55cb8dc871-v1","tests/e2e/phase3-accessibility-viewports.spec.ts","authentication-authorization","The current governed case protects the same observable product contract in its owned focused family.","Mapped by exact current identity or focused browser.accessibility contract ownership; no P34 container is selected.","Historical Playwright discovery at 073e09b1bc0ded5b0d595bf99f0db1b11aafb3b9; P34 remains archived, unselectable, and unexecuted.","Historical outcomes are archival evidence, not current release evidence."
"p34-54b93e7442e70b7bf076","tests/e2e/phase3-accessibility-viewports.spec.ts","512","Project Lanternwake Phase 3 accessibility and six required viewports › 1440x900 finale-tease is readable, reachable, and sound-independent","webkit-mobile","authentication-authorization","retired P34 broad browser container","CURRENT_PRODUCT_CONTRACT","CURRENT_CONTRACT_MIGRATED","browser.accessibility","sl-accessibility-project-lanternwake-phase-3-accessibility-and-six-required-viewp-213149f434-v1","tests/e2e/phase3-accessibility-viewports.spec.ts","authentication-authorization","The current governed case protects the same observable product contract in its owned focused family.","Mapped by exact current identity or focused browser.accessibility contract ownership; no P34 container is selected.","Historical Playwright discovery at 073e09b1bc0ded5b0d595bf99f0db1b11aafb3b9; P34 remains archived, unselectable, and unexecuted.","Historical outcomes are archival evidence, not current release evidence."
"p34-29fb38fe265c2eb45b4a","tests/e2e/phase3-accessibility-viewports.spec.ts","512","Project Lanternwake Phase 3 accessibility and six required viewports › 1440x900 pause is readable, reachable, and sound-independent","webkit-mobile","authentication-authorization","retired P34 broad browser container","CURRENT_PRODUCT_CONTRACT","CURRENT_CONTRACT_MIGRATED","browser.accessibility","sl-accessibility-project-lanternwake-phase-3-accessibility-and-six-required-viewp-b3c3de680c-v1","tests/e2e/phase3-accessibility-viewports.spec.ts","authentication-authorization","The current governed case protects the same observable product contract in its owned focused family.","Mapped by exact current identity or focused browser.accessibility contract ownership; no P34 container is selected.","Historical Playwright discovery at 073e09b1bc0ded5b0d595bf99f0db1b11aafb3b9; P34 remains archived, unselectable, and unexecuted.","Historical outcomes are archival evidence, not current release evidence."
"p34-7f87b6e2b8eb7ccb95ee","tests/e2e/phase3-accessibility-viewports.spec.ts","512","Project Lanternwake Phase 3 accessibility and six required viewports › 1440x900 replay is readable, reachable, and sound-independent","webkit-mobile","authentication-authorization","retired P34 broad browser container","CURRENT_PRODUCT_CONTRACT","CURRENT_CONTRACT_MIGRATED","browser.accessibility","sl-accessibility-project-lanternwake-phase-3-accessibility-and-six-required-viewp-6e6b8cb8c3-v1","tests/e2e/phase3-accessibility-viewports.spec.ts","authentication-authorization","The current governed case protects the same observable product contract in its owned focused family.","Mapped by exact current identity or focused browser.accessibility contract ownership; no P34 container is selected.","Historical Playwright discovery at 073e09b1bc0ded5b0d595bf99f0db1b11aafb3b9; P34 remains archived, unselectable, and unexecuted.","Historical outcomes are archival evidence, not current release evidence."
"p34-9dc2c99cc7b18f347652","tests/e2e/phase3-accessibility-viewports.spec.ts","512","Project Lanternwake Phase 3 accessibility and six required viewports › 1440x900 fallback is readable, reachable, and sound-independent","webkit-mobile","authentication-authorization","retired P34 broad browser container","CURRENT_PRODUCT_CONTRACT","CURRENT_CONTRACT_MIGRATED","browser.accessibility","sl-accessibility-project-lanternwake-phase-3-accessibility-and-six-required-viewp-e775230e87-v1","tests/e2e/phase3-accessibility-viewports.spec.ts","authentication-authorization","The current governed case protects the same observable product contract in its owned focused family.","Mapped by exact current identity or focused browser.accessibility contract ownership; no P34 container is selected.","Historical Playwright discovery at 073e09b1bc0ded5b0d595bf99f0db1b11aafb3b9; P34 remains archived, unselectable, and unexecuted.","Historical outcomes are archival evidence, not current release evidence."
"p34-d38dd761659970e45e2d","tests/e2e/phase3-accessibility-viewports.spec.ts","512","Project Lanternwake Phase 3 accessibility and six required viewports › 1440x900 interrupted-scene is readable, reachable, and sound-independent","webkit-mobile","authentication-authorization","retired P34 broad browser container","CURRENT_PRODUCT_CONTRACT","CURRENT_CONTRACT_MIGRATED","browser.accessibility","sl-accessibility-project-lanternwake-phase-3-accessibility-and-six-required-viewp-b7ca6bea57-v1","tests/e2e/phase3-accessibility-viewports.spec.ts","authentication-authorization","The current governed case protects the same observable product contract in its owned focused family.","Mapped by exact current identity or focused browser.accessibility contract ownership; no P34 container is selected.","Historical Playwright discovery at 073e09b1bc0ded5b0d595bf99f0db1b11aafb3b9; P34 remains archived, unselectable, and unexecuted.","Historical outcomes are archival evidence, not current release evidence."
"p34-7debd4c059a854f7a912","tests/e2e/phase3-accessibility-viewports.spec.ts","512","Project Lanternwake Phase 3 accessibility and six required viewports › 430x932 journal-first-opening is readable, reachable, and sound-independent","webkit-mobile","authentication-authorization","retired P34 broad browser container","CURRENT_PRODUCT_CONTRACT","CURRENT_CONTRACT_MIGRATED","browser.accessibility","sl-accessibility-project-lanternwake-phase-3-accessibility-and-six-required-viewp-93d291ede7-v1","tests/e2e/phase3-accessibility-viewports.spec.ts","authentication-authorization","The current governed case protects the same observable product contract in its owned focused family.","Mapped by exact current identity or focused browser.accessibility contract ownership; no P34 container is selected.","Historical Playwright discovery at 073e09b1bc0ded5b0d595bf99f0db1b11aafb3b9; P34 remains archived, unselectable, and unexecuted.","Historical outcomes are archival evidence, not current release evidence."
"p34-39b52076fb8d54c4ca72","tests/e2e/phase3-accessibility-viewports.spec.ts","512","Project Lanternwake Phase 3 accessibility and six required viewports › 430x932 journal-reentry is readable, reachable, and sound-independent","webkit-mobile","authentication-authorization","retired P34 broad browser container","CURRENT_PRODUCT_CONTRACT","CURRENT_CONTRACT_MIGRATED","browser.accessibility","sl-accessibility-project-lanternwake-phase-3-accessibility-and-six-required-viewp-cec9261eda-v1","tests/e2e/phase3-accessibility-viewports.spec.ts","authentication-authorization","The current governed case protects the same observable product contract in its owned focused family.","Mapped by exact current identity or focused browser.accessibility contract ownership; no P34 container is selected.","Historical Playwright discovery at 073e09b1bc0ded5b0d595bf99f0db1b11aafb3b9; P34 remains archived, unselectable, and unexecuted.","Historical outcomes are archival evidence, not current release evidence."
"p34-a2f5824fb8ae420016c5","tests/e2e/phase3-accessibility-viewports.spec.ts","512","Project Lanternwake Phase 3 accessibility and six required viewports › 430x932 chapter-release is readable, reachable, and sound-independent","webkit-mobile","authentication-authorization","retired P34 broad browser container","CURRENT_PRODUCT_CONTRACT","CURRENT_CONTRACT_MIGRATED","browser.accessibility","sl-accessibility-project-lanternwake-phase-3-accessibility-and-six-required-viewp-60cfaa2158-v1","tests/e2e/phase3-accessibility-viewports.spec.ts","authentication-authorization","The current governed case protects the same observable product contract in its owned focused family.","Mapped by exact current identity or focused browser.accessibility contract ownership; no P34 container is selected.","Historical Playwright discovery at 073e09b1bc0ded5b0d595bf99f0db1b11aafb3b9; P34 remains archived, unselectable, and unexecuted.","Historical outcomes are archival evidence, not current release evidence."
"p34-7ea1d276e7b0405948f6","tests/e2e/phase3-accessibility-viewports.spec.ts","512","Project Lanternwake Phase 3 accessibility and six required viewports › 430x932 map-location is readable, reachable, and sound-independent","webkit-mobile","authentication-authorization","retired P34 broad browser container","CURRENT_PRODUCT_CONTRACT","CURRENT_CONTRACT_MIGRATED","browser.accessibility","sl-accessibility-project-lanternwake-phase-3-accessibility-and-six-required-viewp-7b581e7f46-v1","tests/e2e/phase3-accessibility-viewports.spec.ts","authentication-authorization","The current governed case protects the same observable product contract in its owned focused family.","Mapped by exact current identity or focused browser.accessibility contract ownership; no P34 container is selected.","Historical Playwright discovery at 073e09b1bc0ded5b0d595bf99f0db1b11aafb3b9; P34 remains archived, unselectable, and unexecuted.","Historical outcomes are archival evidence, not current release evidence."
"p34-ab06fe4cd43c2a25b408","tests/e2e/phase3-accessibility-viewports.spec.ts","512","Project Lanternwake Phase 3 accessibility and six required viewports › 430x932 route-reveal is readable, reachable, and sound-independent","webkit-mobile","authentication-authorization","retired P34 broad browser container","CURRENT_PRODUCT_CONTRACT","CURRENT_CONTRACT_MIGRATED","browser.accessibility","sl-accessibility-project-lanternwake-phase-3-accessibility-and-six-required-viewp-9f2cca2e38-v1","tests/e2e/phase3-accessibility-viewports.spec.ts","authentication-authorization","The current governed case protects the same observable product contract in its owned focused family.","Mapped by exact current identity or focused browser.accessibility contract ownership; no P34 container is selected.","Historical Playwright discovery at 073e09b1bc0ded5b0d595bf99f0db1b11aafb3b9; P34 remains archived, unselectable, and unexecuted.","Historical outcomes are archival evidence, not current release evidence."
"p34-8a935b3da344c770135c","tests/e2e/phase3-accessibility-viewports.spec.ts","512","Project Lanternwake Phase 3 accessibility and six required viewports › 430x932 artifact-award is readable, reachable, and sound-independent","webkit-mobile","authentication-authorization","retired P34 broad browser container","CURRENT_PRODUCT_CONTRACT","CURRENT_CONTRACT_MIGRATED","browser.artifacts","sl-artifacts-project-lanternwake-phase-3-accessibility-and-six-required-viewp-f8648d0b40-v1","tests/e2e/phase3-accessibility-viewports.spec.ts","authentication-authorization","The current governed case protects the same observable product contract in its owned focused family.","Mapped by exact current identity or focused browser.artifacts contract ownership; no P34 container is selected.","Historical Playwright discovery at 073e09b1bc0ded5b0d595bf99f0db1b11aafb3b9; P34 remains archived, unselectable, and unexecuted.","Historical outcomes are archival evidence, not current release evidence."
"p34-62483be5708a6e6c68e2","tests/e2e/phase3-accessibility-viewports.spec.ts","512","Project Lanternwake Phase 3 accessibility and six required viewports › 430x932 quest-discovery is readable, reachable, and sound-independent","webkit-mobile","authentication-authorization","retired P34 broad browser container","CURRENT_PRODUCT_CONTRACT","CURRENT_CONTRACT_MIGRATED","browser.accessibility","sl-accessibility-project-lanternwake-phase-3-accessibility-and-six-required-viewp-756bd6e614-v1","tests/e2e/phase3-accessibility-viewports.spec.ts","authentication-authorization","The current governed case protects the same observable product contract in its owned focused family.","Mapped by exact current identity or focused browser.accessibility contract ownership; no P34 container is selected.","Historical Playwright discovery at 073e09b1bc0ded5b0d595bf99f0db1b11aafb3b9; P34 remains archived, unselectable, and unexecuted.","Historical outcomes are archival evidence, not current release evidence."
"p34-205412283ccd89296170","tests/e2e/phase3-accessibility-viewports.spec.ts","512","Project Lanternwake Phase 3 accessibility and six required viewports › 430x932 log-entry is readable, reachable, and sound-independent","webkit-mobile","authentication-authorization","retired P34 broad browser container","CURRENT_PRODUCT_CONTRACT","CURRENT_CONTRACT_MIGRATED","browser.accessibility","sl-accessibility-project-lanternwake-phase-3-accessibility-and-six-required-viewp-997b9d469d-v1","tests/e2e/phase3-accessibility-viewports.spec.ts","authentication-authorization","The current governed case protects the same observable product contract in its owned focused family.","Mapped by exact current identity or focused browser.accessibility contract ownership; no P34 container is selected.","Historical Playwright discovery at 073e09b1bc0ded5b0d595bf99f0db1b11aafb3b9; P34 remains archived, unselectable, and unexecuted.","Historical outcomes are archival evidence, not current release evidence."
"p34-a0d0c9d05267b10e7f0a","tests/e2e/phase3-accessibility-viewports.spec.ts","512","Project Lanternwake Phase 3 accessibility and six required viewports › 430x932 finale-tease is readable, reachable, and sound-independent","webkit-mobile","authentication-authorization","retired P34 broad browser container","CURRENT_PRODUCT_CONTRACT","CURRENT_CONTRACT_MIGRATED","browser.accessibility","sl-accessibility-project-lanternwake-phase-3-accessibility-and-six-required-viewp-50e47ffeff-v1","tests/e2e/phase3-accessibility-viewports.spec.ts","authentication-authorization","The current governed case protects the same observable product contract in its owned focused family.","Mapped by exact current identity or focused browser.accessibility contract ownership; no P34 container is selected.","Historical Playwright discovery at 073e09b1bc0ded5b0d595bf99f0db1b11aafb3b9; P34 remains archived, unselectable, and unexecuted.","Historical outcomes are archival evidence, not current release evidence."
"p34-c18efd912951539936a3","tests/e2e/phase3-accessibility-viewports.spec.ts","512","Project Lanternwake Phase 3 accessibility and six required viewports › 430x932 pause is readable, reachable, and sound-independent","webkit-mobile","authentication-authorization","retired P34 broad browser container","CURRENT_PRODUCT_CONTRACT","CURRENT_CONTRACT_MIGRATED","browser.accessibility","sl-accessibility-project-lanternwake-phase-3-accessibility-and-six-required-viewp-d297a1afdc-v1","tests/e2e/phase3-accessibility-viewports.spec.ts","authentication-authorization","The current governed case protects the same observable product contract in its owned focused family.","Mapped by exact current identity or focused browser.accessibility contract ownership; no P34 container is selected.","Historical Playwright discovery at 073e09b1bc0ded5b0d595bf99f0db1b11aafb3b9; P34 remains archived, unselectable, and unexecuted.","Historical outcomes are archival evidence, not current release evidence."
"p34-b7950dfdd4438b266055","tests/e2e/phase3-accessibility-viewports.spec.ts","512","Project Lanternwake Phase 3 accessibility and six required viewports › 430x932 replay is readable, reachable, and sound-independent","webkit-mobile","authentication-authorization","retired P34 broad browser container","CURRENT_PRODUCT_CONTRACT","CURRENT_CONTRACT_MIGRATED","browser.accessibility","sl-accessibility-project-lanternwake-phase-3-accessibility-and-six-required-viewp-6cee759833-v1","tests/e2e/phase3-accessibility-viewports.spec.ts","authentication-authorization","The current governed case protects the same observable product contract in its owned focused family.","Mapped by exact current identity or focused browser.accessibility contract ownership; no P34 container is selected.","Historical Playwright discovery at 073e09b1bc0ded5b0d595bf99f0db1b11aafb3b9; P34 remains archived, unselectable, and unexecuted.","Historical outcomes are archival evidence, not current release evidence."
"p34-208ceb02f2b046be1c00","tests/e2e/phase3-accessibility-viewports.spec.ts","512","Project Lanternwake Phase 3 accessibility and six required viewports › 430x932 fallback is readable, reachable, and sound-independent","webkit-mobile","authentication-authorization","retired P34 broad browser container","CURRENT_PRODUCT_CONTRACT","CURRENT_CONTRACT_MIGRATED","browser.accessibility","sl-accessibility-project-lanternwake-phase-3-accessibility-and-six-required-viewp-b1c8de7896-v1","tests/e2e/phase3-accessibility-viewports.spec.ts","authentication-authorization","The current governed case protects the same observable product contract in its owned focused family.","Mapped by exact current identity or focused browser.accessibility contract ownership; no P34 container is selected.","Historical Playwright discovery at 073e09b1bc0ded5b0d595bf99f0db1b11aafb3b9; P34 remains archived, unselectable, and unexecuted.","Historical outcomes are archival evidence, not current release evidence."
"p34-d3b407a2b8f7273916ff","tests/e2e/phase3-accessibility-viewports.spec.ts","512","Project Lanternwake Phase 3 accessibility and six required viewports › 430x932 interrupted-scene is readable, reachable, and sound-independent","webkit-mobile","authentication-authorization","retired P34 broad browser container","CURRENT_PRODUCT_CONTRACT","CURRENT_CONTRACT_MIGRATED","browser.accessibility","sl-accessibility-project-lanternwake-phase-3-accessibility-and-six-required-viewp-98ecfa186f-v1","tests/e2e/phase3-accessibility-viewports.spec.ts","authentication-authorization","The current governed case protects the same observable product contract in its owned focused family.","Mapped by exact current identity or focused browser.accessibility contract ownership; no P34 container is selected.","Historical Playwright discovery at 073e09b1bc0ded5b0d595bf99f0db1b11aafb3b9; P34 remains archived, unselectable, and unexecuted.","Historical outcomes are archival evidence, not current release evidence."
"p34-257b7c0947ef53c66abb","tests/e2e/phase3-accessibility-viewports.spec.ts","512","Project Lanternwake Phase 3 accessibility and six required viewports › 390x844 journal-first-opening is readable, reachable, and sound-independent","webkit-mobile","authentication-authorization","retired P34 broad browser container","CURRENT_PRODUCT_CONTRACT","CURRENT_CONTRACT_MIGRATED","browser.accessibility","sl-accessibility-project-lanternwake-phase-3-accessibility-and-six-required-viewp-046868d7d6-v1","tests/e2e/phase3-accessibility-viewports.spec.ts","authentication-authorization","The current governed case protects the same observable product contract in its owned focused family.","Mapped by exact current identity or focused browser.accessibility contract ownership; no P34 container is selected.","Historical Playwright discovery at 073e09b1bc0ded5b0d595bf99f0db1b11aafb3b9; P34 remains archived, unselectable, and unexecuted.","Historical outcomes are archival evidence, not current release evidence."
"p34-e5c4dd6c467b016b25e4","tests/e2e/phase3-accessibility-viewports.spec.ts","512","Project Lanternwake Phase 3 accessibility and six required viewports › 390x844 journal-reentry is readable, reachable, and sound-independent","webkit-mobile","authentication-authorization","retired P34 broad browser container","CURRENT_PRODUCT_CONTRACT","CURRENT_CONTRACT_MIGRATED","browser.accessibility","sl-accessibility-project-lanternwake-phase-3-accessibility-and-six-required-viewp-410cbd50ec-v1","tests/e2e/phase3-accessibility-viewports.spec.ts","authentication-authorization","The current governed case protects the same observable product contract in its owned focused family.","Mapped by exact current identity or focused browser.accessibility contract ownership; no P34 container is selected.","Historical Playwright discovery at 073e09b1bc0ded5b0d595bf99f0db1b11aafb3b9; P34 remains archived, unselectable, and unexecuted.","Historical outcomes are archival evidence, not current release evidence."
"p34-41e1e40a892579205f52","tests/e2e/phase3-accessibility-viewports.spec.ts","512","Project Lanternwake Phase 3 accessibility and six required viewports › 390x844 chapter-release is readable, reachable, and sound-independent","webkit-mobile","authentication-authorization","retired P34 broad browser container","CURRENT_PRODUCT_CONTRACT","CURRENT_CONTRACT_MIGRATED","browser.accessibility","sl-accessibility-project-lanternwake-phase-3-accessibility-and-six-required-viewp-a8869c4aad-v1","tests/e2e/phase3-accessibility-viewports.spec.ts","authentication-authorization","The current governed case protects the same observable product contract in its owned focused family.","Mapped by exact current identity or focused browser.accessibility contract ownership; no P34 container is selected.","Historical Playwright discovery at 073e09b1bc0ded5b0d595bf99f0db1b11aafb3b9; P34 remains archived, unselectable, and unexecuted.","Historical outcomes are archival evidence, not current release evidence."
"p34-de2aafb32d5dfdca7874","tests/e2e/phase3-accessibility-viewports.spec.ts","512","Project Lanternwake Phase 3 accessibility and six required viewports › 390x844 map-location is readable, reachable, and sound-independent","webkit-mobile","authentication-authorization","retired P34 broad browser container","CURRENT_PRODUCT_CONTRACT","CURRENT_CONTRACT_MIGRATED","browser.accessibility","sl-accessibility-project-lanternwake-phase-3-accessibility-and-six-required-viewp-b69961f63f-v1","tests/e2e/phase3-accessibility-viewports.spec.ts","authentication-authorization","The current governed case protects the same observable product contract in its owned focused family.","Mapped by exact current identity or focused browser.accessibility contract ownership; no P34 container is selected.","Historical Playwright discovery at 073e09b1bc0ded5b0d595bf99f0db1b11aafb3b9; P34 remains archived, unselectable, and unexecuted.","Historical outcomes are archival evidence, not current release evidence."
"p34-74ba855b960b027cdb36","tests/e2e/phase3-accessibility-viewports.spec.ts","512","Project Lanternwake Phase 3 accessibility and six required viewports › 390x844 route-reveal is readable, reachable, and sound-independent","webkit-mobile","authentication-authorization","retired P34 broad browser container","CURRENT_PRODUCT_CONTRACT","CURRENT_CONTRACT_MIGRATED","browser.accessibility","sl-accessibility-project-lanternwake-phase-3-accessibility-and-six-required-viewp-97b994e82f-v1","tests/e2e/phase3-accessibility-viewports.spec.ts","authentication-authorization","The current governed case protects the same observable product contract in its owned focused family.","Mapped by exact current identity or focused browser.accessibility contract ownership; no P34 container is selected.","Historical Playwright discovery at 073e09b1bc0ded5b0d595bf99f0db1b11aafb3b9; P34 remains archived, unselectable, and unexecuted.","Historical outcomes are archival evidence, not current release evidence."
"p34-393278c6b162cece27f8","tests/e2e/phase3-accessibility-viewports.spec.ts","512","Project Lanternwake Phase 3 accessibility and six required viewports › 390x844 artifact-award is readable, reachable, and sound-independent","webkit-mobile","authentication-authorization","retired P34 broad browser container","CURRENT_PRODUCT_CONTRACT","CURRENT_CONTRACT_MIGRATED","browser.artifacts","sl-artifacts-project-lanternwake-phase-3-accessibility-and-six-required-viewp-68948692e3-v1","tests/e2e/phase3-accessibility-viewports.spec.ts","authentication-authorization","The current governed case protects the same observable product contract in its owned focused family.","Mapped by exact current identity or focused browser.artifacts contract ownership; no P34 container is selected.","Historical Playwright discovery at 073e09b1bc0ded5b0d595bf99f0db1b11aafb3b9; P34 remains archived, unselectable, and unexecuted.","Historical outcomes are archival evidence, not current release evidence."
"p34-9f5c71997d1b0ea0c8ca","tests/e2e/phase3-accessibility-viewports.spec.ts","512","Project Lanternwake Phase 3 accessibility and six required viewports › 390x844 quest-discovery is readable, reachable, and sound-independent","webkit-mobile","authentication-authorization","retired P34 broad browser container","CURRENT_PRODUCT_CONTRACT","CURRENT_CONTRACT_MIGRATED","browser.accessibility","sl-accessibility-project-lanternwake-phase-3-accessibility-and-six-required-viewp-97bdae9a8a-v1","tests/e2e/phase3-accessibility-viewports.spec.ts","authentication-authorization","The current governed case protects the same observable product contract in its owned focused family.","Mapped by exact current identity or focused browser.accessibility contract ownership; no P34 container is selected.","Historical Playwright discovery at 073e09b1bc0ded5b0d595bf99f0db1b11aafb3b9; P34 remains archived, unselectable, and unexecuted.","Historical outcomes are archival evidence, not current release evidence."
"p34-4b57ec100d3a96111116","tests/e2e/phase3-accessibility-viewports.spec.ts","512","Project Lanternwake Phase 3 accessibility and six required viewports › 390x844 log-entry is readable, reachable, and sound-independent","webkit-mobile","authentication-authorization","retired P34 broad browser container","CURRENT_PRODUCT_CONTRACT","CURRENT_CONTRACT_MIGRATED","browser.accessibility","sl-accessibility-project-lanternwake-phase-3-accessibility-and-six-required-viewp-97be8182cd-v1","tests/e2e/phase3-accessibility-viewports.spec.ts","authentication-authorization","The current governed case protects the same observable product contract in its owned focused family.","Mapped by exact current identity or focused browser.accessibility contract ownership; no P34 container is selected.","Historical Playwright discovery at 073e09b1bc0ded5b0d595bf99f0db1b11aafb3b9; P34 remains archived, unselectable, and unexecuted.","Historical outcomes are archival evidence, not current release evidence."
"p34-68e58980ccc664902937","tests/e2e/phase3-accessibility-viewports.spec.ts","512","Project Lanternwake Phase 3 accessibility and six required viewports › 390x844 finale-tease is readable, reachable, and sound-independent","webkit-mobile","authentication-authorization","retired P34 broad browser container","CURRENT_PRODUCT_CONTRACT","CURRENT_CONTRACT_MIGRATED","browser.accessibility","sl-accessibility-project-lanternwake-phase-3-accessibility-and-six-required-viewp-b29fe2129c-v1","tests/e2e/phase3-accessibility-viewports.spec.ts","authentication-authorization","The current governed case protects the same observable product contract in its owned focused family.","Mapped by exact current identity or focused browser.accessibility contract ownership; no P34 container is selected.","Historical Playwright discovery at 073e09b1bc0ded5b0d595bf99f0db1b11aafb3b9; P34 remains archived, unselectable, and unexecuted.","Historical outcomes are archival evidence, not current release evidence."
"p34-c03cc6187cd1ac949e32","tests/e2e/phase3-accessibility-viewports.spec.ts","512","Project Lanternwake Phase 3 accessibility and six required viewports › 390x844 pause is readable, reachable, and sound-independent","webkit-mobile","authentication-authorization","retired P34 broad browser container","CURRENT_PRODUCT_CONTRACT","CURRENT_CONTRACT_MIGRATED","browser.accessibility","sl-accessibility-project-lanternwake-phase-3-accessibility-and-six-required-viewp-5a285cfdc8-v1","tests/e2e/phase3-accessibility-viewports.spec.ts","authentication-authorization","The current governed case protects the same observable product contract in its owned focused family.","Mapped by exact current identity or focused browser.accessibility contract ownership; no P34 container is selected.","Historical Playwright discovery at 073e09b1bc0ded5b0d595bf99f0db1b11aafb3b9; P34 remains archived, unselectable, and unexecuted.","Historical outcomes are archival evidence, not current release evidence."
"p34-41fbb7489011af5742e0","tests/e2e/phase3-accessibility-viewports.spec.ts","512","Project Lanternwake Phase 3 accessibility and six required viewports › 390x844 replay is readable, reachable, and sound-independent","webkit-mobile","authentication-authorization","retired P34 broad browser container","CURRENT_PRODUCT_CONTRACT","CURRENT_CONTRACT_MIGRATED","browser.accessibility","sl-accessibility-project-lanternwake-phase-3-accessibility-and-six-required-viewp-7cd1744e40-v1","tests/e2e/phase3-accessibility-viewports.spec.ts","authentication-authorization","The current governed case protects the same observable product contract in its owned focused family.","Mapped by exact current identity or focused browser.accessibility contract ownership; no P34 container is selected.","Historical Playwright discovery at 073e09b1bc0ded5b0d595bf99f0db1b11aafb3b9; P34 remains archived, unselectable, and unexecuted.","Historical outcomes are archival evidence, not current release evidence."
"p34-6dabaa37bac2dae79a80","tests/e2e/phase3-accessibility-viewports.spec.ts","512","Project Lanternwake Phase 3 accessibility and six required viewports › 390x844 fallback is readable, reachable, and sound-independent","webkit-mobile","authentication-authorization","retired P34 broad browser container","CURRENT_PRODUCT_CONTRACT","CURRENT_CONTRACT_MIGRATED","browser.accessibility","sl-accessibility-project-lanternwake-phase-3-accessibility-and-six-required-viewp-491db99953-v1","tests/e2e/phase3-accessibility-viewports.spec.ts","authentication-authorization","The current governed case protects the same observable product contract in its owned focused family.","Mapped by exact current identity or focused browser.accessibility contract ownership; no P34 container is selected.","Historical Playwright discovery at 073e09b1bc0ded5b0d595bf99f0db1b11aafb3b9; P34 remains archived, unselectable, and unexecuted.","Historical outcomes are archival evidence, not current release evidence."
"p34-d2d8e12e31644871ad99","tests/e2e/phase3-accessibility-viewports.spec.ts","512","Project Lanternwake Phase 3 accessibility and six required viewports › 390x844 interrupted-scene is readable, reachable, and sound-independent","webkit-mobile","authentication-authorization","retired P34 broad browser container","CURRENT_PRODUCT_CONTRACT","CURRENT_CONTRACT_MIGRATED","browser.accessibility","sl-accessibility-project-lanternwake-phase-3-accessibility-and-six-required-viewp-f413092499-v1","tests/e2e/phase3-accessibility-viewports.spec.ts","authentication-authorization","The current governed case protects the same observable product contract in its owned focused family.","Mapped by exact current identity or focused browser.accessibility contract ownership; no P34 container is selected.","Historical Playwright discovery at 073e09b1bc0ded5b0d595bf99f0db1b11aafb3b9; P34 remains archived, unselectable, and unexecuted.","Historical outcomes are archival evidence, not current release evidence."
"p34-e222077fc66a4a472cb0","tests/e2e/phase3-accessibility-viewports.spec.ts","512","Project Lanternwake Phase 3 accessibility and six required viewports › 844x390 journal-first-opening is readable, reachable, and sound-independent","webkit-mobile","authentication-authorization","retired P34 broad browser container","CURRENT_PRODUCT_CONTRACT","CURRENT_CONTRACT_MIGRATED","browser.accessibility","sl-accessibility-project-lanternwake-phase-3-accessibility-and-six-required-viewp-f0850fe118-v1","tests/e2e/phase3-accessibility-viewports.spec.ts","authentication-authorization","The current governed case protects the same observable product contract in its owned focused family.","Mapped by exact current identity or focused browser.accessibility contract ownership; no P34 container is selected.","Historical Playwright discovery at 073e09b1bc0ded5b0d595bf99f0db1b11aafb3b9; P34 remains archived, unselectable, and unexecuted.","Historical outcomes are archival evidence, not current release evidence."
"p34-7e5305b3d82430217a5a","tests/e2e/phase3-accessibility-viewports.spec.ts","512","Project Lanternwake Phase 3 accessibility and six required viewports › 844x390 journal-reentry is readable, reachable, and sound-independent","webkit-mobile","authentication-authorization","retired P34 broad browser container","CURRENT_PRODUCT_CONTRACT","CURRENT_CONTRACT_MIGRATED","browser.accessibility","sl-accessibility-project-lanternwake-phase-3-accessibility-and-six-required-viewp-4f38f7b5e7-v1","tests/e2e/phase3-accessibility-viewports.spec.ts","authentication-authorization","The current governed case protects the same observable product contract in its owned focused family.","Mapped by exact current identity or focused browser.accessibility contract ownership; no P34 container is selected.","Historical Playwright discovery at 073e09b1bc0ded5b0d595bf99f0db1b11aafb3b9; P34 remains archived, unselectable, and unexecuted.","Historical outcomes are archival evidence, not current release evidence."
"p34-f5268c825d467391a153","tests/e2e/phase3-accessibility-viewports.spec.ts","512","Project Lanternwake Phase 3 accessibility and six required viewports › 844x390 chapter-release is readable, reachable, and sound-independent","webkit-mobile","authentication-authorization","retired P34 broad browser container","CURRENT_PRODUCT_CONTRACT","CURRENT_CONTRACT_MIGRATED","browser.accessibility","sl-accessibility-project-lanternwake-phase-3-accessibility-and-six-required-viewp-742dbfe86e-v1","tests/e2e/phase3-accessibility-viewports.spec.ts","authentication-authorization","The current governed case protects the same observable product contract in its owned focused family.","Mapped by exact current identity or focused browser.accessibility contract ownership; no P34 container is selected.","Historical Playwright discovery at 073e09b1bc0ded5b0d595bf99f0db1b11aafb3b9; P34 remains archived, unselectable, and unexecuted.","Historical outcomes are archival evidence, not current release evidence."
"p34-170839bd327b368f8f6f","tests/e2e/phase3-accessibility-viewports.spec.ts","512","Project Lanternwake Phase 3 accessibility and six required viewports › 844x390 map-location is readable, reachable, and sound-independent","webkit-mobile","authentication-authorization","retired P34 broad browser container","CURRENT_PRODUCT_CONTRACT","CURRENT_CONTRACT_MIGRATED","browser.accessibility","sl-accessibility-project-lanternwake-phase-3-accessibility-and-six-required-viewp-ad860caebd-v1","tests/e2e/phase3-accessibility-viewports.spec.ts","authentication-authorization","The current governed case protects the same observable product contract in its owned focused family.","Mapped by exact current identity or focused browser.accessibility contract ownership; no P34 container is selected.","Historical Playwright discovery at 073e09b1bc0ded5b0d595bf99f0db1b11aafb3b9; P34 remains archived, unselectable, and unexecuted.","Historical outcomes are archival evidence, not current release evidence."
"p34-8b9fb10a8a78705a4918","tests/e2e/phase3-accessibility-viewports.spec.ts","512","Project Lanternwake Phase 3 accessibility and six required viewports › 844x390 route-reveal is readable, reachable, and sound-independent","webkit-mobile","authentication-authorization","retired P34 broad browser container","CURRENT_PRODUCT_CONTRACT","CURRENT_CONTRACT_MIGRATED","browser.accessibility","sl-accessibility-project-lanternwake-phase-3-accessibility-and-six-required-viewp-a948803377-v1","tests/e2e/phase3-accessibility-viewports.spec.ts","authentication-authorization","The current governed case protects the same observable product contract in its owned focused family.","Mapped by exact current identity or focused browser.accessibility contract ownership; no P34 container is selected.","Historical Playwright discovery at 073e09b1bc0ded5b0d595bf99f0db1b11aafb3b9; P34 remains archived, unselectable, and unexecuted.","Historical outcomes are archival evidence, not current release evidence."
"p34-71ef73d01de380fd5ded","tests/e2e/phase3-accessibility-viewports.spec.ts","512","Project Lanternwake Phase 3 accessibility and six required viewports › 844x390 artifact-award is readable, reachable, and sound-independent","webkit-mobile","authentication-authorization","retired P34 broad browser container","CURRENT_PRODUCT_CONTRACT","CURRENT_CONTRACT_MIGRATED","browser.artifacts","sl-artifacts-project-lanternwake-phase-3-accessibility-and-six-required-viewp-443b6e4ef8-v1","tests/e2e/phase3-accessibility-viewports.spec.ts","authentication-authorization","The current governed case protects the same observable product contract in its owned focused family.","Mapped by exact current identity or focused browser.artifacts contract ownership; no P34 container is selected.","Historical Playwright discovery at 073e09b1bc0ded5b0d595bf99f0db1b11aafb3b9; P34 remains archived, unselectable, and unexecuted.","Historical outcomes are archival evidence, not current release evidence."
"p34-d4f2f23cb54974fbeb6e","tests/e2e/phase3-accessibility-viewports.spec.ts","512","Project Lanternwake Phase 3 accessibility and six required viewports › 844x390 quest-discovery is readable, reachable, and sound-independent","webkit-mobile","authentication-authorization","retired P34 broad browser container","CURRENT_PRODUCT_CONTRACT","CURRENT_CONTRACT_MIGRATED","browser.accessibility","sl-accessibility-project-lanternwake-phase-3-accessibility-and-six-required-viewp-098127255f-v1","tests/e2e/phase3-accessibility-viewports.spec.ts","authentication-authorization","The current governed case protects the same observable product contract in its owned focused family.","Mapped by exact current identity or focused browser.accessibility contract ownership; no P34 container is selected.","Historical Playwright discovery at 073e09b1bc0ded5b0d595bf99f0db1b11aafb3b9; P34 remains archived, unselectable, and unexecuted.","Historical outcomes are archival evidence, not current release evidence."
"p34-02616e96cbfcbe9a4988","tests/e2e/phase3-accessibility-viewports.spec.ts","512","Project Lanternwake Phase 3 accessibility and six required viewports › 844x390 log-entry is readable, reachable, and sound-independent","webkit-mobile","authentication-authorization","retired P34 broad browser container","CURRENT_PRODUCT_CONTRACT","CURRENT_CONTRACT_MIGRATED","browser.accessibility","sl-accessibility-project-lanternwake-phase-3-accessibility-and-six-required-viewp-a51762f461-v1","tests/e2e/phase3-accessibility-viewports.spec.ts","authentication-authorization","The current governed case protects the same observable product contract in its owned focused family.","Mapped by exact current identity or focused browser.accessibility contract ownership; no P34 container is selected.","Historical Playwright discovery at 073e09b1bc0ded5b0d595bf99f0db1b11aafb3b9; P34 remains archived, unselectable, and unexecuted.","Historical outcomes are archival evidence, not current release evidence."
"p34-7d78b8e6ec4c0a88065e","tests/e2e/phase3-accessibility-viewports.spec.ts","512","Project Lanternwake Phase 3 accessibility and six required viewports › 844x390 finale-tease is readable, reachable, and sound-independent","webkit-mobile","authentication-authorization","retired P34 broad browser container","CURRENT_PRODUCT_CONTRACT","CURRENT_CONTRACT_MIGRATED","browser.accessibility","sl-accessibility-project-lanternwake-phase-3-accessibility-and-six-required-viewp-2640e26fba-v1","tests/e2e/phase3-accessibility-viewports.spec.ts","authentication-authorization","The current governed case protects the same observable product contract in its owned focused family.","Mapped by exact current identity or focused browser.accessibility contract ownership; no P34 container is selected.","Historical Playwright discovery at 073e09b1bc0ded5b0d595bf99f0db1b11aafb3b9; P34 remains archived, unselectable, and unexecuted.","Historical outcomes are archival evidence, not current release evidence."
"p34-ce560e17c9dc23088b25","tests/e2e/phase3-accessibility-viewports.spec.ts","512","Project Lanternwake Phase 3 accessibility and six required viewports › 844x390 pause is readable, reachable, and sound-independent","webkit-mobile","authentication-authorization","retired P34 broad browser container","CURRENT_PRODUCT_CONTRACT","CURRENT_CONTRACT_MIGRATED","browser.accessibility","sl-accessibility-project-lanternwake-phase-3-accessibility-and-six-required-viewp-a39164ae55-v1","tests/e2e/phase3-accessibility-viewports.spec.ts","authentication-authorization","The current governed case protects the same observable product contract in its owned focused family.","Mapped by exact current identity or focused browser.accessibility contract ownership; no P34 container is selected.","Historical Playwright discovery at 073e09b1bc0ded5b0d595bf99f0db1b11aafb3b9; P34 remains archived, unselectable, and unexecuted.","Historical outcomes are archival evidence, not current release evidence."
"p34-28925f792ec6c0227574","tests/e2e/phase3-accessibility-viewports.spec.ts","512","Project Lanternwake Phase 3 accessibility and six required viewports › 844x390 replay is readable, reachable, and sound-independent","webkit-mobile","authentication-authorization","retired P34 broad browser container","CURRENT_PRODUCT_CONTRACT","CURRENT_CONTRACT_MIGRATED","browser.accessibility","sl-accessibility-project-lanternwake-phase-3-accessibility-and-six-required-viewp-c4f1b6c669-v1","tests/e2e/phase3-accessibility-viewports.spec.ts","authentication-authorization","The current governed case protects the same observable product contract in its owned focused family.","Mapped by exact current identity or focused browser.accessibility contract ownership; no P34 container is selected.","Historical Playwright discovery at 073e09b1bc0ded5b0d595bf99f0db1b11aafb3b9; P34 remains archived, unselectable, and unexecuted.","Historical outcomes are archival evidence, not current release evidence."
"p34-4357dfe8f91a35ba1f0a","tests/e2e/phase3-accessibility-viewports.spec.ts","512","Project Lanternwake Phase 3 accessibility and six required viewports › 844x390 fallback is readable, reachable, and sound-independent","webkit-mobile","authentication-authorization","retired P34 broad browser container","CURRENT_PRODUCT_CONTRACT","CURRENT_CONTRACT_MIGRATED","browser.accessibility","sl-accessibility-project-lanternwake-phase-3-accessibility-and-six-required-viewp-4206f61d6f-v1","tests/e2e/phase3-accessibility-viewports.spec.ts","authentication-authorization","The current governed case protects the same observable product contract in its owned focused family.","Mapped by exact current identity or focused browser.accessibility contract ownership; no P34 container is selected.","Historical Playwright discovery at 073e09b1bc0ded5b0d595bf99f0db1b11aafb3b9; P34 remains archived, unselectable, and unexecuted.","Historical outcomes are archival evidence, not current release evidence."
"p34-a699ad83f72f7b58b334","tests/e2e/phase3-accessibility-viewports.spec.ts","512","Project Lanternwake Phase 3 accessibility and six required viewports › 844x390 interrupted-scene is readable, reachable, and sound-independent","webkit-mobile","authentication-authorization","retired P34 broad browser container","CURRENT_PRODUCT_CONTRACT","CURRENT_CONTRACT_MIGRATED","browser.accessibility","sl-accessibility-project-lanternwake-phase-3-accessibility-and-six-required-viewp-5b38931333-v1","tests/e2e/phase3-accessibility-viewports.spec.ts","authentication-authorization","The current governed case protects the same observable product contract in its owned focused family.","Mapped by exact current identity or focused browser.accessibility contract ownership; no P34 container is selected.","Historical Playwright discovery at 073e09b1bc0ded5b0d595bf99f0db1b11aafb3b9; P34 remains archived, unselectable, and unexecuted.","Historical outcomes are archival evidence, not current release evidence."
"p34-7af6a77fec0bd7e6f5df","tests/e2e/phase3-visual-checkpoints.spec.ts","1630","captures the exact sanitized 57-row Phase 3 visual checkpoint catalog","webkit-mobile","journal-ready-state","retired PlayerExperience presentation lifecycle","CONSOLIDATED_CURRENT_CONTRACT","REPLACED_CANONICAL","browser.player-journal","sl-player-journal-proves-the-canonical-read-only-journal-journey-across-current-pr-2cd05300b9-v1|sl-player-journal-proves-the-canonical-read-only-journal-journey-across-current-pr-93667ff07c-v1","tests/e2e/phase3-visual-checkpoints.spec.ts|tests/e2e/phase3-visual-checkpoints.spec.ts","journal-ready-state|journal-ready-state","The focused current family provides consolidated equal-or-stronger coverage for the retained behavior.","Mapped by exact current identity or focused browser.player-journal contract ownership; no P34 container is selected.","Historical Playwright discovery at 073e09b1bc0ded5b0d595bf99f0db1b11aafb3b9; P34 remains archived, unselectable, and unexecuted.","Historical outcomes are archival evidence, not current release evidence."
"p34-2635db0ea45256592ccd","tests/e2e/project-one-voyage-phase2.spec.ts","148","Project One Voyage Phase 2 compatibility acceptance › A: the historical Player doorway resolves canonical state without legacy writes or replay","webkit-mobile","invitation-acceptance","retired shared PlayerExperience access flow","CURRENT_PRODUCT_CONTRACT","CURRENT_CONTRACT_MIGRATED","browser.invitations","sl-invitations-project-one-voyage-phase-2-compatibility-acceptance-a-the-histor-de5a787bba-v1","tests/e2e/project-one-voyage-phase2.spec.ts","invitation-acceptance","The current governed case protects the same observable product contract in its owned focused family.","Mapped by exact current identity or focused browser.invitations contract ownership; no P34 container is selected.","Historical Playwright discovery at 073e09b1bc0ded5b0d595bf99f0db1b11aafb3b9; P34 remains archived, unselectable, and unexecuted.","Historical outcomes are archival evidence, not current release evidence."
"p34-c071d23fd9f3c3204e3d","tests/e2e/project-one-voyage-phase2.spec.ts","230","Project One Voyage Phase 2 compatibility acceptance › B: revocation denies the retained credential without restoring membership or issuing a session","webkit-mobile","invitation-acceptance","retired shared PlayerExperience access flow","CURRENT_PRODUCT_CONTRACT","CURRENT_CONTRACT_MIGRATED","browser.invitations","sl-invitations-project-one-voyage-phase-2-compatibility-acceptance-b-revocation-0839e7cb98-v1","tests/e2e/project-one-voyage-phase2.spec.ts","invitation-acceptance","The current governed case protects the same observable product contract in its owned focused family.","Mapped by exact current identity or focused browser.invitations contract ownership; no P34 container is selected.","Historical Playwright discovery at 073e09b1bc0ded5b0d595bf99f0db1b11aafb3b9; P34 remains archived, unselectable, and unexecuted.","Historical outcomes are archival evidence, not current release evidence."
"p34-4939a4d7b7f86a175340","tests/e2e/project-one-voyage-phase2.spec.ts","280","Project One Voyage Phase 2 compatibility acceptance › C: Quartermaster hands off to Captain and writes one canonical command receipt","webkit-mobile","invitation-acceptance","retired shared PlayerExperience access flow","CURRENT_PRODUCT_CONTRACT","CURRENT_CONTRACT_MIGRATED","browser.invitations","sl-invitations-project-one-voyage-phase-2-compatibility-acceptance-c-quartermas-20cfef730a-v1","tests/e2e/project-one-voyage-phase2.spec.ts","invitation-acceptance","The current governed case protects the same observable product contract in its owned focused family.","Mapped by exact current identity or focused browser.invitations contract ownership; no P34 container is selected.","Historical Playwright discovery at 073e09b1bc0ded5b0d595bf99f0db1b11aafb3b9; P34 remains archived, unselectable, and unexecuted.","Historical outcomes are archival evidence, not current release evidence."
"p34-aa3b40c8f34094472b32","tests/e2e/sealed-hold-phase4.spec.ts","45","Phase 4 authenticated protected-media workflow is private, accessible, revocable, and restart-safe","webkit-mobile","authentication-authorization","retired P34 broad browser container","CURRENT_PRODUCT_CONTRACT","CURRENT_CONTRACT_MIGRATED","browser.private-operations","sl-private-operations-phase-4-authenticated-protected-media-workflow-is-private-access-d7b69bc967-v1","tests/e2e/sealed-hold-phase4.spec.ts","authentication-authorization","The current governed case protects the same observable product contract in its owned focused family.","Mapped by exact current identity or focused browser.private-operations contract ownership; no P34 container is selected.","Historical Playwright discovery at 073e09b1bc0ded5b0d595bf99f0db1b11aafb3b9; P34 remains archived, unselectable, and unexecuted.","Historical outcomes are archival evidence, not current release evidence."
"p34-0505f560ae429a8834f8","tests/e2e/voyagewright-language.spec.ts","13","public routes present Voyagewright language without inherited product terms","webkit-mobile","authentication-authorization","retired P34 broad browser container","CURRENT_PRODUCT_CONTRACT","CURRENT_CONTRACT_MIGRATED","browser.cross-project","sl-cross-project-public-routes-present-voyagewright-language-without-inherited-pr-5b1b0b6646-v1","tests/e2e/voyagewright-language.spec.ts","authentication-authorization","The current governed case protects the same observable product contract in its owned focused family.","Mapped by exact current identity or focused browser.cross-project contract ownership; no P34 container is selected.","Historical Playwright discovery at 073e09b1bc0ded5b0d595bf99f0db1b11aafb3b9; P34 remains archived, unselectable, and unexecuted.","Historical outcomes are archival evidence, not current release evidence."
"p34-c57abb38fe812ceaf515","tests/e2e/wayfarer-phase3.spec.ts","209","Wayfarer Phase 3 authenticated Passport history is private, pinned, consent-filtered, and read-only","webkit-mobile","wayfarer-history-projection","retired P34 broad browser container","CURRENT_PRODUCT_CONTRACT","CURRENT_CONTRACT_MIGRATED","browser.passport","sl-passport-wayfarer-phase-3-authenticated-passport-history-is-private-pinne-4ce86843f1-v1","tests/e2e/wayfarer-phase3.spec.ts","wayfarer-history-projection","The current governed case protects the same observable product contract in its owned focused family.","Mapped by exact current identity or focused browser.passport contract ownership; no P34 container is selected.","Historical Playwright discovery at 073e09b1bc0ded5b0d595bf99f0db1b11aafb3b9; P34 remains archived, unselectable, and unexecuted.","Historical outcomes are archival evidence, not current release evidence."
"p34-f5d1b3c06d31c9f8f16a","tests/e2e/wayfarer-phase4.spec.ts","128","Wayfarer Phase 4 projects only receipt-authorized artifacts and protects private cabinet data","webkit-mobile","wayfarer-history-projection","retired P34 broad browser container","CURRENT_PRODUCT_CONTRACT","CURRENT_CONTRACT_MIGRATED","browser.artifacts","sl-artifacts-wayfarer-phase-4-projects-only-receipt-authorized-artifacts-and--8bc113edb8-v1","tests/e2e/wayfarer-phase4.spec.ts","wayfarer-history-projection","The current governed case protects the same observable product contract in its owned focused family.","Mapped by exact current identity or focused browser.artifacts contract ownership; no P34 container is selected.","Historical Playwright discovery at 073e09b1bc0ded5b0d595bf99f0db1b11aafb3b9; P34 remains archived, unselectable, and unexecuted.","Historical outcomes are archival evidence, not current release evidence."
