"historical_case_id","source_file","source_line","title","project","protected_contract","historical_architecture_dependency","current_relevance","classification","canonical_replacement_suite","canonical_replacement_test_ids","canonical_replacement_historical_test_ids","canonical_replacement_semantic_ids","current_source_files","current_contract_ids","equal_or_stronger_coverage","consolidation_justification","retirement_evidence","remaining_limitation"
"p34-25adf5930b5451fbba82","tests/e2e/phase3-readonly-setup.setup.ts","40","creates nonce-bound read-only Phase 3 browser fixtures","phase3-readonly-setup","authentication-authorization","retired P34 broad browser container","CURRENT_PRODUCT_CONTRACT","CURRENT_CONTRACT_MIGRATED","browser.cross-project","sl-test-25adf5930b5451fbba82","","sl-semantic-bd125c6f4e3804e420b8","tests/e2e/phase3-readonly-setup.setup.ts","authentication-authorization","The current governed case protects the same observable product contract in its owned focused family.","Mapped by exact current identity or focused browser.cross-project contract ownership; no P34 container is selected.","Historical Playwright discovery at 073e09b1bc0ded5b0d595bf99f0db1b11aafb3b9; P34 remains archived, unselectable, and unexecuted.","Historical outcomes are archival evidence, not current release evidence."
"p34-46c5da2fc8219f4a6a55","tests/e2e/acceptance.spec.ts","51","canonical Chronicle invitation journey keeps Player and Captain boundaries intact","chromium","authentication-authorization","retired P34 broad browser container","CURRENT_PRODUCT_CONTRACT","CURRENT_CONTRACT_MIGRATED","browser.player-library","sl-test-7290fa60b1460d326eb6","","sl-semantic-d605cb6ec15a83742502","tests/e2e/acceptance.spec.ts","authentication-authorization","The current governed case protects the same observable product contract in its owned focused family.","Mapped by exact current identity or focused browser.player-library contract ownership; no P34 container is selected.","Historical Playwright discovery at 073e09b1bc0ded5b0d595bf99f0db1b11aafb3b9; P34 remains archived, unselectable, and unexecuted.","Historical outcomes are archival evidence, not current release evidence."
"p34-e6a1d589a71df2a09c48","tests/e2e/access-gates.spec.ts","4","Player sign-in remains public, accessible, and does not grant a Chronicle session","chromium","authentication-authorization","retired shared PlayerExperience access flow","CURRENT_PRODUCT_CONTRACT","CURRENT_CONTRACT_MIGRATED","browser.auth","sl-test-9a4891988c19d283e978","","sl-semantic-33ece7fad173985a4fe2","tests/e2e/access-gates.spec.ts","authentication-authorization","The current governed case protects the same observable product contract in its owned focused family.","Mapped by exact current identity or focused browser.auth contract ownership; no P34 container is selected.","Historical Playwright discovery at 073e09b1bc0ded5b0d595bf99f0db1b11aafb3b9; P34 remains archived, unselectable, and unexecuted.","Historical outcomes are archival evidence, not current release evidence."
"p34-ab2037e197d6405c7c34","tests/e2e/access-gates.spec.ts","20","Quartermaster bookmarks redirect to canonical Captain sign-in across supported browsers","chromium","authentication-authorization","retired shared PlayerExperience access flow","CURRENT_PRODUCT_CONTRACT","CURRENT_CONTRACT_MIGRATED","browser.auth","sl-test-3790637088be86ab44a2","","sl-semantic-028d4c060db9b7b6c2ec","tests/e2e/access-gates.spec.ts","authentication-authorization","The current governed case protects the same observable product contract in its owned focused family.","Mapped by exact current identity or focused browser.auth contract ownership; no P34 container is selected.","Historical Playwright discovery at 073e09b1bc0ded5b0d595bf99f0db1b11aafb3b9; P34 remains archived, unselectable, and unexecuted.","Historical outcomes are archival evidence, not current release evidence."
"p34-942c9ba50bf2742aecae","tests/e2e/access-gates.spec.ts","27","published Chronicle catalog is public while Studio remains protected","chromium","authentication-authorization","retired shared PlayerExperience access flow","CURRENT_PRODUCT_CONTRACT","CURRENT_CONTRACT_MIGRATED","browser.auth","sl-test-740a4d8d9eb1255e73c8","","sl-semantic-6f49805dbb4a590189b1","tests/e2e/access-gates.spec.ts","authentication-authorization","The current governed case protects the same observable product contract in its owned focused family.","Mapped by exact current identity or focused browser.auth contract ownership; no P34 container is selected.","Historical Playwright discovery at 073e09b1bc0ded5b0d595bf99f0db1b11aafb3b9; P34 remains archived, unselectable, and unexecuted.","Historical outcomes are archival evidence, not current release evidence."
"p34-3cafbee05bbec6390171","tests/e2e/animations.spec.ts","4","first arrival supports skip, replay, reduced motion, and a semantic destination","chromium","journal-ready-state","retired PlayerExperience presentation lifecycle","CURRENT_PRODUCT_CONTRACT","CURRENT_CONTRACT_MIGRATED","browser.animation-lifecycle","sl-test-3cafbee05bbec6390171","","sl-semantic-8d1f264385ed9326d813","tests/e2e/animations.spec.ts","journal-ready-state","The current governed case protects the same observable product contract in its owned focused family.","Mapped by exact current identity or focused browser.animation-lifecycle contract ownership; no P34 container is selected.","Historical Playwright discovery at 073e09b1bc0ded5b0d595bf99f0db1b11aafb3b9; P34 remains archived, unselectable, and unexecuted.","Historical outcomes are archival evidence, not current release evidence."
"p34-59521b48dd1ab1611901","tests/e2e/animations.spec.ts","37","development showcase exercises transport, trailer, assets, page turns, and local-only network policy","chromium","journal-ready-state","retired PlayerExperience presentation lifecycle","CURRENT_PRODUCT_CONTRACT","CURRENT_CONTRACT_MIGRATED","browser.animation-lifecycle","sl-test-59521b48dd1ab1611901","","sl-semantic-98d019dbae18b6705934","tests/e2e/animations.spec.ts","journal-ready-state","The current governed case protects the same observable product contract in its owned focused family.","Mapped by exact current identity or focused browser.animation-lifecycle contract ownership; no P34 container is selected.","Historical Playwright discovery at 073e09b1bc0ded5b0d595bf99f0db1b11aafb3b9; P34 remains archived, unselectable, and unexecuted.","Historical outcomes are archival evidence, not current release evidence."
"p34-fba6cc81f6239d923622","tests/e2e/chronicle-platform.spec.ts","11","the role gateway is responsive, reduced-motion aware, and never grants authorization","chromium","authentication-authorization","retired P34 broad browser container","CURRENT_PRODUCT_CONTRACT","CURRENT_CONTRACT_MIGRATED","browser.player-library","sl-test-fba6cc81f6239d923622","","sl-semantic-416fc895ddac1f542ed1","tests/e2e/chronicle-platform.spec.ts","authentication-authorization","The current governed case protects the same observable product contract in its owned focused family.","Mapped by exact current identity or focused browser.player-library contract ownership; no P34 container is selected.","Historical Playwright discovery at 073e09b1bc0ded5b0d595bf99f0db1b11aafb3b9; P34 remains archived, unselectable, and unexecuted.","Historical outcomes are archival evidence, not current release evidence."
"p34-3ca377b9e14e6d8f511c","tests/e2e/chronicle-platform.spec.ts","31","Captain invitation, immutable version, Player runtime, archive, and revocation form one persisted journey","chromium","authentication-authorization","retired P34 broad browser container","CURRENT_PRODUCT_CONTRACT","CURRENT_CONTRACT_MIGRATED","browser.player-library","sl-test-3ca377b9e14e6d8f511c","","sl-semantic-7f6ff37d5c7ce9f0edc6","tests/e2e/chronicle-platform.spec.ts","authentication-authorization","The current governed case protects the same observable product contract in its owned focused family.","Mapped by exact current identity or focused browser.player-library contract ownership; no P34 container is selected.","Historical Playwright discovery at 073e09b1bc0ded5b0d595bf99f0db1b11aafb3b9; P34 remains archived, unselectable, and unexecuted.","Historical outcomes are archival evidence, not current release evidence."
"p34-3de9543dc96d439445a1","tests/e2e/chronicle-studio.spec.ts","35","published Studio tale completes through player, Captain, and helper contracts","chromium","authentication-authorization","retired shared PlayerExperience operator surface","CURRENT_PRODUCT_CONTRACT","CURRENT_CONTRACT_MIGRATED","browser.studio","sl-test-211263d71bef3e454890","","sl-semantic-d50db6924b289cbef3c5","tests/e2e/chronicle-studio.spec.ts","authentication-authorization","The current governed case protects the same observable product contract in its owned focused family.","Mapped by exact current identity or focused browser.studio contract ownership; no P34 container is selected.","Historical Playwright discovery at 073e09b1bc0ded5b0d595bf99f0db1b11aafb3b9; P34 remains archived, unselectable, and unexecuted.","Historical outcomes are archival evidence, not current release evidence."
"p34-8dc11b96a4cd64538490","tests/e2e/chronicle-studio.spec.ts","169","Studio editor exposes searchable authoring tools and responsive isolated preview","chromium","authentication-authorization","retired shared PlayerExperience operator surface","CURRENT_PRODUCT_CONTRACT","CURRENT_CONTRACT_MIGRATED","browser.studio","sl-test-1750d88b803c3cd0a387","","sl-semantic-4a2d9950fd479b6d004b","tests/e2e/chronicle-studio.spec.ts","authentication-authorization","The current governed case protects the same observable product contract in its owned focused family.","Mapped by exact current identity or focused browser.studio contract ownership; no P34 container is selected.","Historical Playwright discovery at 073e09b1bc0ded5b0d595bf99f0db1b11aafb3b9; P34 remains archived, unselectable, and unexecuted.","Historical outcomes are archival evidence, not current release evidence."
"p34-2dbeb10e1a2d05e19f5e","tests/e2e/chronicle-studio.spec.ts","225","creator authors, aligns, publishes, plays, and reviews a media-rich tale","chromium","authentication-authorization","retired shared PlayerExperience operator surface","CURRENT_PRODUCT_CONTRACT","CURRENT_CONTRACT_MIGRATED","browser.studio","sl-test-c683abf7d8d55ac27106","","sl-semantic-ee605ef4f73d32d390d2","tests/e2e/chronicle-studio.spec.ts","authentication-authorization","The current governed case protects the same observable product contract in its owned focused family.","Mapped by exact current identity or focused browser.studio contract ownership; no P34 container is selected.","Historical Playwright discovery at 073e09b1bc0ded5b0d595bf99f0db1b11aafb3b9; P34 remains archived, unselectable, and unexecuted.","Historical outcomes are archival evidence, not current release evidence."
"p34-54ff2bdeb1a762b135fc","tests/e2e/command-center.spec.ts","78","preview is nonmutating, stale commands conflict, and idempotency replays safely","chromium","authentication-authorization","retired shared PlayerExperience operator surface","CURRENT_PRODUCT_CONTRACT","CURRENT_CONTRACT_MIGRATED","browser.captain","sl-test-e848c3f90c860cd40c24","sl-test-54ff2bdeb1a762b135fc","sl-semantic-6f2b2360b806b6f96277","tests/e2e/command-center.spec.ts","authentication-authorization","The current governed case protects the same observable product contract in its owned focused family.","Mapped by exact current identity or focused browser.captain contract ownership; no P34 container is selected.","Historical Playwright discovery at 073e09b1bc0ded5b0d595bf99f0db1b11aafb3b9; P34 remains archived, unselectable, and unexecuted.","Historical outcomes are archival evidence, not current release evidence."
"p34-674bead9e5733203edea","tests/e2e/command-center.spec.ts","147","Captain command preparation is browser-authenticated, durable, and idempotent","chromium","authentication-authorization","retired shared PlayerExperience operator surface","CURRENT_PRODUCT_CONTRACT","CURRENT_CONTRACT_MIGRATED","browser.captain","sl-test-9e5999f24f21948b9a0c","sl-test-674bead9e5733203edea","sl-semantic-f8b5c61ca748c1213104","tests/e2e/command-center.spec.ts","authentication-authorization","The current governed case protects the same observable product contract in its owned focused family.","Mapped by exact current identity or focused browser.captain contract ownership; no P34 container is selected.","Historical Playwright discovery at 073e09b1bc0ded5b0d595bf99f0db1b11aafb3b9; P34 remains archived, unselectable, and unexecuted.","Historical outcomes are archival evidence, not current release evidence."
"p34-6c7b1594ab6607772f01","tests/e2e/command-center.spec.ts","229","workspace routes preserve the newest Quartermaster surface and remain accessible","chromium","authentication-authorization","retired shared PlayerExperience operator surface","CURRENT_PRODUCT_CONTRACT","CURRENT_CONTRACT_MIGRATED","browser.captain","sl-test-af87f027c65de5fceaf6","sl-test-6c7b1594ab6607772f01","sl-semantic-3bb7d718ac68fcba9e2b","tests/e2e/command-center.spec.ts","authentication-authorization","The current governed case protects the same observable product contract in its owned focused family.","Mapped by exact current identity or focused browser.captain contract ownership; no P34 container is selected.","Historical Playwright discovery at 073e09b1bc0ded5b0d595bf99f0db1b11aafb3b9; P34 remains archived, unselectable, and unexecuted.","Historical outcomes are archival evidence, not current release evidence."
"p34-d5758ce9ec8f2de3a563","tests/e2e/lanternwake-access-transitions.spec.ts","164","Lanternwake Phase 1 access transition final-state holds › Player invitation access holds its committed seal-release pose until the voyage surface is visible","chromium","authentication-authorization","retired shared PlayerExperience access flow","CURRENT_PRODUCT_CONTRACT","CURRENT_CONTRACT_MIGRATED","browser.invitations","sl-test-4fd0c15830e5cf89c71b","sl-test-d5758ce9ec8f2de3a563","sl-semantic-008bd0ac4a3abb0fe9b2","tests/e2e/lanternwake-access-transitions.spec.ts","authentication-authorization","The current governed case protects the same observable product contract in its owned focused family.","Mapped by exact current identity or focused browser.invitations contract ownership; no P34 container is selected.","Historical Playwright discovery at 073e09b1bc0ded5b0d595bf99f0db1b11aafb3b9; P34 remains archived, unselectable, and unexecuted.","Historical outcomes are archival evidence, not current release evidence."
"p34-1f6a48476107f32d1423","tests/e2e/lanternwake-access-transitions.spec.ts","197","Lanternwake Phase 1 access transition final-state holds › Quartermaster login holds its committed open-door pose until the command surface is visible","chromium","authentication-authorization","retired shared PlayerExperience access flow","CONSOLIDATED_CURRENT_CONTRACT","REPLACED_CANONICAL","browser.invitations","sl-test-4fd0c15830e5cf89c71b;sl-test-3f6887d7997e9e742a7b;sl-test-a19ce294fc973120b052","","sl-semantic-008bd0ac4a3abb0fe9b2;sl-semantic-c6c90df4c6413e688a02;sl-semantic-6967df1071032fa3978c","tests/e2e/lanternwake-access-transitions.spec.ts;tests/e2e/lanternwake-access-transitions.spec.ts;tests/e2e/lanternwake-access-transitions.spec.ts","authentication-authorization;authentication-authorization;authentication-authorization","The focused current family provides consolidated equal-or-stronger coverage for the retained behavior.","Mapped by exact current identity or focused browser.invitations contract ownership; no P34 container is selected.","Historical Playwright discovery at 073e09b1bc0ded5b0d595bf99f0db1b11aafb3b9; P34 remains archived, unselectable, and unexecuted.","Historical outcomes are archival evidence, not current release evidence."
"p34-ea36ee8b86988644310a","tests/e2e/lanternwake-journal.spec.ts","586","Project Lanternwake Journal browser lifecycle › an active Journal opening releases listeners and requests within the browser unmount budget","chromium","journal-ready-state","retired PlayerExperience presentation lifecycle","CURRENT_PRODUCT_CONTRACT","CURRENT_CONTRACT_MIGRATED","browser.animation-lifecycle","sl-test-175a884f4c166c3431da","sl-test-ea36ee8b86988644310a","sl-semantic-943170d9083d3b0dedbf","tests/e2e/lanternwake-journal.spec.ts","journal-ready-state","The current governed case protects the same observable product contract in its owned focused family.","Mapped by exact current identity or focused browser.animation-lifecycle contract ownership; no P34 container is selected.","Historical Playwright discovery at 073e09b1bc0ded5b0d595bf99f0db1b11aafb3b9; P34 remains archived, unselectable, and unexecuted.","Historical outcomes are archival evidence, not current release evidence."
"p34-83cb9910959055b2e072","tests/e2e/lanternwake-journal.spec.ts","601","Project Lanternwake Journal browser lifecycle › mode change and skip both reconcile the Journal to a readable final pose","chromium","journal-ready-state","retired PlayerExperience presentation lifecycle","CURRENT_PRODUCT_CONTRACT","CURRENT_CONTRACT_MIGRATED","browser.animation-lifecycle","sl-test-dfcfd445e94c3afdc3e1","sl-test-83cb9910959055b2e072","sl-semantic-6d990afbaccef40c4e10","tests/e2e/lanternwake-journal.spec.ts","journal-ready-state","The current governed case protects the same observable product contract in its owned focused family.","Mapped by exact current identity or focused browser.animation-lifecycle contract ownership; no P34 container is selected.","Historical Playwright discovery at 073e09b1bc0ded5b0d595bf99f0db1b11aafb3b9; P34 remains archived, unselectable, and unexecuted.","Historical outcomes are archival evidence, not current release evidence."
"p34-cf8e630f2b7ef049c394","tests/e2e/lanternwake-journal.spec.ts","627","Project Lanternwake Journal browser lifecycle › browser reduced motion reaches deterministic JOURNAL_READY with the static readable book","chromium","journal-ready-state","retired PlayerExperience presentation lifecycle","CURRENT_PRODUCT_CONTRACT","CURRENT_CONTRACT_MIGRATED","browser.animation-lifecycle","sl-test-03f47532f35ac52b51eb","sl-test-cf8e630f2b7ef049c394","sl-semantic-8e10e7edc5a750cb0f98","tests/e2e/lanternwake-journal.spec.ts","journal-ready-state","The current governed case protects the same observable product contract in its owned focused family.","Mapped by exact current identity or focused browser.animation-lifecycle contract ownership; no P34 container is selected.","Historical Playwright discovery at 073e09b1bc0ded5b0d595bf99f0db1b11aafb3b9; P34 remains archived, unselectable, and unexecuted.","Historical outcomes are archival evidence, not current release evidence."
"p34-b44abce60e3b5460d412","tests/e2e/lanternwake-journal.spec.ts","658","Project Lanternwake Journal browser lifecycle › repeated returning-opening replays do not accumulate observable listeners, sources, or requests","chromium","journal-ready-state","retired PlayerExperience presentation lifecycle","CURRENT_PRODUCT_CONTRACT","CURRENT_CONTRACT_MIGRATED","browser.animation-lifecycle","sl-test-2256f16694489d4b8da6","sl-test-b44abce60e3b5460d412","sl-semantic-cc93279219a356d6d15c","tests/e2e/lanternwake-journal.spec.ts","journal-ready-state","The current governed case protects the same observable product contract in its owned focused family.","Mapped by exact current identity or focused browser.animation-lifecycle contract ownership; no P34 container is selected.","Historical Playwright discovery at 073e09b1bc0ded5b0d595bf99f0db1b11aafb3b9; P34 remains archived, unselectable, and unexecuted.","Historical outcomes are archival evidence, not current release evidence."
"p34-d86b37165d254a0210ed","tests/e2e/lanternwake-journal.spec.ts","699","Project Lanternwake Journal browser lifecycle › manual full and abbreviated opening profiles preserve controls and restore their focus","chromium","journal-ready-state","retired PlayerExperience presentation lifecycle","CURRENT_PRODUCT_CONTRACT","CURRENT_CONTRACT_MIGRATED","browser.animation-lifecycle","sl-test-299fc5854200cdfb4b91","sl-test-d86b37165d254a0210ed","sl-semantic-550d36f0be1446f31964","tests/e2e/lanternwake-journal.spec.ts","journal-ready-state","The current governed case protects the same observable product contract in its owned focused family.","Mapped by exact current identity or focused browser.animation-lifecycle contract ownership; no P34 container is selected.","Historical Playwright discovery at 073e09b1bc0ded5b0d595bf99f0db1b11aafb3b9; P34 remains archived, unselectable, and unexecuted.","Historical outcomes are archival evidence, not current release evidence."
"p34-d78d0ba10a9ab2261265","tests/e2e/lanternwake-journal.spec.ts","721","Project Lanternwake Journal browser lifecycle › PageFlip control and keyboard turns retain exact visible-primary authority and focus","chromium","authentication-authorization","retired P34 broad browser container","CURRENT_PRODUCT_CONTRACT","CURRENT_CONTRACT_MIGRATED","browser.accessibility","sl-test-690f74edb9ab664aaf7a","sl-test-d78d0ba10a9ab2261265","sl-semantic-0b4b508038a346dfed03","tests/e2e/lanternwake-journal.spec.ts","authentication-authorization","The current governed case protects the same observable product contract in its owned focused family.","Mapped by exact current identity or focused browser.accessibility contract ownership; no P34 container is selected.","Historical Playwright discovery at 073e09b1bc0ded5b0d595bf99f0db1b11aafb3b9; P34 remains archived, unselectable, and unexecuted.","Historical outcomes are archival evidence, not current release evidence."
"p34-761546dd269451038343","tests/e2e/lanternwake-journal.spec.ts","779","Project Lanternwake Journal browser lifecycle › missing opening actor and infinite CSS timing converge to a readable final pose","chromium","journal-ready-state","retired PlayerExperience presentation lifecycle","CURRENT_PRODUCT_CONTRACT","CURRENT_CONTRACT_MIGRATED","browser.animation-lifecycle","sl-test-df913dcc8ebb2600b5ea","sl-test-761546dd269451038343","sl-semantic-89e96921fe7c3f28c7d4","tests/e2e/lanternwake-journal.spec.ts","journal-ready-state","The current governed case protects the same observable product contract in its owned focused family.","Mapped by exact current identity or focused browser.animation-lifecycle contract ownership; no P34 container is selected.","Historical Playwright discovery at 073e09b1bc0ded5b0d595bf99f0db1b11aafb3b9; P34 remains archived, unselectable, and unexecuted.","Historical outcomes are archival evidence, not current release evidence."
"p34-fa29f3fb0994e96b529c","tests/e2e/lanternwake-journal.spec.ts","806","Project Lanternwake Journal browser lifecycle › a PageFlip readiness interruption exposes the static current page without stale clones","chromium","journal-ready-state","retired PlayerExperience presentation lifecycle","CURRENT_PRODUCT_CONTRACT","CURRENT_CONTRACT_MIGRATED","browser.animation-lifecycle","sl-test-c14fa28ccda35e4328e0","sl-test-fa29f3fb0994e96b529c","sl-semantic-5b6c7e1758995d46bd8f","tests/e2e/lanternwake-journal.spec.ts","journal-ready-state","The current governed case protects the same observable product contract in its owned focused family.","Mapped by exact current identity or focused browser.animation-lifecycle contract ownership; no P34 container is selected.","Historical Playwright discovery at 073e09b1bc0ded5b0d595bf99f0db1b11aafb3b9; P34 remains archived, unselectable, and unexecuted.","Historical outcomes are archival evidence, not current release evidence."
"p34-1105c8339ea23789ead2","tests/e2e/lanternwake-journal.spec.ts","824","Project Lanternwake Journal browser lifecycle › PageFlip dynamic-import failure reports failed lifecycle and preserves a readable static page","chromium","journal-ready-state","retired PlayerExperience presentation lifecycle","CURRENT_PRODUCT_CONTRACT","CURRENT_CONTRACT_MIGRATED","browser.animation-lifecycle","sl-test-526e95d8b2a89caadf30","sl-test-1105c8339ea23789ead2","sl-semantic-3b4ccc785aa83d09c14c","tests/e2e/lanternwake-journal.spec.ts","journal-ready-state","The current governed case protects the same observable product contract in its owned focused family.","Mapped by exact current identity or focused browser.animation-lifecycle contract ownership; no P34 container is selected.","Historical Playwright discovery at 073e09b1bc0ded5b0d595bf99f0db1b11aafb3b9; P34 remains archived, unselectable, and unexecuted.","Historical outcomes are archival evidence, not current release evidence."
"p34-0d05164b2b6f6de7d630","tests/e2e/lanternwake-journal.spec.ts","824","Project Lanternwake Journal browser lifecycle › PageFlip runtime-init failure reports failed lifecycle and preserves a readable static page","chromium","journal-ready-state","retired PlayerExperience presentation lifecycle","CURRENT_PRODUCT_CONTRACT","CURRENT_CONTRACT_MIGRATED","browser.animation-lifecycle","sl-test-5dcf23e4473d0011ccc0","sl-test-0d05164b2b6f6de7d630","sl-semantic-1dcf2c0ecab1a8e6cf60","tests/e2e/lanternwake-journal.spec.ts","journal-ready-state","The current governed case protects the same observable product contract in its owned focused family.","Mapped by exact current identity or focused browser.animation-lifecycle contract ownership; no P34 container is selected.","Historical Playwright discovery at 073e09b1bc0ded5b0d595bf99f0db1b11aafb3b9; P34 remains archived, unselectable, and unexecuted.","Historical outcomes are archival evidence, not current release evidence."
"p34-cbc06b766ba59116fc0f","tests/e2e/lanternwake-journal.spec.ts","824","Project Lanternwake Journal browser lifecycle › PageFlip readiness-probe failure reports failed lifecycle and preserves a readable static page","chromium","journal-ready-state","retired PlayerExperience presentation lifecycle","CURRENT_PRODUCT_CONTRACT","CURRENT_CONTRACT_MIGRATED","browser.animation-lifecycle","sl-test-49d46d71a2f12b664cf1","sl-test-cbc06b766ba59116fc0f","sl-semantic-34d851d6dcc7e8064e52","tests/e2e/lanternwake-journal.spec.ts","journal-ready-state","The current governed case protects the same observable product contract in its owned focused family.","Mapped by exact current identity or focused browser.animation-lifecycle contract ownership; no P34 container is selected.","Historical Playwright discovery at 073e09b1bc0ded5b0d595bf99f0db1b11aafb3b9; P34 remains archived, unselectable, and unexecuted.","Historical outcomes are archival evidence, not current release evidence."
"p34-861fa4e8a6e1cf2f0b08","tests/e2e/lanternwake-journal.spec.ts","864","Project Lanternwake Journal browser lifecycle › completed archive auto-opens quietly, remains read-only, and preserves replay","chromium","journal-ready-state","retired PlayerExperience presentation lifecycle","CURRENT_PRODUCT_CONTRACT","CURRENT_CONTRACT_MIGRATED","browser.animation-lifecycle","sl-test-58ce9972ad636563ef19","sl-test-861fa4e8a6e1cf2f0b08","sl-semantic-ecf2c247e71f6f2eb861","tests/e2e/lanternwake-journal.spec.ts","journal-ready-state","The current governed case protects the same observable product contract in its owned focused family.","Mapped by exact current identity or focused browser.animation-lifecycle contract ownership; no P34 container is selected.","Historical Playwright discovery at 073e09b1bc0ded5b0d595bf99f0db1b11aafb3b9; P34 remains archived, unselectable, and unexecuted.","Historical outcomes are archival evidence, not current release evidence."
"p34-9b45fcef0b55784fb86a","tests/e2e/lanternwake-phase1.spec.ts","181","Project Lanternwake Phase 1 presentation truth › a missing Journal opening target settles a readable fallback without changing canonical chapter truth","chromium","journal-ready-state","retired PlayerExperience presentation lifecycle","CURRENT_PRODUCT_CONTRACT","CURRENT_CONTRACT_MIGRATED","browser.player-journal","sl-test-f2e08d07faba3dc92bda","","sl-semantic-f84731bfb664ce9ec41e","tests/e2e/lanternwake-phase1.spec.ts","journal-ready-state","The current governed case protects the same observable product contract in its owned focused family.","Mapped by exact current identity or focused browser.player-journal contract ownership; no P34 container is selected.","Historical Playwright discovery at 073e09b1bc0ded5b0d595bf99f0db1b11aafb3b9; P34 remains archived, unselectable, and unexecuted.","Historical outcomes are archival evidence, not current release evidence."
"p34-2be0a83c7f7b0054deb1","tests/e2e/lanternwake-phase1.spec.ts","271","Project Lanternwake Phase 1 presentation truth › canonical Journal opening replays and refreshes without mutating session or audit truth","chromium","journal-ready-state","retired PlayerExperience presentation lifecycle","CURRENT_PRODUCT_CONTRACT","CURRENT_CONTRACT_MIGRATED","browser.player-journal","sl-test-e99d54d6b376b6b129e3","","sl-semantic-cf50ecb764181b4e6411","tests/e2e/lanternwake-phase1.spec.ts","journal-ready-state","The current governed case protects the same observable product contract in its owned focused family.","Mapped by exact current identity or focused browser.player-journal contract ownership; no P34 container is selected.","Historical Playwright discovery at 073e09b1bc0ded5b0d595bf99f0db1b11aafb3b9; P34 remains archived, unselectable, and unexecuted.","Historical outcomes are archival evidence, not current release evidence."
"p34-f02923f3b5262c8fcd0e","tests/e2e/lanternwake-phase2.spec.ts","395","Project Lanternwake Phase 2 StPageFlip boundary › full motion keeps source, clone identity, accessibility, and all turn paths inside StPageFlip authority","chromium","authentication-authorization","retired P34 broad browser container","CURRENT_PRODUCT_CONTRACT","CURRENT_CONTRACT_MIGRATED","browser.accessibility","sl-test-4a220d3a4184d0ccf2f9","sl-test-f02923f3b5262c8fcd0e","sl-semantic-1565600bcd5772160e32","tests/e2e/lanternwake-phase2.spec.ts","authentication-authorization","The current governed case protects the same observable product contract in its owned focused family.","Mapped by exact current identity or focused browser.accessibility contract ownership; no P34 container is selected.","Historical Playwright discovery at 073e09b1bc0ded5b0d595bf99f0db1b11aafb3b9; P34 remains archived, unselectable, and unexecuted.","Historical outcomes are archival evidence, not current release evidence."
"p34-fefe7b0081292a69858b","tests/e2e/lanternwake-phase2.spec.ts","433","Project Lanternwake Phase 2 StPageFlip boundary › twenty showcase remount cycles return public host, target, claim, runtime, and retained-node counts to baseline","chromium","journal-ready-state","retired PlayerExperience presentation lifecycle","CURRENT_PRODUCT_CONTRACT","CURRENT_CONTRACT_MIGRATED","browser.animation-lifecycle","sl-test-1edec9ac9a43423e210f","sl-test-fefe7b0081292a69858b","sl-semantic-a569e8507a20c6f7d97e","tests/e2e/lanternwake-phase2.spec.ts","journal-ready-state","The current governed case protects the same observable product contract in its owned focused family.","Mapped by exact current identity or focused browser.animation-lifecycle contract ownership; no P34 container is selected.","Historical Playwright discovery at 073e09b1bc0ded5b0d595bf99f0db1b11aafb3b9; P34 remains archived, unselectable, and unexecuted.","Historical outcomes are archival evidence, not current release evidence."
"p34-c0e66ec0cb7bc3fc76e1","tests/e2e/lanternwake-phase2.spec.ts","466","Project Lanternwake Phase 2 StPageFlip boundary › reduced motion renders one readable static page and no StPageFlip runtime","chromium","journal-ready-state","retired PlayerExperience presentation lifecycle","CURRENT_PRODUCT_CONTRACT","CURRENT_CONTRACT_MIGRATED","browser.animation-lifecycle","sl-test-3417c70bc31d74f44110","sl-test-c0e66ec0cb7bc3fc76e1","sl-semantic-61070aafe70004746f4a","tests/e2e/lanternwake-phase2.spec.ts","journal-ready-state","The current governed case protects the same observable product contract in its owned focused family.","Mapped by exact current identity or focused browser.animation-lifecycle contract ownership; no P34 container is selected.","Historical Playwright discovery at 073e09b1bc0ded5b0d595bf99f0db1b11aafb3b9; P34 remains archived, unselectable, and unexecuted.","Historical outcomes are archival evidence, not current release evidence."
"p34-e81459f76bfe3c0a7248","tests/e2e/lanternwake-phase2.spec.ts","481","Project Lanternwake Phase 2 StPageFlip boundary › content revision and orientation changes revoke the old generation and expose zero retained references","chromium","journal-ready-state","retired PlayerExperience presentation lifecycle","CURRENT_PRODUCT_CONTRACT","CURRENT_CONTRACT_MIGRATED","browser.animation-lifecycle","sl-test-6ad4d8d8e4de6883d669","sl-test-e81459f76bfe3c0a7248","sl-semantic-f6411a91377bc77b8918","tests/e2e/lanternwake-phase2.spec.ts","journal-ready-state","The current governed case protects the same observable product contract in its owned focused family.","Mapped by exact current identity or focused browser.animation-lifecycle contract ownership; no P34 container is selected.","Historical Playwright discovery at 073e09b1bc0ded5b0d595bf99f0db1b11aafb3b9; P34 remains archived, unselectable, and unexecuted.","Historical outcomes are archival evidence, not current release evidence."
"p34-c3712896a107f4b68aca","tests/e2e/lanternwake-phase2.spec.ts","572","Project Lanternwake Phase 2 StPageFlip boundary › only the current visible Passage remains interactive in the canonical Journal PageFlip boundary","chromium","journal-ready-state","retired PlayerExperience presentation lifecycle","CURRENT_PRODUCT_CONTRACT","CURRENT_CONTRACT_MIGRATED","browser.animation-lifecycle","sl-test-6fd45cb39032a4e737e9","sl-test-c3712896a107f4b68aca;sl-test-f6b91fd67812a41dd2ec","sl-semantic-96a895d1e2d161891ceb","tests/e2e/lanternwake-phase2.spec.ts","journal-ready-state","The current governed case protects the same observable product contract in its owned focused family.","Mapped by exact current identity or focused browser.animation-lifecycle contract ownership; no P34 container is selected.","Historical Playwright discovery at 073e09b1bc0ded5b0d595bf99f0db1b11aafb3b9; P34 remains archived, unselectable, and unexecuted.","Historical outcomes are archival evidence, not current release evidence."
"p34-d779aa8dee00dcf98e9b","tests/e2e/lanternwake-phase2.spec.ts","618","Project Lanternwake Phase 2 showcase tombstones › deprecated journal and page-turn rows name their replacements without creating a fake Director receipt","chromium","journal-ready-state","retired PlayerExperience presentation lifecycle","CURRENT_PRODUCT_CONTRACT","CURRENT_CONTRACT_MIGRATED","browser.player-journal","sl-test-a29da080abd07358754f","sl-test-803e8049d2aaf1f5c420;sl-test-d779aa8dee00dcf98e9b","sl-semantic-d14dcc5aef2398c28159","tests/e2e/lanternwake-phase2.spec.ts","journal-ready-state","The current governed case protects the same observable product contract in its owned focused family.","Mapped by exact current identity or focused browser.player-journal contract ownership; no P34 container is selected.","Historical Playwright discovery at 073e09b1bc0ded5b0d595bf99f0db1b11aafb3b9; P34 remains archived, unselectable, and unexecuted.","Historical outcomes are archival evidence, not current release evidence."
"p34-4c17089a19c9f41f2952","tests/e2e/lanternwake-phase2.spec.ts","650","Project Lanternwake Phase 2 Captain's Console boundaries › login is aria-busy, single-flight, and returns focus after a failed key","chromium","authentication-authorization","retired P34 broad browser container","CONSOLIDATED_CURRENT_CONTRACT","REPLACED_CANONICAL","browser.accessibility","sl-test-4a220d3a4184d0ccf2f9;sl-test-1edec9ac9a43423e210f;sl-test-3417c70bc31d74f44110","","sl-semantic-1565600bcd5772160e32;sl-semantic-a569e8507a20c6f7d97e;sl-semantic-61070aafe70004746f4a","tests/e2e/lanternwake-phase2.spec.ts;tests/e2e/lanternwake-phase2.spec.ts;tests/e2e/lanternwake-phase2.spec.ts","authentication-authorization;journal-ready-state;journal-ready-state","The focused current family provides consolidated equal-or-stronger coverage for the retained behavior.","Mapped by exact current identity or focused browser.accessibility contract ownership; no P34 container is selected.","Historical Playwright discovery at 073e09b1bc0ded5b0d595bf99f0db1b11aafb3b9; P34 remains archived, unselectable, and unexecuted.","Historical outcomes are archival evidence, not current release evidence."
"p34-8b862e6e5052ff58eee3","tests/e2e/lanternwake-phase2.spec.ts","688","Project Lanternwake Phase 2 Captain's Console boundaries › Voyage creation is modal, keeps focus inside its canonical flow, and restores its exact trigger","chromium","authentication-authorization","retired shared PlayerExperience operator surface","CURRENT_PRODUCT_CONTRACT","CURRENT_CONTRACT_MIGRATED","browser.captain","sl-test-371a02710c979e12eb43","sl-test-3a380e22d8ed8cc36861;sl-test-8b862e6e5052ff58eee3","sl-semantic-e45ba2f0b46aa609019a","tests/e2e/lanternwake-phase2.spec.ts","authentication-authorization","The current governed case protects the same observable product contract in its owned focused family.","Mapped by exact current identity or focused browser.captain contract ownership; no P34 container is selected.","Historical Playwright discovery at 073e09b1bc0ded5b0d595bf99f0db1b11aafb3b9; P34 remains archived, unselectable, and unexecuted.","Historical outcomes are archival evidence, not current release evidence."
"p34-9c70992b05d04fcf157a","tests/e2e/lanternwake-phase2.spec.ts","721","Project Lanternwake Phase 2 Captain's Console boundaries › a committed Voyage creation restores focus to its exact Captain's Console trigger","chromium","authentication-authorization","retired shared PlayerExperience operator surface","CURRENT_PRODUCT_CONTRACT","CURRENT_CONTRACT_MIGRATED","browser.captain","sl-test-18966f7835ceb7056986","sl-test-67642d3f781b2bf15139;sl-test-9c70992b05d04fcf157a","sl-semantic-15ffcce5ae556d67115d","tests/e2e/lanternwake-phase2.spec.ts","authentication-authorization","The current governed case protects the same observable product contract in its owned focused family.","Mapped by exact current identity or focused browser.captain contract ownership; no P34 container is selected.","Historical Playwright discovery at 073e09b1bc0ded5b0d595bf99f0db1b11aafb3b9; P34 remains archived, unselectable, and unexecuted.","Historical outcomes are archival evidence, not current release evidence."
"p34-620a3e074370440ffb46","tests/e2e/lanternwake-phase2.spec.ts","747","Project Lanternwake Phase 2 Player integration evidence gaps › the canonical Journal publishes one readable Passage only after its PageFlip boundary is ready","chromium","journal-ready-state","retired PlayerExperience presentation lifecycle","CURRENT_PRODUCT_CONTRACT","CURRENT_CONTRACT_MIGRATED","browser.animation-lifecycle","sl-test-126dd571f1ecb091eaf5","sl-test-2741a1377fafac61ff55;sl-test-620a3e074370440ffb46","sl-semantic-a3bf3bedb1c6749e0234","tests/e2e/lanternwake-phase2.spec.ts","journal-ready-state","The current governed case protects the same observable product contract in its owned focused family.","Mapped by exact current identity or focused browser.animation-lifecycle contract ownership; no P34 container is selected.","Historical Playwright discovery at 073e09b1bc0ded5b0d595bf99f0db1b11aafb3b9; P34 remains archived, unselectable, and unexecuted.","Historical outcomes are archival evidence, not current release evidence."
"p34-97d60e061f1e4312fd80","tests/e2e/lanternwake-phase2.spec.ts","765","Project Lanternwake Phase 2 Player integration evidence gaps › a stale PageFlip clone never becomes an interactive Passage or acquires authority","chromium","journal-ready-state","retired PlayerExperience presentation lifecycle","CURRENT_PRODUCT_CONTRACT","CURRENT_CONTRACT_MIGRATED","browser.animation-lifecycle","sl-test-008897b2e3d153a1d4c4","sl-test-626019576a85f114a398;sl-test-97d60e061f1e4312fd80","sl-semantic-6397cc3e16ba8176ec9c","tests/e2e/lanternwake-phase2.spec.ts","journal-ready-state","The current governed case protects the same observable product contract in its owned focused family.","Mapped by exact current identity or focused browser.animation-lifecycle contract ownership; no P34 container is selected.","Historical Playwright discovery at 073e09b1bc0ded5b0d595bf99f0db1b11aafb3b9; P34 remains archived, unselectable, and unexecuted.","Historical outcomes are archival evidence, not current release evidence."
"p34-5bac07eeb4fa5172e2ec","tests/e2e/lanternwake-phase2.spec.ts","798","Project Lanternwake Phase 2 required viewports › 2560x1440 keeps showcase, PageFlip fallback, and access controls readable without horizontal overflow","chromium","authentication-authorization","retired P34 broad browser container","CURRENT_PRODUCT_CONTRACT","CURRENT_CONTRACT_MIGRATED","browser.responsive","sl-test-321e488c7cf5b48f8b61","sl-test-5bac07eeb4fa5172e2ec;sl-test-ce7d5fc2655d4780f4bb","sl-semantic-346ebb117f2ff541df05","tests/e2e/lanternwake-phase2.spec.ts","authentication-authorization","The current governed case protects the same observable product contract in its owned focused family.","Mapped by exact current identity or focused browser.responsive contract ownership; no P34 container is selected.","Historical Playwright discovery at 073e09b1bc0ded5b0d595bf99f0db1b11aafb3b9; P34 remains archived, unselectable, and unexecuted.","Historical outcomes are archival evidence, not current release evidence."
"p34-7937315fc1625b13f19a","tests/e2e/lanternwake-phase2.spec.ts","798","Project Lanternwake Phase 2 required viewports › 1920x1080 keeps showcase, PageFlip fallback, and access controls readable without horizontal overflow","chromium","authentication-authorization","retired P34 broad browser container","CURRENT_PRODUCT_CONTRACT","CURRENT_CONTRACT_MIGRATED","browser.responsive","sl-test-386afea2ae69985a7d44","sl-test-7937315fc1625b13f19a;sl-test-d8fe64aa34b67c3b860a","sl-semantic-567b10494e9ca90dbf3c","tests/e2e/lanternwake-phase2.spec.ts","authentication-authorization","The current governed case protects the same observable product contract in its owned focused family.","Mapped by exact current identity or focused browser.responsive contract ownership; no P34 container is selected.","Historical Playwright discovery at 073e09b1bc0ded5b0d595bf99f0db1b11aafb3b9; P34 remains archived, unselectable, and unexecuted.","Historical outcomes are archival evidence, not current release evidence."
"p34-9d9469ed614fde985893","tests/e2e/lanternwake-phase2.spec.ts","798","Project Lanternwake Phase 2 required viewports › 1440x900 keeps showcase, PageFlip fallback, and access controls readable without horizontal overflow","chromium","authentication-authorization","retired P34 broad browser container","CURRENT_PRODUCT_CONTRACT","CURRENT_CONTRACT_MIGRATED","browser.responsive","sl-test-1476f39d27fba9db6104","sl-test-8b0763d35fa75e152405;sl-test-9d9469ed614fde985893","sl-semantic-3ac6ea230697df7865aa","tests/e2e/lanternwake-phase2.spec.ts","authentication-authorization","The current governed case protects the same observable product contract in its owned focused family.","Mapped by exact current identity or focused browser.responsive contract ownership; no P34 container is selected.","Historical Playwright discovery at 073e09b1bc0ded5b0d595bf99f0db1b11aafb3b9; P34 remains archived, unselectable, and unexecuted.","Historical outcomes are archival evidence, not current release evidence."
"p34-bf78655c69b3e01c178f","tests/e2e/lanternwake-phase2.spec.ts","798","Project Lanternwake Phase 2 required viewports › 430x932 keeps showcase, PageFlip fallback, and access controls readable without horizontal overflow","chromium","authentication-authorization","retired P34 broad browser container","CURRENT_PRODUCT_CONTRACT","CURRENT_CONTRACT_MIGRATED","browser.responsive","sl-test-4a76f9e7a95d67ddec42","sl-test-a8ec87d4e57247fad7ed;sl-test-bf78655c69b3e01c178f","sl-semantic-32e3b3bcdaf7f9910d36","tests/e2e/lanternwake-phase2.spec.ts","authentication-authorization","The current governed case protects the same observable product contract in its owned focused family.","Mapped by exact current identity or focused browser.responsive contract ownership; no P34 container is selected.","Historical Playwright discovery at 073e09b1bc0ded5b0d595bf99f0db1b11aafb3b9; P34 remains archived, unselectable, and unexecuted.","Historical outcomes are archival evidence, not current release evidence."
"p34-e41d21c7c24bdc397b15","tests/e2e/lanternwake-phase2.spec.ts","798","Project Lanternwake Phase 2 required viewports › 390x844 keeps showcase, PageFlip fallback, and access controls readable without horizontal overflow","chromium","authentication-authorization","retired P34 broad browser container","CURRENT_PRODUCT_CONTRACT","CURRENT_CONTRACT_MIGRATED","browser.responsive","sl-test-f8445bfa66b9b92fcf96","sl-test-8433b37d7c9082259a9b;sl-test-e41d21c7c24bdc397b15","sl-semantic-b67cd9801aa6cc562367","tests/e2e/lanternwake-phase2.spec.ts","authentication-authorization","The current governed case protects the same observable product contract in its owned focused family.","Mapped by exact current identity or focused browser.responsive contract ownership; no P34 container is selected.","Historical Playwright discovery at 073e09b1bc0ded5b0d595bf99f0db1b11aafb3b9; P34 remains archived, unselectable, and unexecuted.","Historical outcomes are archival evidence, not current release evidence."
"p34-8b7953be6a7ed41db19c","tests/e2e/lanternwake-phase2.spec.ts","798","Project Lanternwake Phase 2 required viewports › 844x390 keeps showcase, PageFlip fallback, and access controls readable without horizontal overflow","chromium","authentication-authorization","retired P34 broad browser container","CURRENT_PRODUCT_CONTRACT","CURRENT_CONTRACT_MIGRATED","browser.responsive","sl-test-1783be0cbb22dfbca7a8","sl-test-8b7953be6a7ed41db19c;sl-test-db16dbab9723a7dcbdbf","sl-semantic-5db3e2906420adc5afd7","tests/e2e/lanternwake-phase2.spec.ts","authentication-authorization","The current governed case protects the same observable product contract in its owned focused family.","Mapped by exact current identity or focused browser.responsive contract ownership; no P34 container is selected.","Historical Playwright discovery at 073e09b1bc0ded5b0d595bf99f0db1b11aafb3b9; P34 remains archived, unselectable, and unexecuted.","Historical outcomes are archival evidence, not current release evidence."
"p34-5c45c18c5914af813f7d","tests/e2e/lanternwake-phase4.spec.ts","9","Phase 4 gateway and authentication remain readable, responsive, and truthful in reduced motion","chromium","authentication-authorization","retired shared PlayerExperience access flow","CURRENT_PRODUCT_CONTRACT","CURRENT_CONTRACT_MIGRATED","browser.auth","sl-test-5c45c18c5914af813f7d","","sl-semantic-34cba9ed33cb31a784cc","tests/e2e/lanternwake-phase4.spec.ts","authentication-authorization","The current governed case protects the same observable product contract in its owned focused family.","Mapped by exact current identity or focused browser.auth contract ownership; no P34 container is selected.","Historical Playwright discovery at 073e09b1bc0ded5b0d595bf99f0db1b11aafb3b9; P34 remains archived, unselectable, and unexecuted.","Historical outcomes are archival evidence, not current release evidence."
"p34-f24d5b94dc494d9b84a3","tests/e2e/lanternwake-phase4.spec.ts","38","Phase 4 Studio More actions are keyboard-operated and stay inside the mobile viewport","chromium","authentication-authorization","retired shared PlayerExperience operator surface","CURRENT_PRODUCT_CONTRACT","CURRENT_CONTRACT_MIGRATED","browser.studio","sl-test-f24d5b94dc494d9b84a3","","sl-semantic-4660db51ad02a6a65899","tests/e2e/lanternwake-phase4.spec.ts","authentication-authorization","The current governed case protects the same observable product contract in its owned focused family.","Mapped by exact current identity or focused browser.studio contract ownership; no P34 container is selected.","Historical Playwright discovery at 073e09b1bc0ded5b0d595bf99f0db1b11aafb3b9; P34 remains archived, unselectable, and unexecuted.","Historical outcomes are archival evidence, not current release evidence."
"p34-12178f3cfd92f3588fc5","tests/e2e/phase3-accessibility-viewports.spec.ts","512","Project Lanternwake Phase 3 accessibility and six required viewports › 2560x1440 journal-first-opening is readable, reachable, and sound-independent","chromium","authentication-authorization","retired P34 broad browser container","CURRENT_PRODUCT_CONTRACT","CURRENT_CONTRACT_MIGRATED","browser.accessibility","sl-test-12178f3cfd92f3588fc5","","sl-semantic-1df9489cf0a62b272c41","tests/e2e/phase3-accessibility-viewports.spec.ts","authentication-authorization","The current governed case protects the same observable product contract in its owned focused family.","Mapped by exact current identity or focused browser.accessibility contract ownership; no P34 container is selected.","Historical Playwright discovery at 073e09b1bc0ded5b0d595bf99f0db1b11aafb3b9; P34 remains archived, unselectable, and unexecuted.","Historical outcomes are archival evidence, not current release evidence."
"p34-facdef455a69e3c021c3","tests/e2e/phase3-accessibility-viewports.spec.ts","512","Project Lanternwake Phase 3 accessibility and six required viewports › 2560x1440 journal-reentry is readable, reachable, and sound-independent","chromium","authentication-authorization","retired P34 broad browser container","CURRENT_PRODUCT_CONTRACT","CURRENT_CONTRACT_MIGRATED","browser.accessibility","sl-test-facdef455a69e3c021c3","","sl-semantic-9fb0c17a245a0ab43163","tests/e2e/phase3-accessibility-viewports.spec.ts","authentication-authorization","The current governed case protects the same observable product contract in its owned focused family.","Mapped by exact current identity or focused browser.accessibility contract ownership; no P34 container is selected.","Historical Playwright discovery at 073e09b1bc0ded5b0d595bf99f0db1b11aafb3b9; P34 remains archived, unselectable, and unexecuted.","Historical outcomes are archival evidence, not current release evidence."
"p34-6c5800fb98e94ce8e517","tests/e2e/phase3-accessibility-viewports.spec.ts","512","Project Lanternwake Phase 3 accessibility and six required viewports › 2560x1440 chapter-release is readable, reachable, and sound-independent","chromium","authentication-authorization","retired P34 broad browser container","CURRENT_PRODUCT_CONTRACT","CURRENT_CONTRACT_MIGRATED","browser.accessibility","sl-test-6c5800fb98e94ce8e517","","sl-semantic-92f0468c289d2a93022d","tests/e2e/phase3-accessibility-viewports.spec.ts","authentication-authorization","The current governed case protects the same observable product contract in its owned focused family.","Mapped by exact current identity or focused browser.accessibility contract ownership; no P34 container is selected.","Historical Playwright discovery at 073e09b1bc0ded5b0d595bf99f0db1b11aafb3b9; P34 remains archived, unselectable, and unexecuted.","Historical outcomes are archival evidence, not current release evidence."
"p34-09c1c0eb24aeaab536c6","tests/e2e/phase3-accessibility-viewports.spec.ts","512","Project Lanternwake Phase 3 accessibility and six required viewports › 2560x1440 map-location is readable, reachable, and sound-independent","chromium","authentication-authorization","retired P34 broad browser container","CURRENT_PRODUCT_CONTRACT","CURRENT_CONTRACT_MIGRATED","browser.accessibility","sl-test-09c1c0eb24aeaab536c6","","sl-semantic-e50f7a59314c590fcae2","tests/e2e/phase3-accessibility-viewports.spec.ts","authentication-authorization","The current governed case protects the same observable product contract in its owned focused family.","Mapped by exact current identity or focused browser.accessibility contract ownership; no P34 container is selected.","Historical Playwright discovery at 073e09b1bc0ded5b0d595bf99f0db1b11aafb3b9; P34 remains archived, unselectable, and unexecuted.","Historical outcomes are archival evidence, not current release evidence."
"p34-8f4373d293639abe96ff","tests/e2e/phase3-accessibility-viewports.spec.ts","512","Project Lanternwake Phase 3 accessibility and six required viewports › 2560x1440 route-reveal is readable, reachable, and sound-independent","chromium","authentication-authorization","retired P34 broad browser container","CURRENT_PRODUCT_CONTRACT","CURRENT_CONTRACT_MIGRATED","browser.accessibility","sl-test-8f4373d293639abe96ff","","sl-semantic-395a9e7c756ab8684e0a","tests/e2e/phase3-accessibility-viewports.spec.ts","authentication-authorization","The current governed case protects the same observable product contract in its owned focused family.","Mapped by exact current identity or focused browser.accessibility contract ownership; no P34 container is selected.","Historical Playwright discovery at 073e09b1bc0ded5b0d595bf99f0db1b11aafb3b9; P34 remains archived, unselectable, and unexecuted.","Historical outcomes are archival evidence, not current release evidence."
"p34-5a5ac040ea34dfd620ce","tests/e2e/phase3-accessibility-viewports.spec.ts","512","Project Lanternwake Phase 3 accessibility and six required viewports › 2560x1440 artifact-award is readable, reachable, and sound-independent","chromium","authentication-authorization","retired P34 broad browser container","CURRENT_PRODUCT_CONTRACT","CURRENT_CONTRACT_MIGRATED","browser.artifacts","sl-test-5a5ac040ea34dfd620ce","","sl-semantic-ff4c65bdac17055f2c1a","tests/e2e/phase3-accessibility-viewports.spec.ts","authentication-authorization","The current governed case protects the same observable product contract in its owned focused family.","Mapped by exact current identity or focused browser.artifacts contract ownership; no P34 container is selected.","Historical Playwright discovery at 073e09b1bc0ded5b0d595bf99f0db1b11aafb3b9; P34 remains archived, unselectable, and unexecuted.","Historical outcomes are archival evidence, not current release evidence."
"p34-528abcd1b8401aa4cf49","tests/e2e/phase3-accessibility-viewports.spec.ts","512","Project Lanternwake Phase 3 accessibility and six required viewports › 2560x1440 quest-discovery is readable, reachable, and sound-independent","chromium","authentication-authorization","retired P34 broad browser container","CURRENT_PRODUCT_CONTRACT","CURRENT_CONTRACT_MIGRATED","browser.accessibility","sl-test-528abcd1b8401aa4cf49","","sl-semantic-7b5017e95dff7bb67afb","tests/e2e/phase3-accessibility-viewports.spec.ts","authentication-authorization","The current governed case protects the same observable product contract in its owned focused family.","Mapped by exact current identity or focused browser.accessibility contract ownership; no P34 container is selected.","Historical Playwright discovery at 073e09b1bc0ded5b0d595bf99f0db1b11aafb3b9; P34 remains archived, unselectable, and unexecuted.","Historical outcomes are archival evidence, not current release evidence."
"p34-494cac4be9f78aebadc3","tests/e2e/phase3-accessibility-viewports.spec.ts","512","Project Lanternwake Phase 3 accessibility and six required viewports › 2560x1440 log-entry is readable, reachable, and sound-independent","chromium","authentication-authorization","retired P34 broad browser container","CURRENT_PRODUCT_CONTRACT","CURRENT_CONTRACT_MIGRATED","browser.accessibility","sl-test-494cac4be9f78aebadc3","","sl-semantic-70d0a099ef5cdc3468c6","tests/e2e/phase3-accessibility-viewports.spec.ts","authentication-authorization","The current governed case protects the same observable product contract in its owned focused family.","Mapped by exact current identity or focused browser.accessibility contract ownership; no P34 container is selected.","Historical Playwright discovery at 073e09b1bc0ded5b0d595bf99f0db1b11aafb3b9; P34 remains archived, unselectable, and unexecuted.","Historical outcomes are archival evidence, not current release evidence."
"p34-eea0e6b09052b848d5eb","tests/e2e/phase3-accessibility-viewports.spec.ts","512","Project Lanternwake Phase 3 accessibility and six required viewports › 2560x1440 finale-tease is readable, reachable, and sound-independent","chromium","authentication-authorization","retired P34 broad browser container","CURRENT_PRODUCT_CONTRACT","CURRENT_CONTRACT_MIGRATED","browser.accessibility","sl-test-eea0e6b09052b848d5eb","","sl-semantic-a020ee37b8731992b0cd","tests/e2e/phase3-accessibility-viewports.spec.ts","authentication-authorization","The current governed case protects the same observable product contract in its owned focused family.","Mapped by exact current identity or focused browser.accessibility contract ownership; no P34 container is selected.","Historical Playwright discovery at 073e09b1bc0ded5b0d595bf99f0db1b11aafb3b9; P34 remains archived, unselectable, and unexecuted.","Historical outcomes are archival evidence, not current release evidence."
"p34-08f3662f6ce352341e92","tests/e2e/phase3-accessibility-viewports.spec.ts","512","Project Lanternwake Phase 3 accessibility and six required viewports › 2560x1440 pause is readable, reachable, and sound-independent","chromium","authentication-authorization","retired P34 broad browser container","CURRENT_PRODUCT_CONTRACT","CURRENT_CONTRACT_MIGRATED","browser.accessibility","sl-test-08f3662f6ce352341e92","","sl-semantic-7315ef20eb9b445acb43","tests/e2e/phase3-accessibility-viewports.spec.ts","authentication-authorization","The current governed case protects the same observable product contract in its owned focused family.","Mapped by exact current identity or focused browser.accessibility contract ownership; no P34 container is selected.","Historical Playwright discovery at 073e09b1bc0ded5b0d595bf99f0db1b11aafb3b9; P34 remains archived, unselectable, and unexecuted.","Historical outcomes are archival evidence, not current release evidence."
"p34-8ea3b35c2627a09ef8ff","tests/e2e/phase3-accessibility-viewports.spec.ts","512","Project Lanternwake Phase 3 accessibility and six required viewports › 2560x1440 replay is readable, reachable, and sound-independent","chromium","authentication-authorization","retired P34 broad browser container","CURRENT_PRODUCT_CONTRACT","CURRENT_CONTRACT_MIGRATED","browser.accessibility","sl-test-8ea3b35c2627a09ef8ff","","sl-semantic-ed3c86ced5c2d79d285b","tests/e2e/phase3-accessibility-viewports.spec.ts","authentication-authorization","The current governed case protects the same observable product contract in its owned focused family.","Mapped by exact current identity or focused browser.accessibility contract ownership; no P34 container is selected.","Historical Playwright discovery at 073e09b1bc0ded5b0d595bf99f0db1b11aafb3b9; P34 remains archived, unselectable, and unexecuted.","Historical outcomes are archival evidence, not current release evidence."
"p34-2e1aac8ac4bb8fe098ca","tests/e2e/phase3-accessibility-viewports.spec.ts","512","Project Lanternwake Phase 3 accessibility and six required viewports › 2560x1440 fallback is readable, reachable, and sound-independent","chromium","authentication-authorization","retired P34 broad browser container","CURRENT_PRODUCT_CONTRACT","CURRENT_CONTRACT_MIGRATED","browser.accessibility","sl-test-2e1aac8ac4bb8fe098ca","","sl-semantic-6ed9798b6d320fec2c40","tests/e2e/phase3-accessibility-viewports.spec.ts","authentication-authorization","The current governed case protects the same observable product contract in its owned focused family.","Mapped by exact current identity or focused browser.accessibility contract ownership; no P34 container is selected.","Historical Playwright discovery at 073e09b1bc0ded5b0d595bf99f0db1b11aafb3b9; P34 remains archived, unselectable, and unexecuted.","Historical outcomes are archival evidence, not current release evidence."
"p34-110fd5d25ecfb168da58","tests/e2e/phase3-accessibility-viewports.spec.ts","512","Project Lanternwake Phase 3 accessibility and six required viewports › 2560x1440 interrupted-scene is readable, reachable, and sound-independent","chromium","authentication-authorization","retired P34 broad browser container","CURRENT_PRODUCT_CONTRACT","CURRENT_CONTRACT_MIGRATED","browser.accessibility","sl-test-110fd5d25ecfb168da58","","sl-semantic-359ec6f61c2fba2c4622","tests/e2e/phase3-accessibility-viewports.spec.ts","authentication-authorization","The current governed case protects the same observable product contract in its owned focused family.","Mapped by exact current identity or focused browser.accessibility contract ownership; no P34 container is selected.","Historical Playwright discovery at 073e09b1bc0ded5b0d595bf99f0db1b11aafb3b9; P34 remains archived, unselectable, and unexecuted.","Historical outcomes are archival evidence, not current release evidence."
"p34-c5d9fb106b7df1fb8497","tests/e2e/phase3-accessibility-viewports.spec.ts","512","Project Lanternwake Phase 3 accessibility and six required viewports › 1920x1080 journal-first-opening is readable, reachable, and sound-independent","chromium","authentication-authorization","retired P34 broad browser container","CURRENT_PRODUCT_CONTRACT","CURRENT_CONTRACT_MIGRATED","browser.accessibility","sl-test-c5d9fb106b7df1fb8497","","sl-semantic-6917f1438cf9ef17bd9c","tests/e2e/phase3-accessibility-viewports.spec.ts","authentication-authorization","The current governed case protects the same observable product contract in its owned focused family.","Mapped by exact current identity or focused browser.accessibility contract ownership; no P34 container is selected.","Historical Playwright discovery at 073e09b1bc0ded5b0d595bf99f0db1b11aafb3b9; P34 remains archived, unselectable, and unexecuted.","Historical outcomes are archival evidence, not current release evidence."
"p34-bf0f2e453be7e0c3767d","tests/e2e/phase3-accessibility-viewports.spec.ts","512","Project Lanternwake Phase 3 accessibility and six required viewports › 1920x1080 journal-reentry is readable, reachable, and sound-independent","chromium","authentication-authorization","retired P34 broad browser container","CURRENT_PRODUCT_CONTRACT","CURRENT_CONTRACT_MIGRATED","browser.accessibility","sl-test-bf0f2e453be7e0c3767d","","sl-semantic-e81ca58fe9a9a7830434","tests/e2e/phase3-accessibility-viewports.spec.ts","authentication-authorization","The current governed case protects the same observable product contract in its owned focused family.","Mapped by exact current identity or focused browser.accessibility contract ownership; no P34 container is selected.","Historical Playwright discovery at 073e09b1bc0ded5b0d595bf99f0db1b11aafb3b9; P34 remains archived, unselectable, and unexecuted.","Historical outcomes are archival evidence, not current release evidence."
"p34-56d17b8adae775d5826a","tests/e2e/phase3-accessibility-viewports.spec.ts","512","Project Lanternwake Phase 3 accessibility and six required viewports › 1920x1080 chapter-release is readable, reachable, and sound-independent","chromium","authentication-authorization","retired P34 broad browser container","CURRENT_PRODUCT_CONTRACT","CURRENT_CONTRACT_MIGRATED","browser.accessibility","sl-test-56d17b8adae775d5826a","","sl-semantic-b5661cc48471a6d75e15","tests/e2e/phase3-accessibility-viewports.spec.ts","authentication-authorization","The current governed case protects the same observable product contract in its owned focused family.","Mapped by exact current identity or focused browser.accessibility contract ownership; no P34 container is selected.","Historical Playwright discovery at 073e09b1bc0ded5b0d595bf99f0db1b11aafb3b9; P34 remains archived, unselectable, and unexecuted.","Historical outcomes are archival evidence, not current release evidence."
"p34-0ca1e78b44b129f3ae46","tests/e2e/phase3-accessibility-viewports.spec.ts","512","Project Lanternwake Phase 3 accessibility and six required viewports › 1920x1080 map-location is readable, reachable, and sound-independent","chromium","authentication-authorization","retired P34 broad browser container","CURRENT_PRODUCT_CONTRACT","CURRENT_CONTRACT_MIGRATED","browser.accessibility","sl-test-0ca1e78b44b129f3ae46","","sl-semantic-637fa046160a717c7595","tests/e2e/phase3-accessibility-viewports.spec.ts","authentication-authorization","The current governed case protects the same observable product contract in its owned focused family.","Mapped by exact current identity or focused browser.accessibility contract ownership; no P34 container is selected.","Historical Playwright discovery at 073e09b1bc0ded5b0d595bf99f0db1b11aafb3b9; P34 remains archived, unselectable, and unexecuted.","Historical outcomes are archival evidence, not current release evidence."
"p34-095005ee76853f7c1cb6","tests/e2e/phase3-accessibility-viewports.spec.ts","512","Project Lanternwake Phase 3 accessibility and six required viewports › 1920x1080 route-reveal is readable, reachable, and sound-independent","chromium","authentication-authorization","retired P34 broad browser container","CURRENT_PRODUCT_CONTRACT","CURRENT_CONTRACT_MIGRATED","browser.accessibility","sl-test-095005ee76853f7c1cb6","","sl-semantic-f5d895f7fca9761a98ae","tests/e2e/phase3-accessibility-viewports.spec.ts","authentication-authorization","The current governed case protects the same observable product contract in its owned focused family.","Mapped by exact current identity or focused browser.accessibility contract ownership; no P34 container is selected.","Historical Playwright discovery at 073e09b1bc0ded5b0d595bf99f0db1b11aafb3b9; P34 remains archived, unselectable, and unexecuted.","Historical outcomes are archival evidence, not current release evidence."
"p34-81e407d5560f731b8ade","tests/e2e/phase3-accessibility-viewports.spec.ts","512","Project Lanternwake Phase 3 accessibility and six required viewports › 1920x1080 artifact-award is readable, reachable, and sound-independent","chromium","authentication-authorization","retired P34 broad browser container","CURRENT_PRODUCT_CONTRACT","CURRENT_CONTRACT_MIGRATED","browser.artifacts","sl-test-81e407d5560f731b8ade","","sl-semantic-69703b2cc447dc79e31d","tests/e2e/phase3-accessibility-viewports.spec.ts","authentication-authorization","The current governed case protects the same observable product contract in its owned focused family.","Mapped by exact current identity or focused browser.artifacts contract ownership; no P34 container is selected.","Historical Playwright discovery at 073e09b1bc0ded5b0d595bf99f0db1b11aafb3b9; P34 remains archived, unselectable, and unexecuted.","Historical outcomes are archival evidence, not current release evidence."
"p34-dce2aba00410505e9234","tests/e2e/phase3-accessibility-viewports.spec.ts","512","Project Lanternwake Phase 3 accessibility and six required viewports › 1920x1080 quest-discovery is readable, reachable, and sound-independent","chromium","authentication-authorization","retired P34 broad browser container","CURRENT_PRODUCT_CONTRACT","CURRENT_CONTRACT_MIGRATED","browser.accessibility","sl-test-dce2aba00410505e9234","","sl-semantic-02e4138b4cca527c4b9d","tests/e2e/phase3-accessibility-viewports.spec.ts","authentication-authorization","The current governed case protects the same observable product contract in its owned focused family.","Mapped by exact current identity or focused browser.accessibility contract ownership; no P34 container is selected.","Historical Playwright discovery at 073e09b1bc0ded5b0d595bf99f0db1b11aafb3b9; P34 remains archived, unselectable, and unexecuted.","Historical outcomes are archival evidence, not current release evidence."
"p34-79e8c5fb9a2010d7c639","tests/e2e/phase3-accessibility-viewports.spec.ts","512","Project Lanternwake Phase 3 accessibility and six required viewports › 1920x1080 log-entry is readable, reachable, and sound-independent","chromium","authentication-authorization","retired P34 broad browser container","CURRENT_PRODUCT_CONTRACT","CURRENT_CONTRACT_MIGRATED","browser.accessibility","sl-test-79e8c5fb9a2010d7c639","","sl-semantic-711938478fe519bc6637","tests/e2e/phase3-accessibility-viewports.spec.ts","authentication-authorization","The current governed case protects the same observable product contract in its owned focused family.","Mapped by exact current identity or focused browser.accessibility contract ownership; no P34 container is selected.","Historical Playwright discovery at 073e09b1bc0ded5b0d595bf99f0db1b11aafb3b9; P34 remains archived, unselectable, and unexecuted.","Historical outcomes are archival evidence, not current release evidence."
"p34-b7faa9bc42e5cb23d7d5","tests/e2e/phase3-accessibility-viewports.spec.ts","512","Project Lanternwake Phase 3 accessibility and six required viewports › 1920x1080 finale-tease is readable, reachable, and sound-independent","chromium","authentication-authorization","retired P34 broad browser container","CURRENT_PRODUCT_CONTRACT","CURRENT_CONTRACT_MIGRATED","browser.accessibility","sl-test-b7faa9bc42e5cb23d7d5","","sl-semantic-80f0ff1f3d0d56186bb1","tests/e2e/phase3-accessibility-viewports.spec.ts","authentication-authorization","The current governed case protects the same observable product contract in its owned focused family.","Mapped by exact current identity or focused browser.accessibility contract ownership; no P34 container is selected.","Historical Playwright discovery at 073e09b1bc0ded5b0d595bf99f0db1b11aafb3b9; P34 remains archived, unselectable, and unexecuted.","Historical outcomes are archival evidence, not current release evidence."
"p34-ca64ec2c4293dc8a7c4f","tests/e2e/phase3-accessibility-viewports.spec.ts","512","Project Lanternwake Phase 3 accessibility and six required viewports › 1920x1080 pause is readable, reachable, and sound-independent","chromium","authentication-authorization","retired P34 broad browser container","CURRENT_PRODUCT_CONTRACT","CURRENT_CONTRACT_MIGRATED","browser.accessibility","sl-test-ca64ec2c4293dc8a7c4f","","sl-semantic-cc2bee50cef8e83b76ab","tests/e2e/phase3-accessibility-viewports.spec.ts","authentication-authorization","The current governed case protects the same observable product contract in its owned focused family.","Mapped by exact current identity or focused browser.accessibility contract ownership; no P34 container is selected.","Historical Playwright discovery at 073e09b1bc0ded5b0d595bf99f0db1b11aafb3b9; P34 remains archived, unselectable, and unexecuted.","Historical outcomes are archival evidence, not current release evidence."
"p34-53c06d2adce3947207e0","tests/e2e/phase3-accessibility-viewports.spec.ts","512","Project Lanternwake Phase 3 accessibility and six required viewports › 1920x1080 replay is readable, reachable, and sound-independent","chromium","authentication-authorization","retired P34 broad browser container","CURRENT_PRODUCT_CONTRACT","CURRENT_CONTRACT_MIGRATED","browser.accessibility","sl-test-53c06d2adce3947207e0","","sl-semantic-b34a9df16f146a6a4380","tests/e2e/phase3-accessibility-viewports.spec.ts","authentication-authorization","The current governed case protects the same observable product contract in its owned focused family.","Mapped by exact current identity or focused browser.accessibility contract ownership; no P34 container is selected.","Historical Playwright discovery at 073e09b1bc0ded5b0d595bf99f0db1b11aafb3b9; P34 remains archived, unselectable, and unexecuted.","Historical outcomes are archival evidence, not current release evidence."
"p34-3061470dcb280b4988d4","tests/e2e/phase3-accessibility-viewports.spec.ts","512","Project Lanternwake Phase 3 accessibility and six required viewports › 1920x1080 fallback is readable, reachable, and sound-independent","chromium","authentication-authorization","retired P34 broad browser container","CURRENT_PRODUCT_CONTRACT","CURRENT_CONTRACT_MIGRATED","browser.accessibility","sl-test-3061470dcb280b4988d4","","sl-semantic-1b6442534dacf04d9d4a","tests/e2e/phase3-accessibility-viewports.spec.ts","authentication-authorization","The current governed case protects the same observable product contract in its owned focused family.","Mapped by exact current identity or focused browser.accessibility contract ownership; no P34 container is selected.","Historical Playwright discovery at 073e09b1bc0ded5b0d595bf99f0db1b11aafb3b9; P34 remains archived, unselectable, and unexecuted.","Historical outcomes are archival evidence, not current release evidence."
"p34-24cd0d9eeac10bd81962","tests/e2e/phase3-accessibility-viewports.spec.ts","512","Project Lanternwake Phase 3 accessibility and six required viewports › 1920x1080 interrupted-scene is readable, reachable, and sound-independent","chromium","authentication-authorization","retired P34 broad browser container","CURRENT_PRODUCT_CONTRACT","CURRENT_CONTRACT_MIGRATED","browser.accessibility","sl-test-24cd0d9eeac10bd81962","","sl-semantic-7d38206c1e7b54688b85","tests/e2e/phase3-accessibility-viewports.spec.ts","authentication-authorization","The current governed case protects the same observable product contract in its owned focused family.","Mapped by exact current identity or focused browser.accessibility contract ownership; no P34 container is selected.","Historical Playwright discovery at 073e09b1bc0ded5b0d595bf99f0db1b11aafb3b9; P34 remains archived, unselectable, and unexecuted.","Historical outcomes are archival evidence, not current release evidence."
"p34-11ee085cd4b8f566e371","tests/e2e/phase3-accessibility-viewports.spec.ts","512","Project Lanternwake Phase 3 accessibility and six required viewports › 1440x900 journal-first-opening is readable, reachable, and sound-independent","chromium","authentication-authorization","retired P34 broad browser container","CURRENT_PRODUCT_CONTRACT","CURRENT_CONTRACT_MIGRATED","browser.accessibility","sl-test-11ee085cd4b8f566e371","","sl-semantic-8bf223c567546320cdc2","tests/e2e/phase3-accessibility-viewports.spec.ts","authentication-authorization","The current governed case protects the same observable product contract in its owned focused family.","Mapped by exact current identity or focused browser.accessibility contract ownership; no P34 container is selected.","Historical Playwright discovery at 073e09b1bc0ded5b0d595bf99f0db1b11aafb3b9; P34 remains archived, unselectable, and unexecuted.","Historical outcomes are archival evidence, not current release evidence."
"p34-a5277b5c38a80e1b2dbe","tests/e2e/phase3-accessibility-viewports.spec.ts","512","Project Lanternwake Phase 3 accessibility and six required viewports › 1440x900 journal-reentry is readable, reachable, and sound-independent","chromium","authentication-authorization","retired P34 broad browser container","CURRENT_PRODUCT_CONTRACT","CURRENT_CONTRACT_MIGRATED","browser.accessibility","sl-test-a5277b5c38a80e1b2dbe","","sl-semantic-6cd8719e7f7a283b448f","tests/e2e/phase3-accessibility-viewports.spec.ts","authentication-authorization","The current governed case protects the same observable product contract in its owned focused family.","Mapped by exact current identity or focused browser.accessibility contract ownership; no P34 container is selected.","Historical Playwright discovery at 073e09b1bc0ded5b0d595bf99f0db1b11aafb3b9; P34 remains archived, unselectable, and unexecuted.","Historical outcomes are archival evidence, not current release evidence."
"p34-41427821ccaaf5da7d99","tests/e2e/phase3-accessibility-viewports.spec.ts","512","Project Lanternwake Phase 3 accessibility and six required viewports › 1440x900 chapter-release is readable, reachable, and sound-independent","chromium","authentication-authorization","retired P34 broad browser container","CURRENT_PRODUCT_CONTRACT","CURRENT_CONTRACT_MIGRATED","browser.accessibility","sl-test-41427821ccaaf5da7d99","","sl-semantic-ead7f981282e70ba65c0","tests/e2e/phase3-accessibility-viewports.spec.ts","authentication-authorization","The current governed case protects the same observable product contract in its owned focused family.","Mapped by exact current identity or focused browser.accessibility contract ownership; no P34 container is selected.","Historical Playwright discovery at 073e09b1bc0ded5b0d595bf99f0db1b11aafb3b9; P34 remains archived, unselectable, and unexecuted.","Historical outcomes are archival evidence, not current release evidence."
"p34-769f2d173a9e2ff3660a","tests/e2e/phase3-accessibility-viewports.spec.ts","512","Project Lanternwake Phase 3 accessibility and six required viewports › 1440x900 map-location is readable, reachable, and sound-independent","chromium","authentication-authorization","retired P34 broad browser container","CURRENT_PRODUCT_CONTRACT","CURRENT_CONTRACT_MIGRATED","browser.accessibility","sl-test-769f2d173a9e2ff3660a","","sl-semantic-b81af3dd6b14d24972c4","tests/e2e/phase3-accessibility-viewports.spec.ts","authentication-authorization","The current governed case protects the same observable product contract in its owned focused family.","Mapped by exact current identity or focused browser.accessibility contract ownership; no P34 container is selected.","Historical Playwright discovery at 073e09b1bc0ded5b0d595bf99f0db1b11aafb3b9; P34 remains archived, unselectable, and unexecuted.","Historical outcomes are archival evidence, not current release evidence."
"p34-c153411c9b3d35a20fe0","tests/e2e/phase3-accessibility-viewports.spec.ts","512","Project Lanternwake Phase 3 accessibility and six required viewports › 1440x900 route-reveal is readable, reachable, and sound-independent","chromium","authentication-authorization","retired P34 broad browser container","CURRENT_PRODUCT_CONTRACT","CURRENT_CONTRACT_MIGRATED","browser.accessibility","sl-test-c153411c9b3d35a20fe0","","sl-semantic-fb953912c9e626c57c33","tests/e2e/phase3-accessibility-viewports.spec.ts","authentication-authorization","The current governed case protects the same observable product contract in its owned focused family.","Mapped by exact current identity or focused browser.accessibility contract ownership; no P34 container is selected.","Historical Playwright discovery at 073e09b1bc0ded5b0d595bf99f0db1b11aafb3b9; P34 remains archived, unselectable, and unexecuted.","Historical outcomes are archival evidence, not current release evidence."
"p34-91f5712a7dd82c079f90","tests/e2e/phase3-accessibility-viewports.spec.ts","512","Project Lanternwake Phase 3 accessibility and six required viewports › 1440x900 artifact-award is readable, reachable, and sound-independent","chromium","authentication-authorization","retired P34 broad browser container","CURRENT_PRODUCT_CONTRACT","CURRENT_CONTRACT_MIGRATED","browser.artifacts","sl-test-91f5712a7dd82c079f90","","sl-semantic-a2162cbd20fabff875a0","tests/e2e/phase3-accessibility-viewports.spec.ts","authentication-authorization","The current governed case protects the same observable product contract in its owned focused family.","Mapped by exact current identity or focused browser.artifacts contract ownership; no P34 container is selected.","Historical Playwright discovery at 073e09b1bc0ded5b0d595bf99f0db1b11aafb3b9; P34 remains archived, unselectable, and unexecuted.","Historical outcomes are archival evidence, not current release evidence."
"p34-b2d2bcd2c43b5004c146","tests/e2e/phase3-accessibility-viewports.spec.ts","512","Project Lanternwake Phase 3 accessibility and six required viewports › 1440x900 quest-discovery is readable, reachable, and sound-independent","chromium","authentication-authorization","retired P34 broad browser container","CURRENT_PRODUCT_CONTRACT","CURRENT_CONTRACT_MIGRATED","browser.accessibility","sl-test-b2d2bcd2c43b5004c146","","sl-semantic-d9b7e6b3dfa35c8d0184","tests/e2e/phase3-accessibility-viewports.spec.ts","authentication-authorization","The current governed case protects the same observable product contract in its owned focused family.","Mapped by exact current identity or focused browser.accessibility contract ownership; no P34 container is selected.","Historical Playwright discovery at 073e09b1bc0ded5b0d595bf99f0db1b11aafb3b9; P34 remains archived, unselectable, and unexecuted.","Historical outcomes are archival evidence, not current release evidence."
"p34-ee9c6c9d905c570dbad7","tests/e2e/phase3-accessibility-viewports.spec.ts","512","Project Lanternwake Phase 3 accessibility and six required viewports › 1440x900 log-entry is readable, reachable, and sound-independent","chromium","authentication-authorization","retired P34 broad browser container","CURRENT_PRODUCT_CONTRACT","CURRENT_CONTRACT_MIGRATED","browser.accessibility","sl-test-ee9c6c9d905c570dbad7","","sl-semantic-4e11e29b23733001246c","tests/e2e/phase3-accessibility-viewports.spec.ts","authentication-authorization","The current governed case protects the same observable product contract in its owned focused family.","Mapped by exact current identity or focused browser.accessibility contract ownership; no P34 container is selected.","Historical Playwright discovery at 073e09b1bc0ded5b0d595bf99f0db1b11aafb3b9; P34 remains archived, unselectable, and unexecuted.","Historical outcomes are archival evidence, not current release evidence."
"p34-29da235435a4c5e153ba","tests/e2e/phase3-accessibility-viewports.spec.ts","512","Project Lanternwake Phase 3 accessibility and six required viewports › 1440x900 finale-tease is readable, reachable, and sound-independent","chromium","authentication-authorization","retired P34 broad browser container","CURRENT_PRODUCT_CONTRACT","CURRENT_CONTRACT_MIGRATED","browser.accessibility","sl-test-29da235435a4c5e153ba","","sl-semantic-878854993212eb0112eb","tests/e2e/phase3-accessibility-viewports.spec.ts","authentication-authorization","The current governed case protects the same observable product contract in its owned focused family.","Mapped by exact current identity or focused browser.accessibility contract ownership; no P34 container is selected.","Historical Playwright discovery at 073e09b1bc0ded5b0d595bf99f0db1b11aafb3b9; P34 remains archived, unselectable, and unexecuted.","Historical outcomes are archival evidence, not current release evidence."
"p34-2d4c1900d5685ab815e8","tests/e2e/phase3-accessibility-viewports.spec.ts","512","Project Lanternwake Phase 3 accessibility and six required viewports › 1440x900 pause is readable, reachable, and sound-independent","chromium","authentication-authorization","retired P34 broad browser container","CURRENT_PRODUCT_CONTRACT","CURRENT_CONTRACT_MIGRATED","browser.accessibility","sl-test-2d4c1900d5685ab815e8","","sl-semantic-9c194da5dbaf12b8cbac","tests/e2e/phase3-accessibility-viewports.spec.ts","authentication-authorization","The current governed case protects the same observable product contract in its owned focused family.","Mapped by exact current identity or focused browser.accessibility contract ownership; no P34 container is selected.","Historical Playwright discovery at 073e09b1bc0ded5b0d595bf99f0db1b11aafb3b9; P34 remains archived, unselectable, and unexecuted.","Historical outcomes are archival evidence, not current release evidence."
"p34-0fba3a3971f7acae4c13","tests/e2e/phase3-accessibility-viewports.spec.ts","512","Project Lanternwake Phase 3 accessibility and six required viewports › 1440x900 replay is readable, reachable, and sound-independent","chromium","authentication-authorization","retired P34 broad browser container","CURRENT_PRODUCT_CONTRACT","CURRENT_CONTRACT_MIGRATED","browser.accessibility","sl-test-0fba3a3971f7acae4c13","","sl-semantic-c816d89b9e3c327fe699","tests/e2e/phase3-accessibility-viewports.spec.ts","authentication-authorization","The current governed case protects the same observable product contract in its owned focused family.","Mapped by exact current identity or focused browser.accessibility contract ownership; no P34 container is selected.","Historical Playwright discovery at 073e09b1bc0ded5b0d595bf99f0db1b11aafb3b9; P34 remains archived, unselectable, and unexecuted.","Historical outcomes are archival evidence, not current release evidence."
"p34-1f3bde4fa6b8ff5166d2","tests/e2e/phase3-accessibility-viewports.spec.ts","512","Project Lanternwake Phase 3 accessibility and six required viewports › 1440x900 fallback is readable, reachable, and sound-independent","chromium","authentication-authorization","retired P34 broad browser container","CURRENT_PRODUCT_CONTRACT","CURRENT_CONTRACT_MIGRATED","browser.accessibility","sl-test-1f3bde4fa6b8ff5166d2","","sl-semantic-41959d8a692b49248587","tests/e2e/phase3-accessibility-viewports.spec.ts","authentication-authorization","The current governed case protects the same observable product contract in its owned focused family.","Mapped by exact current identity or focused browser.accessibility contract ownership; no P34 container is selected.","Historical Playwright discovery at 073e09b1bc0ded5b0d595bf99f0db1b11aafb3b9; P34 remains archived, unselectable, and unexecuted.","Historical outcomes are archival evidence, not current release evidence."
"p34-ccffbf2be934cbe54b6b","tests/e2e/phase3-accessibility-viewports.spec.ts","512","Project Lanternwake Phase 3 accessibility and six required viewports › 1440x900 interrupted-scene is readable, reachable, and sound-independent","chromium","authentication-authorization","retired P34 broad browser container","CURRENT_PRODUCT_CONTRACT","CURRENT_CONTRACT_MIGRATED","browser.accessibility","sl-test-ccffbf2be934cbe54b6b","","sl-semantic-15331ab091998d7a9a82","tests/e2e/phase3-accessibility-viewports.spec.ts","authentication-authorization","The current governed case protects the same observable product contract in its owned focused family.","Mapped by exact current identity or focused browser.accessibility contract ownership; no P34 container is selected.","Historical Playwright discovery at 073e09b1bc0ded5b0d595bf99f0db1b11aafb3b9; P34 remains archived, unselectable, and unexecuted.","Historical outcomes are archival evidence, not current release evidence."
"p34-1d57fdba35e17afa65f3","tests/e2e/phase3-accessibility-viewports.spec.ts","512","Project Lanternwake Phase 3 accessibility and six required viewports › 430x932 journal-first-opening is readable, reachable, and sound-independent","chromium","authentication-authorization","retired P34 broad browser container","CURRENT_PRODUCT_CONTRACT","CURRENT_CONTRACT_MIGRATED","browser.accessibility","sl-test-1d57fdba35e17afa65f3","","sl-semantic-2653a4c111e7e930f8b6","tests/e2e/phase3-accessibility-viewports.spec.ts","authentication-authorization","The current governed case protects the same observable product contract in its owned focused family.","Mapped by exact current identity or focused browser.accessibility contract ownership; no P34 container is selected.","Historical Playwright discovery at 073e09b1bc0ded5b0d595bf99f0db1b11aafb3b9; P34 remains archived, unselectable, and unexecuted.","Historical outcomes are archival evidence, not current release evidence."
"p34-a5031247700541b9ac24","tests/e2e/phase3-accessibility-viewports.spec.ts","512","Project Lanternwake Phase 3 accessibility and six required viewports › 430x932 journal-reentry is readable, reachable, and sound-independent","chromium","authentication-authorization","retired P34 broad browser container","CURRENT_PRODUCT_CONTRACT","CURRENT_CONTRACT_MIGRATED","browser.accessibility","sl-test-a5031247700541b9ac24","","sl-semantic-b0012cbf3d5b86bb6e26","tests/e2e/phase3-accessibility-viewports.spec.ts","authentication-authorization","The current governed case protects the same observable product contract in its owned focused family.","Mapped by exact current identity or focused browser.accessibility contract ownership; no P34 container is selected.","Historical Playwright discovery at 073e09b1bc0ded5b0d595bf99f0db1b11aafb3b9; P34 remains archived, unselectable, and unexecuted.","Historical outcomes are archival evidence, not current release evidence."
"p34-4164bc4d39c173a742a7","tests/e2e/phase3-accessibility-viewports.spec.ts","512","Project Lanternwake Phase 3 accessibility and six required viewports › 430x932 chapter-release is readable, reachable, and sound-independent","chromium","authentication-authorization","retired P34 broad browser container","CURRENT_PRODUCT_CONTRACT","CURRENT_CONTRACT_MIGRATED","browser.accessibility","sl-test-4164bc4d39c173a742a7","","sl-semantic-d38872deb0e65c0f31f1","tests/e2e/phase3-accessibility-viewports.spec.ts","authentication-authorization","The current governed case protects the same observable product contract in its owned focused family.","Mapped by exact current identity or focused browser.accessibility contract ownership; no P34 container is selected.","Historical Playwright discovery at 073e09b1bc0ded5b0d595bf99f0db1b11aafb3b9; P34 remains archived, unselectable, and unexecuted.","Historical outcomes are archival evidence, not current release evidence."
"p34-ac240a27b475f1cfd558","tests/e2e/phase3-accessibility-viewports.spec.ts","512","Project Lanternwake Phase 3 accessibility and six required viewports › 430x932 map-location is readable, reachable, and sound-independent","chromium","authentication-authorization","retired P34 broad browser container","CURRENT_PRODUCT_CONTRACT","CURRENT_CONTRACT_MIGRATED","browser.accessibility","sl-test-ac240a27b475f1cfd558","","sl-semantic-1328872b614382e440ff","tests/e2e/phase3-accessibility-viewports.spec.ts","authentication-authorization","The current governed case protects the same observable product contract in its owned focused family.","Mapped by exact current identity or focused browser.accessibility contract ownership; no P34 container is selected.","Historical Playwright discovery at 073e09b1bc0ded5b0d595bf99f0db1b11aafb3b9; P34 remains archived, unselectable, and unexecuted.","Historical outcomes are archival evidence, not current release evidence."
"p34-923d7ccc5c6ca965e17b","tests/e2e/phase3-accessibility-viewports.spec.ts","512","Project Lanternwake Phase 3 accessibility and six required viewports › 430x932 route-reveal is readable, reachable, and sound-independent","chromium","authentication-authorization","retired P34 broad browser container","CURRENT_PRODUCT_CONTRACT","CURRENT_CONTRACT_MIGRATED","browser.accessibility","sl-test-923d7ccc5c6ca965e17b","","sl-semantic-467d6c352bac087beb33","tests/e2e/phase3-accessibility-viewports.spec.ts","authentication-authorization","The current governed case protects the same observable product contract in its owned focused family.","Mapped by exact current identity or focused browser.accessibility contract ownership; no P34 container is selected.","Historical Playwright discovery at 073e09b1bc0ded5b0d595bf99f0db1b11aafb3b9; P34 remains archived, unselectable, and unexecuted.","Historical outcomes are archival evidence, not current release evidence."
"p34-15cfcc6bd6036d8eb5c8","tests/e2e/phase3-accessibility-viewports.spec.ts","512","Project Lanternwake Phase 3 accessibility and six required viewports › 430x932 artifact-award is readable, reachable, and sound-independent","chromium","authentication-authorization","retired P34 broad browser container","CURRENT_PRODUCT_CONTRACT","CURRENT_CONTRACT_MIGRATED","browser.artifacts","sl-test-15cfcc6bd6036d8eb5c8","","sl-semantic-3b1d73a86e76a1b60ce8","tests/e2e/phase3-accessibility-viewports.spec.ts","authentication-authorization","The current governed case protects the same observable product contract in its owned focused family.","Mapped by exact current identity or focused browser.artifacts contract ownership; no P34 container is selected.","Historical Playwright discovery at 073e09b1bc0ded5b0d595bf99f0db1b11aafb3b9; P34 remains archived, unselectable, and unexecuted.","Historical outcomes are archival evidence, not current release evidence."
"p34-e4e8d2df64a6110c4786","tests/e2e/phase3-accessibility-viewports.spec.ts","512","Project Lanternwake Phase 3 accessibility and six required viewports › 430x932 quest-discovery is readable, reachable, and sound-independent","chromium","authentication-authorization","retired P34 broad browser container","CURRENT_PRODUCT_CONTRACT","CURRENT_CONTRACT_MIGRATED","browser.accessibility","sl-test-e4e8d2df64a6110c4786","","sl-semantic-81cada9cfa12266dcb8f","tests/e2e/phase3-accessibility-viewports.spec.ts","authentication-authorization","The current governed case protects the same observable product contract in its owned focused family.","Mapped by exact current identity or focused browser.accessibility contract ownership; no P34 container is selected.","Historical Playwright discovery at 073e09b1bc0ded5b0d595bf99f0db1b11aafb3b9; P34 remains archived, unselectable, and unexecuted.","Historical outcomes are archival evidence, not current release evidence."
"p34-891f04f03e3328d2bafc","tests/e2e/phase3-accessibility-viewports.spec.ts","512","Project Lanternwake Phase 3 accessibility and six required viewports › 430x932 log-entry is readable, reachable, and sound-independent","chromium","authentication-authorization","retired P34 broad browser container","CURRENT_PRODUCT_CONTRACT","CURRENT_CONTRACT_MIGRATED","browser.accessibility","sl-test-891f04f03e3328d2bafc","","sl-semantic-de4ec824bf604fbdd4e3","tests/e2e/phase3-accessibility-viewports.spec.ts","authentication-authorization","The current governed case protects the same observable product contract in its owned focused family.","Mapped by exact current identity or focused browser.accessibility contract ownership; no P34 container is selected.","Historical Playwright discovery at 073e09b1bc0ded5b0d595bf99f0db1b11aafb3b9; P34 remains archived, unselectable, and unexecuted.","Historical outcomes are archival evidence, not current release evidence."
"p34-6fb24de36d72f095267f","tests/e2e/phase3-accessibility-viewports.spec.ts","512","Project Lanternwake Phase 3 accessibility and six required viewports › 430x932 finale-tease is readable, reachable, and sound-independent","chromium","authentication-authorization","retired P34 broad browser container","CURRENT_PRODUCT_CONTRACT","CURRENT_CONTRACT_MIGRATED","browser.accessibility","sl-test-6fb24de36d72f095267f","","sl-semantic-69f903cf6e474e6b851a","tests/e2e/phase3-accessibility-viewports.spec.ts","authentication-authorization","The current governed case protects the same observable product contract in its owned focused family.","Mapped by exact current identity or focused browser.accessibility contract ownership; no P34 container is selected.","Historical Playwright discovery at 073e09b1bc0ded5b0d595bf99f0db1b11aafb3b9; P34 remains archived, unselectable, and unexecuted.","Historical outcomes are archival evidence, not current release evidence."
"p34-d4614e87c614fec3db80","tests/e2e/phase3-accessibility-viewports.spec.ts","512","Project Lanternwake Phase 3 accessibility and six required viewports › 430x932 pause is readable, reachable, and sound-independent","chromium","authentication-authorization","retired P34 broad browser container","CURRENT_PRODUCT_CONTRACT","CURRENT_CONTRACT_MIGRATED","browser.accessibility","sl-test-d4614e87c614fec3db80","","sl-semantic-95bc566a7da2faac78c0","tests/e2e/phase3-accessibility-viewports.spec.ts","authentication-authorization","The current governed case protects the same observable product contract in its owned focused family.","Mapped by exact current identity or focused browser.accessibility contract ownership; no P34 container is selected.","Historical Playwright discovery at 073e09b1bc0ded5b0d595bf99f0db1b11aafb3b9; P34 remains archived, unselectable, and unexecuted.","Historical outcomes are archival evidence, not current release evidence."
"p34-aea0d3c818d2e78efd5a","tests/e2e/phase3-accessibility-viewports.spec.ts","512","Project Lanternwake Phase 3 accessibility and six required viewports › 430x932 replay is readable, reachable, and sound-independent","chromium","authentication-authorization","retired P34 broad browser container","CURRENT_PRODUCT_CONTRACT","CURRENT_CONTRACT_MIGRATED","browser.accessibility","sl-test-aea0d3c818d2e78efd5a","","sl-semantic-9a721a872c44a11826fb","tests/e2e/phase3-accessibility-viewports.spec.ts","authentication-authorization","The current governed case protects the same observable product contract in its owned focused family.","Mapped by exact current identity or focused browser.accessibility contract ownership; no P34 container is selected.","Historical Playwright discovery at 073e09b1bc0ded5b0d595bf99f0db1b11aafb3b9; P34 remains archived, unselectable, and unexecuted.","Historical outcomes are archival evidence, not current release evidence."
"p34-3a2112ff6b3485ba9f9a","tests/e2e/phase3-accessibility-viewports.spec.ts","512","Project Lanternwake Phase 3 accessibility and six required viewports › 430x932 fallback is readable, reachable, and sound-independent","chromium","authentication-authorization","retired P34 broad browser container","CURRENT_PRODUCT_CONTRACT","CURRENT_CONTRACT_MIGRATED","browser.accessibility","sl-test-3a2112ff6b3485ba9f9a","","sl-semantic-d51331568a690d711536","tests/e2e/phase3-accessibility-viewports.spec.ts","authentication-authorization","The current governed case protects the same observable product contract in its owned focused family.","Mapped by exact current identity or focused browser.accessibility contract ownership; no P34 container is selected.","Historical Playwright discovery at 073e09b1bc0ded5b0d595bf99f0db1b11aafb3b9; P34 remains archived, unselectable, and unexecuted.","Historical outcomes are archival evidence, not current release evidence."
"p34-128ab0d330c836c515f0","tests/e2e/phase3-accessibility-viewports.spec.ts","512","Project Lanternwake Phase 3 accessibility and six required viewports › 430x932 interrupted-scene is readable, reachable, and sound-independent","chromium","authentication-authorization","retired P34 broad browser container","CURRENT_PRODUCT_CONTRACT","CURRENT_CONTRACT_MIGRATED","browser.accessibility","sl-test-128ab0d330c836c515f0","","sl-semantic-aa0c37ff4b9f56b483d1","tests/e2e/phase3-accessibility-viewports.spec.ts","authentication-authorization","The current governed case protects the same observable product contract in its owned focused family.","Mapped by exact current identity or focused browser.accessibility contract ownership; no P34 container is selected.","Historical Playwright discovery at 073e09b1bc0ded5b0d595bf99f0db1b11aafb3b9; P34 remains archived, unselectable, and unexecuted.","Historical outcomes are archival evidence, not current release evidence."
"p34-018e0119cd4a27cc2b1c","tests/e2e/phase3-accessibility-viewports.spec.ts","512","Project Lanternwake Phase 3 accessibility and six required viewports › 390x844 journal-first-opening is readable, reachable, and sound-independent","chromium","authentication-authorization","retired P34 broad browser container","CURRENT_PRODUCT_CONTRACT","CURRENT_CONTRACT_MIGRATED","browser.accessibility","sl-test-018e0119cd4a27cc2b1c","","sl-semantic-c46db09bed6f94378bf6","tests/e2e/phase3-accessibility-viewports.spec.ts","authentication-authorization","The current governed case protects the same observable product contract in its owned focused family.","Mapped by exact current identity or focused browser.accessibility contract ownership; no P34 container is selected.","Historical Playwright discovery at 073e09b1bc0ded5b0d595bf99f0db1b11aafb3b9; P34 remains archived, unselectable, and unexecuted.","Historical outcomes are archival evidence, not current release evidence."
"p34-caa9e8c7d02dd525d4ea","tests/e2e/phase3-accessibility-viewports.spec.ts","512","Project Lanternwake Phase 3 accessibility and six required viewports › 390x844 journal-reentry is readable, reachable, and sound-independent","chromium","authentication-authorization","retired P34 broad browser container","CURRENT_PRODUCT_CONTRACT","CURRENT_CONTRACT_MIGRATED","browser.accessibility","sl-test-caa9e8c7d02dd525d4ea","","sl-semantic-a502a6d436a55e3366f9","tests/e2e/phase3-accessibility-viewports.spec.ts","authentication-authorization","The current governed case protects the same observable product contract in its owned focused family.","Mapped by exact current identity or focused browser.accessibility contract ownership; no P34 container is selected.","Historical Playwright discovery at 073e09b1bc0ded5b0d595bf99f0db1b11aafb3b9; P34 remains archived, unselectable, and unexecuted.","Historical outcomes are archival evidence, not current release evidence."
"p34-078d0b7445057a1aa23d","tests/e2e/phase3-accessibility-viewports.spec.ts","512","Project Lanternwake Phase 3 accessibility and six required viewports › 390x844 chapter-release is readable, reachable, and sound-independent","chromium","authentication-authorization","retired P34 broad browser container","CURRENT_PRODUCT_CONTRACT","CURRENT_CONTRACT_MIGRATED","browser.accessibility","sl-test-078d0b7445057a1aa23d","","sl-semantic-ec420661e18b6b98bb93","tests/e2e/phase3-accessibility-viewports.spec.ts","authentication-authorization","The current governed case protects the same observable product contract in its owned focused family.","Mapped by exact current identity or focused browser.accessibility contract ownership; no P34 container is selected.","Historical Playwright discovery at 073e09b1bc0ded5b0d595bf99f0db1b11aafb3b9; P34 remains archived, unselectable, and unexecuted.","Historical outcomes are archival evidence, not current release evidence."
"p34-32351e36ae1c9dbefb6b","tests/e2e/phase3-accessibility-viewports.spec.ts","512","Project Lanternwake Phase 3 accessibility and six required viewports › 390x844 map-location is readable, reachable, and sound-independent","chromium","authentication-authorization","retired P34 broad browser container","CURRENT_PRODUCT_CONTRACT","CURRENT_CONTRACT_MIGRATED","browser.accessibility","sl-test-32351e36ae1c9dbefb6b","","sl-semantic-b80f36426d8b94ece495","tests/e2e/phase3-accessibility-viewports.spec.ts","authentication-authorization","The current governed case protects the same observable product contract in its owned focused family.","Mapped by exact current identity or focused browser.accessibility contract ownership; no P34 container is selected.","Historical Playwright discovery at 073e09b1bc0ded5b0d595bf99f0db1b11aafb3b9; P34 remains archived, unselectable, and unexecuted.","Historical outcomes are archival evidence, not current release evidence."
"p34-0201625da13da6e5029e","tests/e2e/phase3-accessibility-viewports.spec.ts","512","Project Lanternwake Phase 3 accessibility and six required viewports › 390x844 route-reveal is readable, reachable, and sound-independent","chromium","authentication-authorization","retired P34 broad browser container","CURRENT_PRODUCT_CONTRACT","CURRENT_CONTRACT_MIGRATED","browser.accessibility","sl-test-0201625da13da6e5029e","","sl-semantic-1225c200b0e101ea7d5f","tests/e2e/phase3-accessibility-viewports.spec.ts","authentication-authorization","The current governed case protects the same observable product contract in its owned focused family.","Mapped by exact current identity or focused browser.accessibility contract ownership; no P34 container is selected.","Historical Playwright discovery at 073e09b1bc0ded5b0d595bf99f0db1b11aafb3b9; P34 remains archived, unselectable, and unexecuted.","Historical outcomes are archival evidence, not current release evidence."
"p34-82b50813d9efd7180f45","tests/e2e/phase3-accessibility-viewports.spec.ts","512","Project Lanternwake Phase 3 accessibility and six required viewports › 390x844 artifact-award is readable, reachable, and sound-independent","chromium","authentication-authorization","retired P34 broad browser container","CURRENT_PRODUCT_CONTRACT","CURRENT_CONTRACT_MIGRATED","browser.artifacts","sl-test-82b50813d9efd7180f45","","sl-semantic-a2a5aef237ab7e093eb0","tests/e2e/phase3-accessibility-viewports.spec.ts","authentication-authorization","The current governed case protects the same observable product contract in its owned focused family.","Mapped by exact current identity or focused browser.artifacts contract ownership; no P34 container is selected.","Historical Playwright discovery at 073e09b1bc0ded5b0d595bf99f0db1b11aafb3b9; P34 remains archived, unselectable, and unexecuted.","Historical outcomes are archival evidence, not current release evidence."
"p34-39ed7820791e8ed66f8d","tests/e2e/phase3-accessibility-viewports.spec.ts","512","Project Lanternwake Phase 3 accessibility and six required viewports › 390x844 quest-discovery is readable, reachable, and sound-independent","chromium","authentication-authorization","retired P34 broad browser container","CURRENT_PRODUCT_CONTRACT","CURRENT_CONTRACT_MIGRATED","browser.accessibility","sl-test-39ed7820791e8ed66f8d","","sl-semantic-0b2b3dc02a81ee7c8120","tests/e2e/phase3-accessibility-viewports.spec.ts","authentication-authorization","The current governed case protects the same observable product contract in its owned focused family.","Mapped by exact current identity or focused browser.accessibility contract ownership; no P34 container is selected.","Historical Playwright discovery at 073e09b1bc0ded5b0d595bf99f0db1b11aafb3b9; P34 remains archived, unselectable, and unexecuted.","Historical outcomes are archival evidence, not current release evidence."
"p34-3da8c188a76c9dba3b44","tests/e2e/phase3-accessibility-viewports.spec.ts","512","Project Lanternwake Phase 3 accessibility and six required viewports › 390x844 log-entry is readable, reachable, and sound-independent","chromium","authentication-authorization","retired P34 broad browser container","CURRENT_PRODUCT_CONTRACT","CURRENT_CONTRACT_MIGRATED","browser.accessibility","sl-test-3da8c188a76c9dba3b44","","sl-semantic-a49b82e70d095cb289c0","tests/e2e/phase3-accessibility-viewports.spec.ts","authentication-authorization","The current governed case protects the same observable product contract in its owned focused family.","Mapped by exact current identity or focused browser.accessibility contract ownership; no P34 container is selected.","Historical Playwright discovery at 073e09b1bc0ded5b0d595bf99f0db1b11aafb3b9; P34 remains archived, unselectable, and unexecuted.","Historical outcomes are archival evidence, not current release evidence."
"p34-0ec94f963a200680d30e","tests/e2e/phase3-accessibility-viewports.spec.ts","512","Project Lanternwake Phase 3 accessibility and six required viewports › 390x844 finale-tease is readable, reachable, and sound-independent","chromium","authentication-authorization","retired P34 broad browser container","CURRENT_PRODUCT_CONTRACT","CURRENT_CONTRACT_MIGRATED","browser.accessibility","sl-test-0ec94f963a200680d30e","","sl-semantic-9fa85dcb64a38e2c0b41","tests/e2e/phase3-accessibility-viewports.spec.ts","authentication-authorization","The current governed case protects the same observable product contract in its owned focused family.","Mapped by exact current identity or focused browser.accessibility contract ownership; no P34 container is selected.","Historical Playwright discovery at 073e09b1bc0ded5b0d595bf99f0db1b11aafb3b9; P34 remains archived, unselectable, and unexecuted.","Historical outcomes are archival evidence, not current release evidence."
"p34-4b5ef204f3fe8f498c8d","tests/e2e/phase3-accessibility-viewports.spec.ts","512","Project Lanternwake Phase 3 accessibility and six required viewports › 390x844 pause is readable, reachable, and sound-independent","chromium","authentication-authorization","retired P34 broad browser container","CURRENT_PRODUCT_CONTRACT","CURRENT_CONTRACT_MIGRATED","browser.accessibility","sl-test-4b5ef204f3fe8f498c8d","","sl-semantic-babf16c2c8f414791c75","tests/e2e/phase3-accessibility-viewports.spec.ts","authentication-authorization","The current governed case protects the same observable product contract in its owned focused family.","Mapped by exact current identity or focused browser.accessibility contract ownership; no P34 container is selected.","Historical Playwright discovery at 073e09b1bc0ded5b0d595bf99f0db1b11aafb3b9; P34 remains archived, unselectable, and unexecuted.","Historical outcomes are archival evidence, not current release evidence."
"p34-4336bd14ddbd5e097910","tests/e2e/phase3-accessibility-viewports.spec.ts","512","Project Lanternwake Phase 3 accessibility and six required viewports › 390x844 replay is readable, reachable, and sound-independent","chromium","authentication-authorization","retired P34 broad browser container","CURRENT_PRODUCT_CONTRACT","CURRENT_CONTRACT_MIGRATED","browser.accessibility","sl-test-4336bd14ddbd5e097910","","sl-semantic-3d088084461cc5747c18","tests/e2e/phase3-accessibility-viewports.spec.ts","authentication-authorization","The current governed case protects the same observable product contract in its owned focused family.","Mapped by exact current identity or focused browser.accessibility contract ownership; no P34 container is selected.","Historical Playwright discovery at 073e09b1bc0ded5b0d595bf99f0db1b11aafb3b9; P34 remains archived, unselectable, and unexecuted.","Historical outcomes are archival evidence, not current release evidence."
"p34-bbe74233cd2e54227231","tests/e2e/phase3-accessibility-viewports.spec.ts","512","Project Lanternwake Phase 3 accessibility and six required viewports › 390x844 fallback is readable, reachable, and sound-independent","chromium","authentication-authorization","retired P34 broad browser container","CURRENT_PRODUCT_CONTRACT","CURRENT_CONTRACT_MIGRATED","browser.accessibility","sl-test-bbe74233cd2e54227231","","sl-semantic-f7319773cb16330fd0af","tests/e2e/phase3-accessibility-viewports.spec.ts","authentication-authorization","The current governed case protects the same observable product contract in its owned focused family.","Mapped by exact current identity or focused browser.accessibility contract ownership; no P34 container is selected.","Historical Playwright discovery at 073e09b1bc0ded5b0d595bf99f0db1b11aafb3b9; P34 remains archived, unselectable, and unexecuted.","Historical outcomes are archival evidence, not current release evidence."
"p34-1693db84c5703ce081cf","tests/e2e/phase3-accessibility-viewports.spec.ts","512","Project Lanternwake Phase 3 accessibility and six required viewports › 390x844 interrupted-scene is readable, reachable, and sound-independent","chromium","authentication-authorization","retired P34 broad browser container","CURRENT_PRODUCT_CONTRACT","CURRENT_CONTRACT_MIGRATED","browser.accessibility","sl-test-1693db84c5703ce081cf","","sl-semantic-da74f04ac58c2c432ccc","tests/e2e/phase3-accessibility-viewports.spec.ts","authentication-authorization","The current governed case protects the same observable product contract in its owned focused family.","Mapped by exact current identity or focused browser.accessibility contract ownership; no P34 container is selected.","Historical Playwright discovery at 073e09b1bc0ded5b0d595bf99f0db1b11aafb3b9; P34 remains archived, unselectable, and unexecuted.","Historical outcomes are archival evidence, not current release evidence."
"p34-fc733afd4352291ec56f","tests/e2e/phase3-accessibility-viewports.spec.ts","512","Project Lanternwake Phase 3 accessibility and six required viewports › 844x390 journal-first-opening is readable, reachable, and sound-independent","chromium","authentication-authorization","retired P34 broad browser container","CURRENT_PRODUCT_CONTRACT","CURRENT_CONTRACT_MIGRATED","browser.accessibility","sl-test-fc733afd4352291ec56f","","sl-semantic-2fe7f1cc3897ef43b288","tests/e2e/phase3-accessibility-viewports.spec.ts","authentication-authorization","The current governed case protects the same observable product contract in its owned focused family.","Mapped by exact current identity or focused browser.accessibility contract ownership; no P34 container is selected.","Historical Playwright discovery at 073e09b1bc0ded5b0d595bf99f0db1b11aafb3b9; P34 remains archived, unselectable, and unexecuted.","Historical outcomes are archival evidence, not current release evidence."
"p34-7812748726cf7c464825","tests/e2e/phase3-accessibility-viewports.spec.ts","512","Project Lanternwake Phase 3 accessibility and six required viewports › 844x390 journal-reentry is readable, reachable, and sound-independent","chromium","authentication-authorization","retired P34 broad browser container","CURRENT_PRODUCT_CONTRACT","CURRENT_CONTRACT_MIGRATED","browser.accessibility","sl-test-7812748726cf7c464825","","sl-semantic-4004772234ae659aadec","tests/e2e/phase3-accessibility-viewports.spec.ts","authentication-authorization","The current governed case protects the same observable product contract in its owned focused family.","Mapped by exact current identity or focused browser.accessibility contract ownership; no P34 container is selected.","Historical Playwright discovery at 073e09b1bc0ded5b0d595bf99f0db1b11aafb3b9; P34 remains archived, unselectable, and unexecuted.","Historical outcomes are archival evidence, not current release evidence."
"p34-d7bdec439d449191314d","tests/e2e/phase3-accessibility-viewports.spec.ts","512","Project Lanternwake Phase 3 accessibility and six required viewports › 844x390 chapter-release is readable, reachable, and sound-independent","chromium","authentication-authorization","retired P34 broad browser container","CURRENT_PRODUCT_CONTRACT","CURRENT_CONTRACT_MIGRATED","browser.accessibility","sl-test-d7bdec439d449191314d","","sl-semantic-4264503a5ea759ffbceb","tests/e2e/phase3-accessibility-viewports.spec.ts","authentication-authorization","The current governed case protects the same observable product contract in its owned focused family.","Mapped by exact current identity or focused browser.accessibility contract ownership; no P34 container is selected.","Historical Playwright discovery at 073e09b1bc0ded5b0d595bf99f0db1b11aafb3b9; P34 remains archived, unselectable, and unexecuted.","Historical outcomes are archival evidence, not current release evidence."
"p34-0e908a7f7cdbc512f6a5","tests/e2e/phase3-accessibility-viewports.spec.ts","512","Project Lanternwake Phase 3 accessibility and six required viewports › 844x390 map-location is readable, reachable, and sound-independent","chromium","authentication-authorization","retired P34 broad browser container","CURRENT_PRODUCT_CONTRACT","CURRENT_CONTRACT_MIGRATED","browser.accessibility","sl-test-0e908a7f7cdbc512f6a5","","sl-semantic-c1306fedb52017552a9d","tests/e2e/phase3-accessibility-viewports.spec.ts","authentication-authorization","The current governed case protects the same observable product contract in its owned focused family.","Mapped by exact current identity or focused browser.accessibility contract ownership; no P34 container is selected.","Historical Playwright discovery at 073e09b1bc0ded5b0d595bf99f0db1b11aafb3b9; P34 remains archived, unselectable, and unexecuted.","Historical outcomes are archival evidence, not current release evidence."
"p34-88d494dd995581f48567","tests/e2e/phase3-accessibility-viewports.spec.ts","512","Project Lanternwake Phase 3 accessibility and six required viewports › 844x390 route-reveal is readable, reachable, and sound-independent","chromium","authentication-authorization","retired P34 broad browser container","CURRENT_PRODUCT_CONTRACT","CURRENT_CONTRACT_MIGRATED","browser.accessibility","sl-test-88d494dd995581f48567","","sl-semantic-4f74f6122a08a168d6a2","tests/e2e/phase3-accessibility-viewports.spec.ts","authentication-authorization","The current governed case protects the same observable product contract in its owned focused family.","Mapped by exact current identity or focused browser.accessibility contract ownership; no P34 container is selected.","Historical Playwright discovery at 073e09b1bc0ded5b0d595bf99f0db1b11aafb3b9; P34 remains archived, unselectable, and unexecuted.","Historical outcomes are archival evidence, not current release evidence."
"p34-e39873e25ebd2838731b","tests/e2e/phase3-accessibility-viewports.spec.ts","512","Project Lanternwake Phase 3 accessibility and six required viewports › 844x390 artifact-award is readable, reachable, and sound-independent","chromium","authentication-authorization","retired P34 broad browser container","CURRENT_PRODUCT_CONTRACT","CURRENT_CONTRACT_MIGRATED","browser.artifacts","sl-test-e39873e25ebd2838731b","","sl-semantic-766bc77684c1462c26c5","tests/e2e/phase3-accessibility-viewports.spec.ts","authentication-authorization","The current governed case protects the same observable product contract in its owned focused family.","Mapped by exact current identity or focused browser.artifacts contract ownership; no P34 container is selected.","Historical Playwright discovery at 073e09b1bc0ded5b0d595bf99f0db1b11aafb3b9; P34 remains archived, unselectable, and unexecuted.","Historical outcomes are archival evidence, not current release evidence."
"p34-657c158b995dbf3fdeb6","tests/e2e/phase3-accessibility-viewports.spec.ts","512","Project Lanternwake Phase 3 accessibility and six required viewports › 844x390 quest-discovery is readable, reachable, and sound-independent","chromium","authentication-authorization","retired P34 broad browser container","CURRENT_PRODUCT_CONTRACT","CURRENT_CONTRACT_MIGRATED","browser.accessibility","sl-test-657c158b995dbf3fdeb6","","sl-semantic-d00be18e0d12e6f63211","tests/e2e/phase3-accessibility-viewports.spec.ts","authentication-authorization","The current governed case protects the same observable product contract in its owned focused family.","Mapped by exact current identity or focused browser.accessibility contract ownership; no P34 container is selected.","Historical Playwright discovery at 073e09b1bc0ded5b0d595bf99f0db1b11aafb3b9; P34 remains archived, unselectable, and unexecuted.","Historical outcomes are archival evidence, not current release evidence."
"p34-2155a6014f301711887c","tests/e2e/phase3-accessibility-viewports.spec.ts","512","Project Lanternwake Phase 3 accessibility and six required viewports › 844x390 log-entry is readable, reachable, and sound-independent","chromium","authentication-authorization","retired P34 broad browser container","CURRENT_PRODUCT_CONTRACT","CURRENT_CONTRACT_MIGRATED","browser.accessibility","sl-test-2155a6014f301711887c","","sl-semantic-3f7bb719411b90dc9c1e","tests/e2e/phase3-accessibility-viewports.spec.ts","authentication-authorization","The current governed case protects the same observable product contract in its owned focused family.","Mapped by exact current identity or focused browser.accessibility contract ownership; no P34 container is selected.","Historical Playwright discovery at 073e09b1bc0ded5b0d595bf99f0db1b11aafb3b9; P34 remains archived, unselectable, and unexecuted.","Historical outcomes are archival evidence, not current release evidence."
"p34-3fdde25513d6f1bcad70","tests/e2e/phase3-accessibility-viewports.spec.ts","512","Project Lanternwake Phase 3 accessibility and six required viewports › 844x390 finale-tease is readable, reachable, and sound-independent","chromium","authentication-authorization","retired P34 broad browser container","CURRENT_PRODUCT_CONTRACT","CURRENT_CONTRACT_MIGRATED","browser.accessibility","sl-test-3fdde25513d6f1bcad70","","sl-semantic-faf2f94f11cb05d188af","tests/e2e/phase3-accessibility-viewports.spec.ts","authentication-authorization","The current governed case protects the same observable product contract in its owned focused family.","Mapped by exact current identity or focused browser.accessibility contract ownership; no P34 container is selected.","Historical Playwright discovery at 073e09b1bc0ded5b0d595bf99f0db1b11aafb3b9; P34 remains archived, unselectable, and unexecuted.","Historical outcomes are archival evidence, not current release evidence."
"p34-5f1819bfa7d835d52641","tests/e2e/phase3-accessibility-viewports.spec.ts","512","Project Lanternwake Phase 3 accessibility and six required viewports › 844x390 pause is readable, reachable, and sound-independent","chromium","authentication-authorization","retired P34 broad browser container","CURRENT_PRODUCT_CONTRACT","CURRENT_CONTRACT_MIGRATED","browser.accessibility","sl-test-5f1819bfa7d835d52641","","sl-semantic-ff35fa7cdaf4de66fba4","tests/e2e/phase3-accessibility-viewports.spec.ts","authentication-authorization","The current governed case protects the same observable product contract in its owned focused family.","Mapped by exact current identity or focused browser.accessibility contract ownership; no P34 container is selected.","Historical Playwright discovery at 073e09b1bc0ded5b0d595bf99f0db1b11aafb3b9; P34 remains archived, unselectable, and unexecuted.","Historical outcomes are archival evidence, not current release evidence."
"p34-0f6bb948513ef84072ad","tests/e2e/phase3-accessibility-viewports.spec.ts","512","Project Lanternwake Phase 3 accessibility and six required viewports › 844x390 replay is readable, reachable, and sound-independent","chromium","authentication-authorization","retired P34 broad browser container","CURRENT_PRODUCT_CONTRACT","CURRENT_CONTRACT_MIGRATED","browser.accessibility","sl-test-0f6bb948513ef84072ad","","sl-semantic-3042f2b16c757cdcccea","tests/e2e/phase3-accessibility-viewports.spec.ts","authentication-authorization","The current governed case protects the same observable product contract in its owned focused family.","Mapped by exact current identity or focused browser.accessibility contract ownership; no P34 container is selected.","Historical Playwright discovery at 073e09b1bc0ded5b0d595bf99f0db1b11aafb3b9; P34 remains archived, unselectable, and unexecuted.","Historical outcomes are archival evidence, not current release evidence."
"p34-a1faceea8ad84fdca775","tests/e2e/phase3-accessibility-viewports.spec.ts","512","Project Lanternwake Phase 3 accessibility and six required viewports › 844x390 fallback is readable, reachable, and sound-independent","chromium","authentication-authorization","retired P34 broad browser container","CURRENT_PRODUCT_CONTRACT","CURRENT_CONTRACT_MIGRATED","browser.accessibility","sl-test-a1faceea8ad84fdca775","","sl-semantic-c348448cca764144bff3","tests/e2e/phase3-accessibility-viewports.spec.ts","authentication-authorization","The current governed case protects the same observable product contract in its owned focused family.","Mapped by exact current identity or focused browser.accessibility contract ownership; no P34 container is selected.","Historical Playwright discovery at 073e09b1bc0ded5b0d595bf99f0db1b11aafb3b9; P34 remains archived, unselectable, and unexecuted.","Historical outcomes are archival evidence, not current release evidence."
"p34-84f6f4b7eef36a6346be","tests/e2e/phase3-accessibility-viewports.spec.ts","512","Project Lanternwake Phase 3 accessibility and six required viewports › 844x390 interrupted-scene is readable, reachable, and sound-independent","chromium","authentication-authorization","retired P34 broad browser container","CURRENT_PRODUCT_CONTRACT","CURRENT_CONTRACT_MIGRATED","browser.accessibility","sl-test-84f6f4b7eef36a6346be","","sl-semantic-f70a2872c5208d9b9f3a","tests/e2e/phase3-accessibility-viewports.spec.ts","authentication-authorization","The current governed case protects the same observable product contract in its owned focused family.","Mapped by exact current identity or focused browser.accessibility contract ownership; no P34 container is selected.","Historical Playwright discovery at 073e09b1bc0ded5b0d595bf99f0db1b11aafb3b9; P34 remains archived, unselectable, and unexecuted.","Historical outcomes are archival evidence, not current release evidence."
"p34-c1a9e0dd29cd3094846b","tests/e2e/phase3-lifecycle-extended.spec.ts","597","Project Lanternwake Phase 3 extended runtime lifecycle › development Rive runtime remounts cleanly for twenty successful cycles","chromium","journal-ready-state","retired PlayerExperience presentation lifecycle","CURRENT_PRODUCT_CONTRACT","CURRENT_CONTRACT_MIGRATED","browser.animation-lifecycle","sl-test-0efd66269e20dc220c1b","","sl-semantic-7301acae3da2eeef6db1","tests/e2e/phase3-lifecycle-extended.spec.ts","journal-ready-state","The current governed case protects the same observable product contract in its owned focused family.","Mapped by exact current identity or focused browser.animation-lifecycle contract ownership; no P34 container is selected.","Historical Playwright discovery at 073e09b1bc0ded5b0d595bf99f0db1b11aafb3b9; P34 remains archived, unselectable, and unexecuted.","Historical outcomes are archival evidence, not current release evidence."
"p34-cdd3af25e6ed4d4889c5","tests/e2e/phase3-lifecycle-extended.spec.ts","615","Project Lanternwake Phase 3 extended runtime lifecycle › development Rive 404 fault is hit and returns to one static fallback for twenty remounts","chromium","journal-ready-state","retired PlayerExperience presentation lifecycle","CURRENT_PRODUCT_CONTRACT","CURRENT_CONTRACT_MIGRATED","browser.animation-lifecycle","sl-test-70140c7cfe3d0ca75cca","","sl-semantic-1a3d267fe3aee16ab08b","tests/e2e/phase3-lifecycle-extended.spec.ts","journal-ready-state","The current governed case protects the same observable product contract in its owned focused family.","Mapped by exact current identity or focused browser.animation-lifecycle contract ownership; no P34 container is selected.","Historical Playwright discovery at 073e09b1bc0ded5b0d595bf99f0db1b11aafb3b9; P34 remains archived, unselectable, and unexecuted.","Historical outcomes are archival evidence, not current release evidence."
"p34-a4d011d902620c773c05","tests/e2e/phase3-lifecycle-extended.spec.ts","615","Project Lanternwake Phase 3 extended runtime lifecycle › development Rive abort fault is hit and returns to one static fallback for twenty remounts","chromium","journal-ready-state","retired PlayerExperience presentation lifecycle","CURRENT_PRODUCT_CONTRACT","CURRENT_CONTRACT_MIGRATED","browser.animation-lifecycle","sl-test-d54235c06587770b3d0d","","sl-semantic-30a50fd5d6096faedabb","tests/e2e/phase3-lifecycle-extended.spec.ts","journal-ready-state","The current governed case protects the same observable product contract in its owned focused family.","Mapped by exact current identity or focused browser.animation-lifecycle contract ownership; no P34 container is selected.","Historical Playwright discovery at 073e09b1bc0ded5b0d595bf99f0db1b11aafb3b9; P34 remains archived, unselectable, and unexecuted.","Historical outcomes are archival evidence, not current release evidence."
"p34-a03ff5a2988c2cd2b4f2","tests/e2e/phase3-lifecycle-extended.spec.ts","615","Project Lanternwake Phase 3 extended runtime lifecycle › development Rive malformed fault is hit and returns to one static fallback for twenty remounts","chromium","journal-ready-state","retired PlayerExperience presentation lifecycle","CURRENT_PRODUCT_CONTRACT","CURRENT_CONTRACT_MIGRATED","browser.animation-lifecycle","sl-test-1221f057786941911e7b","","sl-semantic-7a534d40e4c64360836d","tests/e2e/phase3-lifecycle-extended.spec.ts","journal-ready-state","The current governed case protects the same observable product contract in its owned focused family.","Mapped by exact current identity or focused browser.animation-lifecycle contract ownership; no P34 container is selected.","Historical Playwright discovery at 073e09b1bc0ded5b0d595bf99f0db1b11aafb3b9; P34 remains archived, unselectable, and unexecuted.","Historical outcomes are archival evidence, not current release evidence."
"p34-7328e944d1014e499dc5","tests/e2e/phase3-lifecycle-extended.spec.ts","643","Project Lanternwake Phase 3 extended runtime lifecycle › authored invitation seal runtime remounts cleanly for twenty route cycles","chromium","journal-ready-state","retired PlayerExperience presentation lifecycle","CONSOLIDATED_CURRENT_CONTRACT","REPLACED_CANONICAL","browser.animation-lifecycle","sl-test-0efd66269e20dc220c1b;sl-test-70140c7cfe3d0ca75cca;sl-test-d54235c06587770b3d0d","","sl-semantic-7301acae3da2eeef6db1;sl-semantic-1a3d267fe3aee16ab08b;sl-semantic-30a50fd5d6096faedabb","tests/e2e/phase3-lifecycle-extended.spec.ts;tests/e2e/phase3-lifecycle-extended.spec.ts;tests/e2e/phase3-lifecycle-extended.spec.ts","journal-ready-state;journal-ready-state;journal-ready-state","The focused current family provides consolidated equal-or-stronger coverage for the retained behavior.","Mapped by exact current identity or focused browser.animation-lifecycle contract ownership; no P34 container is selected.","Historical Playwright discovery at 073e09b1bc0ded5b0d595bf99f0db1b11aafb3b9; P34 remains archived, unselectable, and unexecuted.","Historical outcomes are archival evidence, not current release evidence."
"p34-08b61e92712245912287","tests/e2e/phase3-lifecycle-extended.spec.ts","674","Project Lanternwake Phase 3 extended runtime lifecycle › Journal Clasp compatibility is not required by the canonical Chronicle journal across route cycles","chromium","journal-ready-state","retired PlayerExperience presentation lifecycle","CURRENT_PRODUCT_CONTRACT","CURRENT_CONTRACT_MIGRATED","browser.animation-lifecycle","sl-test-156e4d360f422738e308","sl-test-1c84de714ed3fbe40587","sl-semantic-ce70e90477b73bb7a28b","tests/e2e/phase3-lifecycle-extended.spec.ts","journal-ready-state","The current governed case protects the same observable product contract in its owned focused family.","Mapped by exact current identity or focused browser.animation-lifecycle contract ownership; no P34 container is selected.","Historical Playwright discovery at 073e09b1bc0ded5b0d595bf99f0db1b11aafb3b9; P34 remains archived, unselectable, and unexecuted.","Historical outcomes are archival evidence, not current release evidence."
"p34-6f91fdfdf19800c431ac","tests/e2e/phase3-lifecycle-extended.spec.ts","719","Project Lanternwake Phase 3 extended runtime lifecycle › all three Lottie contracts succeed across twenty route mount-unmount cycles","chromium","journal-ready-state","retired PlayerExperience presentation lifecycle","CURRENT_PRODUCT_CONTRACT","CURRENT_CONTRACT_MIGRATED","browser.animation-lifecycle","sl-test-dea2c6c4aa4ea71900d0","sl-test-136c8049d7b3bf989418","sl-semantic-2079bf7c33c32ae08664","tests/e2e/phase3-lifecycle-extended.spec.ts","journal-ready-state","The current governed case protects the same observable product contract in its owned focused family.","Mapped by exact current identity or focused browser.animation-lifecycle contract ownership; no P34 container is selected.","Historical Playwright discovery at 073e09b1bc0ded5b0d595bf99f0db1b11aafb3b9; P34 remains archived, unselectable, and unexecuted.","Historical outcomes are archival evidence, not current release evidence."
"p34-2d7e3362cb3b4ca8b03c","tests/e2e/phase3-lifecycle-extended.spec.ts","773","Project Lanternwake Phase 3 extended runtime lifecycle › moonlit-waves 404 fault is hit and preserves a static fallback for twenty remounts","chromium","journal-ready-state","retired PlayerExperience presentation lifecycle","CURRENT_PRODUCT_CONTRACT","CURRENT_CONTRACT_MIGRATED","browser.animation-lifecycle","sl-test-68ad342f995a80c21206","sl-test-5b87648be5b1248835e8","sl-semantic-ffd94aa5cc1cfaec1b77","tests/e2e/phase3-lifecycle-extended.spec.ts","journal-ready-state","The current governed case protects the same observable product contract in its owned focused family.","Mapped by exact current identity or focused browser.animation-lifecycle contract ownership; no P34 container is selected.","Historical Playwright discovery at 073e09b1bc0ded5b0d595bf99f0db1b11aafb3b9; P34 remains archived, unselectable, and unexecuted.","Historical outcomes are archival evidence, not current release evidence."
"p34-ada38eae0a093c6eed5a","tests/e2e/phase3-lifecycle-extended.spec.ts","773","Project Lanternwake Phase 3 extended runtime lifecycle › rolling-fog abort fault is hit and preserves a static fallback for twenty remounts","chromium","journal-ready-state","retired PlayerExperience presentation lifecycle","CURRENT_PRODUCT_CONTRACT","CURRENT_CONTRACT_MIGRATED","browser.animation-lifecycle","sl-test-6f806b7ffe5c52b0b93d","sl-test-ade878eea5ec3582959a","sl-semantic-cdc0fe0e7bd8ec81e5fa","tests/e2e/phase3-lifecycle-extended.spec.ts","journal-ready-state","The current governed case protects the same observable product contract in its owned focused family.","Mapped by exact current identity or focused browser.animation-lifecycle contract ownership; no P34 container is selected.","Historical Playwright discovery at 073e09b1bc0ded5b0d595bf99f0db1b11aafb3b9; P34 remains archived, unselectable, and unexecuted.","Historical outcomes are archival evidence, not current release evidence."
"p34-2728138083b31bcad82f","tests/e2e/phase3-lifecycle-extended.spec.ts","773","Project Lanternwake Phase 3 extended runtime lifecycle › ink-bloom malformed fault is hit and preserves a static fallback for twenty remounts","chromium","journal-ready-state","retired PlayerExperience presentation lifecycle","CURRENT_PRODUCT_CONTRACT","CURRENT_CONTRACT_MIGRATED","browser.animation-lifecycle","sl-test-e2ebcb76e1bc78b34c09","sl-test-e397e3e488c58c376540","sl-semantic-ba74decd12b36cac21da","tests/e2e/phase3-lifecycle-extended.spec.ts","journal-ready-state","The current governed case protects the same observable product contract in its owned focused family.","Mapped by exact current identity or focused browser.animation-lifecycle contract ownership; no P34 container is selected.","Historical Playwright discovery at 073e09b1bc0ded5b0d595bf99f0db1b11aafb3b9; P34 remains archived, unselectable, and unexecuted.","Historical outcomes are archival evidence, not current release evidence."
"p34-39a7132ce48058437fe7","tests/e2e/phase3-lifecycle-extended.spec.ts","831","Project Lanternwake Phase 3 extended runtime lifecycle › development stalled-load failpoint reaches the exact Lottie fallback and cleans up for twenty cycles","chromium","journal-ready-state","retired PlayerExperience presentation lifecycle","CURRENT_PRODUCT_CONTRACT","CURRENT_CONTRACT_MIGRATED","browser.animation-lifecycle","sl-test-9e3d10860a2b4ae8d05d","sl-test-98c09f11c870c6fd214a","sl-semantic-8b12e808981bc32ffccb","tests/e2e/phase3-lifecycle-extended.spec.ts","journal-ready-state","The current governed case protects the same observable product contract in its owned focused family.","Mapped by exact current identity or focused browser.animation-lifecycle contract ownership; no P34 container is selected.","Historical Playwright discovery at 073e09b1bc0ded5b0d595bf99f0db1b11aafb3b9; P34 remains archived, unselectable, and unexecuted.","Historical outcomes are archival evidence, not current release evidence."
"p34-b250af829951d06cd427","tests/e2e/phase3-lifecycle-extended.spec.ts","831","Project Lanternwake Phase 3 extended runtime lifecycle › development renderer-error failpoint reaches the exact Lottie fallback and cleans up for twenty cycles","chromium","journal-ready-state","retired PlayerExperience presentation lifecycle","CURRENT_PRODUCT_CONTRACT","CURRENT_CONTRACT_MIGRATED","browser.animation-lifecycle","sl-test-a00b9c81a83f222bef40","sl-test-1bf65062d1a1fbef050e","sl-semantic-6c84768c90ba34af7cad","tests/e2e/phase3-lifecycle-extended.spec.ts","journal-ready-state","The current governed case protects the same observable product contract in its owned focused family.","Mapped by exact current identity or focused browser.animation-lifecycle contract ownership; no P34 container is selected.","Historical Playwright discovery at 073e09b1bc0ded5b0d595bf99f0db1b11aafb3b9; P34 remains archived, unselectable, and unexecuted.","Historical outcomes are archival evidence, not current release evidence."
"p34-826768ccb4d035c4ced0","tests/e2e/phase3-lifecycle-extended.spec.ts","924","Project Lanternwake Phase 3 extended runtime lifecycle › animation showcase serial trailer completes across twenty enter-leave cycles","chromium","journal-ready-state","retired PlayerExperience presentation lifecycle","CURRENT_PRODUCT_CONTRACT","CURRENT_CONTRACT_MIGRATED","browser.animation-lifecycle","sl-test-b1bb50f07ebaf055df12","sl-test-09ad7256aac5230c1790","sl-semantic-9dbb6a6af94d6f385e54","tests/e2e/phase3-lifecycle-extended.spec.ts","journal-ready-state","The current governed case protects the same observable product contract in its owned focused family.","Mapped by exact current identity or focused browser.animation-lifecycle contract ownership; no P34 container is selected.","Historical Playwright discovery at 073e09b1bc0ded5b0d595bf99f0db1b11aafb3b9; P34 remains archived, unselectable, and unexecuted.","Historical outcomes are archival evidence, not current release evidence."
"p34-4d6a5b984c690d07a44b","tests/e2e/phase3-lifecycle-extended.spec.ts","953","Project Lanternwake Phase 3 Quartermaster and audio lifecycle › mocked Quartermaster confirmations restore focus and release overlays for twenty cycles","chromium","journal-ready-state","retired PlayerExperience presentation lifecycle","CONSOLIDATED_CURRENT_CONTRACT","REPLACED_CANONICAL","browser.animation-lifecycle","sl-test-0efd66269e20dc220c1b;sl-test-70140c7cfe3d0ca75cca;sl-test-d54235c06587770b3d0d","","sl-semantic-7301acae3da2eeef6db1;sl-semantic-1a3d267fe3aee16ab08b;sl-semantic-30a50fd5d6096faedabb","tests/e2e/phase3-lifecycle-extended.spec.ts;tests/e2e/phase3-lifecycle-extended.spec.ts;tests/e2e/phase3-lifecycle-extended.spec.ts","journal-ready-state;journal-ready-state;journal-ready-state","The focused current family provides consolidated equal-or-stronger coverage for the retained behavior.","Mapped by exact current identity or focused browser.animation-lifecycle contract ownership; no P34 container is selected.","Historical Playwright discovery at 073e09b1bc0ded5b0d595bf99f0db1b11aafb3b9; P34 remains archived, unselectable, and unexecuted.","Historical outcomes are archival evidence, not current release evidence."
"p34-0c3401813f256a1dead7","tests/e2e/phase3-lifecycle-extended.spec.ts","1065","Project Lanternwake Phase 3 Quartermaster and audio lifecycle › audio success remains nonblocking and releases work for twenty page-turn cycles","chromium","journal-ready-state","retired PlayerExperience presentation lifecycle","CURRENT_PRODUCT_CONTRACT","CURRENT_CONTRACT_MIGRATED","browser.animation-lifecycle","sl-test-1c523a3298a40ff94fd2","sl-test-b6808855d2fabe69ac2a","sl-semantic-d27de2006f5ed78a0afb","tests/e2e/phase3-lifecycle-extended.spec.ts","journal-ready-state","The current governed case protects the same observable product contract in its owned focused family.","Mapped by exact current identity or focused browser.animation-lifecycle contract ownership; no P34 container is selected.","Historical Playwright discovery at 073e09b1bc0ded5b0d595bf99f0db1b11aafb3b9; P34 remains archived, unselectable, and unexecuted.","Historical outcomes are archival evidence, not current release evidence."
"p34-761ac3ebb4f1578eafa5","tests/e2e/phase3-lifecycle-extended.spec.ts","1065","Project Lanternwake Phase 3 Quartermaster and audio lifecycle › audio blocked-context remains nonblocking and releases work for twenty page-turn cycles","chromium","journal-ready-state","retired PlayerExperience presentation lifecycle","CURRENT_PRODUCT_CONTRACT","CURRENT_CONTRACT_MIGRATED","browser.animation-lifecycle","sl-test-683cbe3ba82502c5ae0f","sl-test-f84a5add4fdb4d42acb9","sl-semantic-d78f72b522d9b5ba3eaa","tests/e2e/phase3-lifecycle-extended.spec.ts","journal-ready-state","The current governed case protects the same observable product contract in its owned focused family.","Mapped by exact current identity or focused browser.animation-lifecycle contract ownership; no P34 container is selected.","Historical Playwright discovery at 073e09b1bc0ded5b0d595bf99f0db1b11aafb3b9; P34 remains archived, unselectable, and unexecuted.","Historical outcomes are archival evidence, not current release evidence."
"p34-86f2d382df285d96c8fb","tests/e2e/phase3-lifecycle-extended.spec.ts","1065","Project Lanternwake Phase 3 Quartermaster and audio lifecycle › audio missing-context remains nonblocking and releases work for twenty page-turn cycles","chromium","journal-ready-state","retired PlayerExperience presentation lifecycle","CURRENT_PRODUCT_CONTRACT","CURRENT_CONTRACT_MIGRATED","browser.animation-lifecycle","sl-test-ce70437e96ebe5722bf2","sl-test-587321f76d9d445f36b3","sl-semantic-e64884debbe71e5ea803","tests/e2e/phase3-lifecycle-extended.spec.ts","journal-ready-state","The current governed case protects the same observable product contract in its owned focused family.","Mapped by exact current identity or focused browser.animation-lifecycle contract ownership; no P34 container is selected.","Historical Playwright discovery at 073e09b1bc0ded5b0d595bf99f0db1b11aafb3b9; P34 remains archived, unselectable, and unexecuted.","Historical outcomes are archival evidence, not current release evidence."
"p34-8fa2a37e3392bc35e829","tests/e2e/phase3-lifecycle-extended.spec.ts","1065","Project Lanternwake Phase 3 Quartermaster and audio lifecycle › audio oscillator-play-failure remains nonblocking and releases work for twenty page-turn cycles","chromium","journal-ready-state","retired PlayerExperience presentation lifecycle","CURRENT_PRODUCT_CONTRACT","CURRENT_CONTRACT_MIGRATED","browser.animation-lifecycle","sl-test-d036cd3461ae49fd2b90","sl-test-1d3b46250a24a6799e7e","sl-semantic-2bacc10023991d12ae28","tests/e2e/phase3-lifecycle-extended.spec.ts","journal-ready-state","The current governed case protects the same observable product contract in its owned focused family.","Mapped by exact current identity or focused browser.animation-lifecycle contract ownership; no P34 container is selected.","Historical Playwright discovery at 073e09b1bc0ded5b0d595bf99f0db1b11aafb3b9; P34 remains archived, unselectable, and unexecuted.","Historical outcomes are archival evidence, not current release evidence."
"p34-aefa0ea7d81dd9404969","tests/e2e/phase3-lifecycle-extended.spec.ts","1065","Project Lanternwake Phase 3 Quartermaster and audio lifecycle › audio muted remains nonblocking and releases work for twenty page-turn cycles","chromium","journal-ready-state","retired PlayerExperience presentation lifecycle","CURRENT_PRODUCT_CONTRACT","CURRENT_CONTRACT_MIGRATED","browser.animation-lifecycle","sl-test-8add24dc889bad359566","sl-test-dab686358d0848ec19e2","sl-semantic-9998ccbaced316fd38a9","tests/e2e/phase3-lifecycle-extended.spec.ts","journal-ready-state","The current governed case protects the same observable product contract in its owned focused family.","Mapped by exact current identity or focused browser.animation-lifecycle contract ownership; no P34 container is selected.","Historical Playwright discovery at 073e09b1bc0ded5b0d595bf99f0db1b11aafb3b9; P34 remains archived, unselectable, and unexecuted.","Historical outcomes are archival evidence, not current release evidence."
"p34-c331411277d45c738b6b","tests/e2e/phase3-lifecycle.spec.ts","4","Project Lanternwake canonical Chronicle journal lifecycle › keeps the published Chronicle journal, PageFlip boundary, and motion setting bounded across reentry","chromium","journal-ready-state","retired PlayerExperience presentation lifecycle","CURRENT_PRODUCT_CONTRACT","CURRENT_CONTRACT_MIGRATED","browser.animation-lifecycle","sl-test-c331411277d45c738b6b","","sl-semantic-364eb76e5545a98c22ad","tests/e2e/phase3-lifecycle.spec.ts","journal-ready-state","The current governed case protects the same observable product contract in its owned focused family.","Mapped by exact current identity or focused browser.animation-lifecycle contract ownership; no P34 container is selected.","Historical Playwright discovery at 073e09b1bc0ded5b0d595bf99f0db1b11aafb3b9; P34 remains archived, unselectable, and unexecuted.","Historical outcomes are archival evidence, not current release evidence."
"p34-14209a28ff4ef65af724","tests/e2e/phase3-player-event-matrix.spec.ts","44","Lanternwake canonical event matrix › legacy matrix mapping is complete and production journal has no retired receipt dependency","chromium","journal-ready-state","retired PlayerExperience presentation lifecycle","CURRENT_PRODUCT_CONTRACT","CURRENT_CONTRACT_MIGRATED","browser.player-journal","sl-test-058032fddf79e87816ba","","sl-semantic-cfa74f3c2ca42ec8cf9a","tests/e2e/phase3-player-event-matrix.spec.ts","journal-ready-state","The current governed case protects the same observable product contract in its owned focused family.","Mapped by exact current identity or focused browser.player-journal contract ownership; no P34 container is selected.","Historical Playwright discovery at 073e09b1bc0ded5b0d595bf99f0db1b11aafb3b9; P34 remains archived, unselectable, and unexecuted.","Historical outcomes are archival evidence, not current release evidence."
"p34-aabad6fc1c57e0cbc371","tests/e2e/phase3-player-event-matrix.spec.ts","59","Lanternwake canonical event matrix › canonical Group A: chapter and block progression","chromium","journal-ready-state","retired PlayerExperience presentation lifecycle","CURRENT_PRODUCT_CONTRACT","CURRENT_CONTRACT_MIGRATED","browser.player-journal","sl-test-cc3c7b29affb1e810554","","sl-semantic-ab89ae8e3e3859b8d2ec","tests/e2e/phase3-player-event-matrix.spec.ts","journal-ready-state","The current governed case protects the same observable product contract in its owned focused family.","Mapped by exact current identity or focused browser.player-journal contract ownership; no P34 container is selected.","Historical Playwright discovery at 073e09b1bc0ded5b0d595bf99f0db1b11aafb3b9; P34 remains archived, unselectable, and unexecuted.","Historical outcomes are archival evidence, not current release evidence."
"p34-c6244904f7630a1a485c","tests/e2e/phase3-player-event-matrix.spec.ts","59","Lanternwake canonical event matrix › canonical Group B: hints and readable information","chromium","journal-ready-state","retired PlayerExperience presentation lifecycle","CURRENT_PRODUCT_CONTRACT","CURRENT_CONTRACT_MIGRATED","browser.player-journal","sl-test-0fdd40d4c195750b9e79","","sl-semantic-bcb22c298cd69c327bf2","tests/e2e/phase3-player-event-matrix.spec.ts","journal-ready-state","The current governed case protects the same observable product contract in its owned focused family.","Mapped by exact current identity or focused browser.player-journal contract ownership; no P34 container is selected.","Historical Playwright discovery at 073e09b1bc0ded5b0d595bf99f0db1b11aafb3b9; P34 remains archived, unselectable, and unexecuted.","Historical outcomes are archival evidence, not current release evidence."
"p34-2ccd91a7083f9e8dbf87","tests/e2e/phase3-player-event-matrix.spec.ts","59","Lanternwake canonical event matrix › canonical Group C: artifact and collection progression","chromium","authentication-authorization","retired P34 broad browser container","CURRENT_PRODUCT_CONTRACT","CURRENT_CONTRACT_MIGRATED","browser.artifacts","sl-test-6a2bd8fb98349e55a2b2","","sl-semantic-0709d932d5231ab88c1f","tests/e2e/phase3-player-event-matrix.spec.ts","authentication-authorization","The current governed case protects the same observable product contract in its owned focused family.","Mapped by exact current identity or focused browser.artifacts contract ownership; no P34 container is selected.","Historical Playwright discovery at 073e09b1bc0ded5b0d595bf99f0db1b11aafb3b9; P34 remains archived, unselectable, and unexecuted.","Historical outcomes are archival evidence, not current release evidence."
"p34-5d7822203fa7d1af7815","tests/e2e/phase3-player-event-matrix.spec.ts","59","Lanternwake canonical event matrix › canonical Group D: map and route progression","chromium","journal-ready-state","retired PlayerExperience presentation lifecycle","CURRENT_PRODUCT_CONTRACT","CURRENT_CONTRACT_MIGRATED","browser.player-journal","sl-test-ca97ebdfe323f84f3ded","","sl-semantic-affdf103a44ae4dcd342","tests/e2e/phase3-player-event-matrix.spec.ts","journal-ready-state","The current governed case protects the same observable product contract in its owned focused family.","Mapped by exact current identity or focused browser.player-journal contract ownership; no P34 container is selected.","Historical Playwright discovery at 073e09b1bc0ded5b0d595bf99f0db1b11aafb3b9; P34 remains archived, unselectable, and unexecuted.","Historical outcomes are archival evidence, not current release evidence."
"p34-76aa0744e9294fad73a2","tests/e2e/phase3-player-event-matrix.spec.ts","59","Lanternwake canonical event matrix › canonical Group E: objective and quest progression","chromium","journal-ready-state","retired PlayerExperience presentation lifecycle","CURRENT_PRODUCT_CONTRACT","CURRENT_CONTRACT_MIGRATED","browser.player-journal","sl-test-d764be95a307b5ef6ffa","","sl-semantic-f20f988b24887de0337c","tests/e2e/phase3-player-event-matrix.spec.ts","journal-ready-state","The current governed case protects the same observable product contract in its owned focused family.","Mapped by exact current identity or focused browser.player-journal contract ownership; no P34 container is selected.","Historical Playwright discovery at 073e09b1bc0ded5b0d595bf99f0db1b11aafb3b9; P34 remains archived, unselectable, and unexecuted.","Historical outcomes are archival evidence, not current release evidence."
"p34-5a53746245502fb43f31","tests/e2e/phase3-player-event-matrix.spec.ts","59","Lanternwake canonical event matrix › canonical Group F: finale progression","chromium","journal-ready-state","retired PlayerExperience presentation lifecycle","CURRENT_PRODUCT_CONTRACT","CURRENT_CONTRACT_MIGRATED","browser.player-journal","sl-test-44f0a519ef506677821c","","sl-semantic-6766afc2e0867df7663c","tests/e2e/phase3-player-event-matrix.spec.ts","journal-ready-state","The current governed case protects the same observable product contract in its owned focused family.","Mapped by exact current identity or focused browser.player-journal contract ownership; no P34 container is selected.","Historical Playwright discovery at 073e09b1bc0ded5b0d595bf99f0db1b11aafb3b9; P34 remains archived, unselectable, and unexecuted.","Historical outcomes are archival evidence, not current release evidence."
"p34-361f8fbf9416b87ff0fb","tests/e2e/phase3-player-event-matrix.spec.ts","59","Lanternwake canonical event matrix › canonical Group G: session control","chromium","journal-ready-state","retired PlayerExperience presentation lifecycle","CURRENT_PRODUCT_CONTRACT","CURRENT_CONTRACT_MIGRATED","browser.player-journal","sl-test-6b7cfb2bde1b745553bd","","sl-semantic-27f7240b7b46fafd60a6","tests/e2e/phase3-player-event-matrix.spec.ts","journal-ready-state","The current governed case protects the same observable product contract in its owned focused family.","Mapped by exact current identity or focused browser.player-journal contract ownership; no P34 container is selected.","Historical Playwright discovery at 073e09b1bc0ded5b0d595bf99f0db1b11aafb3b9; P34 remains archived, unselectable, and unexecuted.","Historical outcomes are archival evidence, not current release evidence."
"p34-2b921c9762c5e9c2180c","tests/e2e/phase3-player-motion.spec.ts","22","Lanternwake canonical journal motion policy › P3-MOTION-001 M1 canonical journal policy","chromium","journal-ready-state","retired PlayerExperience presentation lifecycle","CURRENT_PRODUCT_CONTRACT","CURRENT_CONTRACT_MIGRATED","browser.player-journal","sl-test-2b921c9762c5e9c2180c","","sl-semantic-4b8542ddb077bfef42a5","tests/e2e/phase3-player-motion.spec.ts","journal-ready-state","The current governed case protects the same observable product contract in its owned focused family.","Mapped by exact current identity or focused browser.player-journal contract ownership; no P34 container is selected.","Historical Playwright discovery at 073e09b1bc0ded5b0d595bf99f0db1b11aafb3b9; P34 remains archived, unselectable, and unexecuted.","Historical outcomes are archival evidence, not current release evidence."
"p34-ed7de8ed4dfc0346b2c0","tests/e2e/phase3-player-motion.spec.ts","22","Lanternwake canonical journal motion policy › P3-MOTION-002 M2 canonical journal policy","chromium","journal-ready-state","retired PlayerExperience presentation lifecycle","CURRENT_PRODUCT_CONTRACT","CURRENT_CONTRACT_MIGRATED","browser.player-journal","sl-test-ed7de8ed4dfc0346b2c0","","sl-semantic-92a5efa37332506e0cdc","tests/e2e/phase3-player-motion.spec.ts","journal-ready-state","The current governed case protects the same observable product contract in its owned focused family.","Mapped by exact current identity or focused browser.player-journal contract ownership; no P34 container is selected.","Historical Playwright discovery at 073e09b1bc0ded5b0d595bf99f0db1b11aafb3b9; P34 remains archived, unselectable, and unexecuted.","Historical outcomes are archival evidence, not current release evidence."
"p34-95e2b285e0244c34b999","tests/e2e/phase3-player-motion.spec.ts","22","Lanternwake canonical journal motion policy › P3-MOTION-003 M3 canonical journal policy","chromium","journal-ready-state","retired PlayerExperience presentation lifecycle","CURRENT_PRODUCT_CONTRACT","CURRENT_CONTRACT_MIGRATED","browser.player-journal","sl-test-95e2b285e0244c34b999","","sl-semantic-9566b1ec5bd90fc9eab6","tests/e2e/phase3-player-motion.spec.ts","journal-ready-state","The current governed case protects the same observable product contract in its owned focused family.","Mapped by exact current identity or focused browser.player-journal contract ownership; no P34 container is selected.","Historical Playwright discovery at 073e09b1bc0ded5b0d595bf99f0db1b11aafb3b9; P34 remains archived, unselectable, and unexecuted.","Historical outcomes are archival evidence, not current release evidence."
"p34-17340d47efbe338a6c70","tests/e2e/phase3-player-motion.spec.ts","22","Lanternwake canonical journal motion policy › P3-MOTION-004 M4 canonical journal policy","chromium","journal-ready-state","retired PlayerExperience presentation lifecycle","CURRENT_PRODUCT_CONTRACT","CURRENT_CONTRACT_MIGRATED","browser.player-journal","sl-test-17340d47efbe338a6c70","","sl-semantic-85be8d71b681fe0f3198","tests/e2e/phase3-player-motion.spec.ts","journal-ready-state","The current governed case protects the same observable product contract in its owned focused family.","Mapped by exact current identity or focused browser.player-journal contract ownership; no P34 container is selected.","Historical Playwright discovery at 073e09b1bc0ded5b0d595bf99f0db1b11aafb3b9; P34 remains archived, unselectable, and unexecuted.","Historical outcomes are archival evidence, not current release evidence."
"p34-70cdc618222fc1689bea","tests/e2e/phase3-player-motion.spec.ts","22","Lanternwake canonical journal motion policy › P3-MOTION-005 M5 canonical journal policy","chromium","journal-ready-state","retired PlayerExperience presentation lifecycle","CURRENT_PRODUCT_CONTRACT","CURRENT_CONTRACT_MIGRATED","browser.player-journal","sl-test-70cdc618222fc1689bea","","sl-semantic-07bfd5c83757119d711c","tests/e2e/phase3-player-motion.spec.ts","journal-ready-state","The current governed case protects the same observable product contract in its owned focused family.","Mapped by exact current identity or focused browser.player-journal contract ownership; no P34 container is selected.","Historical Playwright discovery at 073e09b1bc0ded5b0d595bf99f0db1b11aafb3b9; P34 remains archived, unselectable, and unexecuted.","Historical outcomes are archival evidence, not current release evidence."
"p34-e3e70a124f7c31e42ae4","tests/e2e/phase3-replay-resilience.spec.ts","16","Lanternwake canonical journal replay resilience › P3-REPLAY-001 reentry and refresh preserve one canonical presentation event","chromium","journal-ready-state","retired PlayerExperience presentation lifecycle","CURRENT_PRODUCT_CONTRACT","CURRENT_CONTRACT_MIGRATED","browser.player-journal","sl-test-e3e70a124f7c31e42ae4","","sl-semantic-7678efab862925775177","tests/e2e/phase3-replay-resilience.spec.ts","journal-ready-state","The current governed case protects the same observable product contract in its owned focused family.","Mapped by exact current identity or focused browser.player-journal contract ownership; no P34 container is selected.","Historical Playwright discovery at 073e09b1bc0ded5b0d595bf99f0db1b11aafb3b9; P34 remains archived, unselectable, and unexecuted.","Historical outcomes are archival evidence, not current release evidence."
"p34-b3dacf562d60ac93de56","tests/e2e/phase3-visual-checkpoints.spec.ts","1630","captures the exact sanitized 57-row Phase 3 visual checkpoint catalog","chromium","journal-ready-state","retired PlayerExperience presentation lifecycle","CONSOLIDATED_CURRENT_CONTRACT","REPLACED_CANONICAL","browser.player-journal","sl-test-17a8d389abb4b7a44246;sl-test-6d141302dd569648635e","","sl-semantic-153711fc67504e17680c;sl-semantic-10da95b56c119939ea17","tests/e2e/phase3-visual-checkpoints.spec.ts;tests/e2e/phase3-visual-checkpoints.spec.ts","journal-ready-state;journal-ready-state","The focused current family provides consolidated equal-or-stronger coverage for the retained behavior.","Mapped by exact current identity or focused browser.player-journal contract ownership; no P34 container is selected.","Historical Playwright discovery at 073e09b1bc0ded5b0d595bf99f0db1b11aafb3b9; P34 remains archived, unselectable, and unexecuted.","Historical outcomes are archival evidence, not current release evidence."
"p34-3f9c607ca6e5a80b158e","tests/e2e/project-one-voyage-phase2.spec.ts","148","Project One Voyage Phase 2 compatibility acceptance › A: the historical Player doorway resolves canonical state without legacy writes or replay","chromium","invitation-acceptance","retired shared PlayerExperience access flow","CURRENT_PRODUCT_CONTRACT","CURRENT_CONTRACT_MIGRATED","browser.invitations","sl-test-3f9c607ca6e5a80b158e","","sl-semantic-2b6bc39d2849097d8499","tests/e2e/project-one-voyage-phase2.spec.ts","invitation-acceptance","The current governed case protects the same observable product contract in its owned focused family.","Mapped by exact current identity or focused browser.invitations contract ownership; no P34 container is selected.","Historical Playwright discovery at 073e09b1bc0ded5b0d595bf99f0db1b11aafb3b9; P34 remains archived, unselectable, and unexecuted.","Historical outcomes are archival evidence, not current release evidence."
"p34-e5327af4399468f36e5e","tests/e2e/project-one-voyage-phase2.spec.ts","230","Project One Voyage Phase 2 compatibility acceptance › B: revocation denies the retained credential without restoring membership or issuing a session","chromium","invitation-acceptance","retired shared PlayerExperience access flow","CURRENT_PRODUCT_CONTRACT","CURRENT_CONTRACT_MIGRATED","browser.invitations","sl-test-e5327af4399468f36e5e","","sl-semantic-6a8070fd44d23b7c5b3d","tests/e2e/project-one-voyage-phase2.spec.ts","invitation-acceptance","The current governed case protects the same observable product contract in its owned focused family.","Mapped by exact current identity or focused browser.invitations contract ownership; no P34 container is selected.","Historical Playwright discovery at 073e09b1bc0ded5b0d595bf99f0db1b11aafb3b9; P34 remains archived, unselectable, and unexecuted.","Historical outcomes are archival evidence, not current release evidence."
"p34-3844a678ace9e4773e2a","tests/e2e/project-one-voyage-phase2.spec.ts","280","Project One Voyage Phase 2 compatibility acceptance › C: Quartermaster hands off to Captain and writes one canonical command receipt","chromium","invitation-acceptance","retired shared PlayerExperience access flow","CURRENT_PRODUCT_CONTRACT","CURRENT_CONTRACT_MIGRATED","browser.invitations","sl-test-3844a678ace9e4773e2a","","sl-semantic-c290fa1959959c69818b","tests/e2e/project-one-voyage-phase2.spec.ts","invitation-acceptance","The current governed case protects the same observable product contract in its owned focused family.","Mapped by exact current identity or focused browser.invitations contract ownership; no P34 container is selected.","Historical Playwright discovery at 073e09b1bc0ded5b0d595bf99f0db1b11aafb3b9; P34 remains archived, unselectable, and unexecuted.","Historical outcomes are archival evidence, not current release evidence."
"p34-2ba0bc953457e772bfd6","tests/e2e/sealed-hold-phase4.spec.ts","45","Phase 4 authenticated protected-media workflow is private, accessible, revocable, and restart-safe","chromium","authentication-authorization","retired P34 broad browser container","CURRENT_PRODUCT_CONTRACT","CURRENT_CONTRACT_MIGRATED","browser.private-operations","sl-test-2ba0bc953457e772bfd6","","sl-semantic-de9f78db87ca6670efe0","tests/e2e/sealed-hold-phase4.spec.ts","authentication-authorization","The current governed case protects the same observable product contract in its owned focused family.","Mapped by exact current identity or focused browser.private-operations contract ownership; no P34 container is selected.","Historical Playwright discovery at 073e09b1bc0ded5b0d595bf99f0db1b11aafb3b9; P34 remains archived, unselectable, and unexecuted.","Historical outcomes are archival evidence, not current release evidence."
"p34-8b0dcc8d1e07c6b19342","tests/e2e/voyagewright-language.spec.ts","13","public routes present Voyagewright language without inherited product terms","chromium","authentication-authorization","retired P34 broad browser container","CURRENT_PRODUCT_CONTRACT","CURRENT_CONTRACT_MIGRATED","browser.cross-project","sl-test-8b0dcc8d1e07c6b19342","","sl-semantic-8db0b16aeb86b2228950","tests/e2e/voyagewright-language.spec.ts","authentication-authorization","The current governed case protects the same observable product contract in its owned focused family.","Mapped by exact current identity or focused browser.cross-project contract ownership; no P34 container is selected.","Historical Playwright discovery at 073e09b1bc0ded5b0d595bf99f0db1b11aafb3b9; P34 remains archived, unselectable, and unexecuted.","Historical outcomes are archival evidence, not current release evidence."
"p34-b7ae5abdbda78652ffe6","tests/e2e/wayfarer-phase3.spec.ts","209","Wayfarer Phase 3 authenticated Passport history is private, pinned, consent-filtered, and read-only","chromium","wayfarer-history-projection","retired P34 broad browser container","CURRENT_PRODUCT_CONTRACT","CURRENT_CONTRACT_MIGRATED","browser.passport","sl-test-4b9aac47822953ec550b","sl-test-2f42aabcbf3674fff186;sl-test-b7ae5abdbda78652ffe6","sl-semantic-f4ff021284cd858aa6c6","tests/e2e/wayfarer-phase3.spec.ts","wayfarer-history-projection","The current governed case protects the same observable product contract in its owned focused family.","Mapped by exact current identity or focused browser.passport contract ownership; no P34 container is selected.","Historical Playwright discovery at 073e09b1bc0ded5b0d595bf99f0db1b11aafb3b9; P34 remains archived, unselectable, and unexecuted.","Historical outcomes are archival evidence, not current release evidence."
"p34-02e7db34b1f45fe6edfb","tests/e2e/wayfarer-phase4.spec.ts","128","Wayfarer Phase 4 projects only receipt-authorized artifacts and protects private cabinet data","chromium","wayfarer-history-projection","retired P34 broad browser container","CURRENT_PRODUCT_CONTRACT","CURRENT_CONTRACT_MIGRATED","browser.artifacts","sl-test-9ca2e71271df3fb4829a","","sl-semantic-3dbe863a6a509566ef31","tests/e2e/wayfarer-phase4.spec.ts","wayfarer-history-projection","The current governed case protects the same observable product contract in its owned focused family.","Mapped by exact current identity or focused browser.artifacts contract ownership; no P34 container is selected.","Historical Playwright discovery at 073e09b1bc0ded5b0d595bf99f0db1b11aafb3b9; P34 remains archived, unselectable, and unexecuted.","Historical outcomes are archival evidence, not current release evidence."
"p34-452b15efba9b109a1fce","tests/e2e/wayfarer-phase2.spec.ts","11","Wayfarer Passport persists a private profile, preferences, media, and a simulator identity","wayfarer-phase2","wayfarer-history-projection","retired P34 broad browser container","CONSOLIDATED_CURRENT_CONTRACT","REPLACED_CANONICAL","browser.passport","sl-test-0feb9c3b3f270f44ed2d;sl-test-a67574ab22c7057d63c6","","sl-semantic-4c436fc0bbcb9c8b6b31;sl-semantic-61cd9d8622fed7d792c7","tests/e2e/wayfarer-phase2.spec.ts;tests/e2e/wayfarer-phase2.spec.ts","wayfarer-history-projection;wayfarer-history-projection","The focused current family provides consolidated equal-or-stronger coverage for the retained behavior.","Mapped by exact current identity or focused browser.passport contract ownership; no P34 container is selected.","Historical Playwright discovery at 073e09b1bc0ded5b0d595bf99f0db1b11aafb3b9; P34 remains archived, unselectable, and unexecuted.","Historical outcomes are archival evidence, not current release evidence."
"p34-c881e5096365671ba00d","tests/e2e/wayfarer-phase2.spec.ts","88","Wayfarer Passport remains operable at required responsive viewports","wayfarer-phase2","wayfarer-history-projection","retired P34 broad browser container","CURRENT_PRODUCT_CONTRACT","CURRENT_CONTRACT_MIGRATED","browser.passport","sl-test-a67574ab22c7057d63c6","","sl-semantic-61cd9d8622fed7d792c7","tests/e2e/wayfarer-phase2.spec.ts","wayfarer-history-projection","The current governed case protects the same observable product contract in its owned focused family.","Mapped by exact current identity or focused browser.passport contract ownership; no P34 container is selected.","Historical Playwright discovery at 073e09b1bc0ded5b0d595bf99f0db1b11aafb3b9; P34 remains archived, unselectable, and unexecuted.","Historical outcomes are archival evidence, not current release evidence."
"p34-0e422eae479283570b55","tests/e2e/wayfarer-phase3.spec.ts","209","Wayfarer Phase 3 authenticated Passport history is private, pinned, consent-filtered, and read-only","wayfarer-phase3","wayfarer-history-projection","retired P34 broad browser container","CURRENT_PRODUCT_CONTRACT","CURRENT_CONTRACT_MIGRATED","browser.passport","sl-test-9c8da41562046ed33142","sl-test-0e422eae479283570b55;sl-test-d2b505cf5569574729bf","sl-semantic-b2eab87792c6ceb33605","tests/e2e/wayfarer-phase3.spec.ts","wayfarer-history-projection","The current governed case protects the same observable product contract in its owned focused family.","Mapped by exact current identity or focused browser.passport contract ownership; no P34 container is selected.","Historical Playwright discovery at 073e09b1bc0ded5b0d595bf99f0db1b11aafb3b9; P34 remains archived, unselectable, and unexecuted.","Historical outcomes are archival evidence, not current release evidence."
"p34-100027a5c53064e41085","tests/e2e/wayfarer-phase4.spec.ts","128","Wayfarer Phase 4 projects only receipt-authorized artifacts and protects private cabinet data","wayfarer-phase4","wayfarer-history-projection","retired P34 broad browser container","CURRENT_PRODUCT_CONTRACT","CURRENT_CONTRACT_MIGRATED","browser.artifacts","sl-test-b635ae7516e567a2ddb5","","sl-semantic-7611343087ad621096e6","tests/e2e/wayfarer-phase4.spec.ts","wayfarer-history-projection","The current governed case protects the same observable product contract in its owned focused family.","Mapped by exact current identity or focused browser.artifacts contract ownership; no P34 container is selected.","Historical Playwright discovery at 073e09b1bc0ded5b0d595bf99f0db1b11aafb3b9; P34 remains archived, unselectable, and unexecuted.","Historical outcomes are archival evidence, not current release evidence."
"p34-fadf27ee58c53053533e","tests/e2e/harborlight-phase2.spec.ts","12","Harborlight Studio access and Exchange package installation are isolated and authoritative","harborlight-phase2","authentication-authorization","retired shared community browser container","CURRENT_PRODUCT_CONTRACT","CURRENT_CONTRACT_MIGRATED","browser.community","sl-test-fadf27ee58c53053533e","","sl-semantic-396dacef17d3e8296e86","tests/e2e/harborlight-phase2.spec.ts","authentication-authorization","The current governed case protects the same observable product contract in its owned focused family.","Mapped by exact current identity or focused browser.community contract ownership; no P34 container is selected.","Historical Playwright discovery at 073e09b1bc0ded5b0d595bf99f0db1b11aafb3b9; P34 remains archived, unselectable, and unexecuted.","Historical outcomes are archival evidence, not current release evidence."
"p34-fd809d279ddcbba964bb","tests/e2e/harborlight-phase2.spec.ts","247","H2: hash-attested synthetic 2D artifact publication persists its immutable package","harborlight-phase2","authentication-authorization","retired P34 broad browser container","CURRENT_PRODUCT_CONTRACT","CURRENT_CONTRACT_MIGRATED","browser.artifacts","sl-test-f681554e4ba606257f9f","","sl-semantic-a03cb7dde9329c41849e","tests/e2e/harborlight-phase2.spec.ts","authentication-authorization","The current governed case protects the same observable product contract in its owned focused family.","Mapped by exact current identity or focused browser.artifacts contract ownership; no P34 container is selected.","Historical Playwright discovery at 073e09b1bc0ded5b0d595bf99f0db1b11aafb3b9; P34 remains archived, unselectable, and unexecuted.","Historical outcomes are archival evidence, not current release evidence."
"p34-ee8e7b239bf0917fd4aa","tests/e2e/harborlight-phase2.spec.ts","473","H3: hash-attested GLB publication accepts only the exact embedded fixture and preserves fallback metadata","harborlight-phase2","authentication-authorization","retired shared community browser container","CURRENT_PRODUCT_CONTRACT","CURRENT_CONTRACT_MIGRATED","browser.community","sl-test-7422b713654ecb80facb","","sl-semantic-6b900948e930d1d66ea8","tests/e2e/harborlight-phase2.spec.ts","authentication-authorization","The current governed case protects the same observable product contract in its owned focused family.","Mapped by exact current identity or focused browser.community contract ownership; no P34 container is selected.","Historical Playwright discovery at 073e09b1bc0ded5b0d595bf99f0db1b11aafb3b9; P34 remains archived, unselectable, and unexecuted.","Historical outcomes are archival evidence, not current release evidence."
"p34-6be15406696ff6950a6e","tests/e2e/harborlight-phase3.spec.ts","40","Harborlight Phase 3 persisted browser acceptance › public discovery, Guides, metadata, keyboard operation, mobile layout, and reduced motion remain safe","harborlight-phase3","authentication-authorization","retired shared community browser container","CURRENT_PRODUCT_CONTRACT","CURRENT_CONTRACT_MIGRATED","browser.community","sl-test-6be15406696ff6950a6e","","sl-semantic-a4643d712b10f1834820","tests/e2e/harborlight-phase3.spec.ts","authentication-authorization","The current governed case protects the same observable product contract in its owned focused family.","Mapped by exact current identity or focused browser.community contract ownership; no P34 container is selected.","Historical Playwright discovery at 073e09b1bc0ded5b0d595bf99f0db1b11aafb3b9; P34 remains archived, unselectable, and unexecuted.","Historical outcomes are archival evidence, not current release evidence."
"p34-fb9b621bff2cbe98210f","tests/e2e/harborlight-phase3.spec.ts","70","Harborlight Phase 3 persisted browser acceptance › owner editor is private, revision-safe, and never reveals upstream source or storage identity","harborlight-phase3","authentication-authorization","retired shared community browser container","CURRENT_PRODUCT_CONTRACT","CURRENT_CONTRACT_MIGRATED","browser.community","sl-test-aade5cbb0bb6eaf92a7d","","sl-semantic-e598b4e4a9a7c404df8d","tests/e2e/harborlight-phase3.spec.ts","authentication-authorization","The current governed case protects the same observable product contract in its owned focused family.","Mapped by exact current identity or focused browser.community contract ownership; no P34 container is selected.","Historical Playwright discovery at 073e09b1bc0ded5b0d595bf99f0db1b11aafb3b9; P34 remains archived, unselectable, and unexecuted.","Historical outcomes are archival evidence, not current release evidence."
"p34-719b11157a10b3ca08dc","tests/e2e/harborlight-phase3.spec.ts","92","Harborlight Phase 3 persisted browser acceptance › visibility is authorization-derived, exact-link unlisted is governed, and public projections remain privacy safe","harborlight-phase3","authentication-authorization","retired shared community browser container","CURRENT_PRODUCT_CONTRACT","CURRENT_CONTRACT_MIGRATED","browser.community","sl-test-0d1064104c7ee62b2e75","","sl-semantic-20e62e67511da99a0635","tests/e2e/harborlight-phase3.spec.ts","authentication-authorization","The current governed case protects the same observable product contract in its owned focused family.","Mapped by exact current identity or focused browser.community contract ownership; no P34 container is selected.","Historical Playwright discovery at 073e09b1bc0ded5b0d595bf99f0db1b11aafb3b9; P34 remains archived, unselectable, and unexecuted.","Historical outcomes are archival evidence, not current release evidence."
"p34-682f9c429ea770cc5078","tests/e2e/harborlight-phase3.spec.ts","122","Harborlight Phase 3 persisted browser acceptance › social and collection mutations are CSRF-bound, persisted, and deny a foreign owner","harborlight-phase3","authentication-authorization","retired shared community browser container","CURRENT_PRODUCT_CONTRACT","CURRENT_CONTRACT_MIGRATED","browser.community","sl-test-8295e6a42b8ecb1e1ff4","","sl-semantic-38ad3ec4cff493d19b7d","tests/e2e/harborlight-phase3.spec.ts","authentication-authorization","The current governed case protects the same observable product contract in its owned focused family.","Mapped by exact current identity or focused browser.community contract ownership; no P34 container is selected.","Historical Playwright discovery at 073e09b1bc0ded5b0d595bf99f0db1b11aafb3b9; P34 remains archived, unselectable, and unexecuted.","Historical outcomes are archival evidence, not current release evidence."
"p34-90973f0dc448e83dcece","tests/e2e/acceptance.spec.ts","51","canonical Chronicle invitation journey keeps Player and Captain boundaries intact","webkit-mobile","authentication-authorization","retired P34 broad browser container","CURRENT_PRODUCT_CONTRACT","CURRENT_CONTRACT_MIGRATED","browser.player-library","sl-test-3f263f343d007a402d1b","","sl-semantic-6d7895f319d4c045eb7f","tests/e2e/acceptance.spec.ts","authentication-authorization","The current governed case protects the same observable product contract in its owned focused family.","Mapped by exact current identity or focused browser.player-library contract ownership; no P34 container is selected.","Historical Playwright discovery at 073e09b1bc0ded5b0d595bf99f0db1b11aafb3b9; P34 remains archived, unselectable, and unexecuted.","Historical outcomes are archival evidence, not current release evidence."
"p34-1d1cc7cc741d8e633ce0","tests/e2e/access-gates.spec.ts","4","Player sign-in remains public, accessible, and does not grant a Chronicle session","webkit-mobile","authentication-authorization","retired shared PlayerExperience access flow","CURRENT_PRODUCT_CONTRACT","CURRENT_CONTRACT_MIGRATED","browser.auth","sl-test-5b9abd4cb30639fb18cb","","sl-semantic-43ffe77ddfcc0663c1ab","tests/e2e/access-gates.spec.ts","authentication-authorization","The current governed case protects the same observable product contract in its owned focused family.","Mapped by exact current identity or focused browser.auth contract ownership; no P34 container is selected.","Historical Playwright discovery at 073e09b1bc0ded5b0d595bf99f0db1b11aafb3b9; P34 remains archived, unselectable, and unexecuted.","Historical outcomes are archival evidence, not current release evidence."
"p34-2da3ed29220489c6bc44","tests/e2e/access-gates.spec.ts","20","Quartermaster bookmarks redirect to canonical Captain sign-in across supported browsers","webkit-mobile","authentication-authorization","retired shared PlayerExperience access flow","CURRENT_PRODUCT_CONTRACT","CURRENT_CONTRACT_MIGRATED","browser.auth","sl-test-04357a599cbd4ddb39a3","","sl-semantic-fce7721328a016f8e508","tests/e2e/access-gates.spec.ts","authentication-authorization","The current governed case protects the same observable product contract in its owned focused family.","Mapped by exact current identity or focused browser.auth contract ownership; no P34 container is selected.","Historical Playwright discovery at 073e09b1bc0ded5b0d595bf99f0db1b11aafb3b9; P34 remains archived, unselectable, and unexecuted.","Historical outcomes are archival evidence, not current release evidence."
"p34-a2c5309b320f43800710","tests/e2e/access-gates.spec.ts","27","published Chronicle catalog is public while Studio remains protected","webkit-mobile","authentication-authorization","retired shared PlayerExperience access flow","CURRENT_PRODUCT_CONTRACT","CURRENT_CONTRACT_MIGRATED","browser.auth","sl-test-cd3b2622381fc2708907","","sl-semantic-39556a6a4198227c052d","tests/e2e/access-gates.spec.ts","authentication-authorization","The current governed case protects the same observable product contract in its owned focused family.","Mapped by exact current identity or focused browser.auth contract ownership; no P34 container is selected.","Historical Playwright discovery at 073e09b1bc0ded5b0d595bf99f0db1b11aafb3b9; P34 remains archived, unselectable, and unexecuted.","Historical outcomes are archival evidence, not current release evidence."
"p34-d3de3163a88dcac509ee","tests/e2e/animations.spec.ts","4","first arrival supports skip, replay, reduced motion, and a semantic destination","webkit-mobile","journal-ready-state","retired PlayerExperience presentation lifecycle","CURRENT_PRODUCT_CONTRACT","CURRENT_CONTRACT_MIGRATED","browser.animation-lifecycle","sl-test-d3de3163a88dcac509ee","","sl-semantic-c231b41a51a0cf37a975","tests/e2e/animations.spec.ts","journal-ready-state","The current governed case protects the same observable product contract in its owned focused family.","Mapped by exact current identity or focused browser.animation-lifecycle contract ownership; no P34 container is selected.","Historical Playwright discovery at 073e09b1bc0ded5b0d595bf99f0db1b11aafb3b9; P34 remains archived, unselectable, and unexecuted.","Historical outcomes are archival evidence, not current release evidence."
"p34-257bab97e675ab98e99e","tests/e2e/animations.spec.ts","37","development showcase exercises transport, trailer, assets, page turns, and local-only network policy","webkit-mobile","journal-ready-state","retired PlayerExperience presentation lifecycle","CURRENT_PRODUCT_CONTRACT","CURRENT_CONTRACT_MIGRATED","browser.animation-lifecycle","sl-test-257bab97e675ab98e99e","","sl-semantic-dd52665d66b6c2dac016","tests/e2e/animations.spec.ts","journal-ready-state","The current governed case protects the same observable product contract in its owned focused family.","Mapped by exact current identity or focused browser.animation-lifecycle contract ownership; no P34 container is selected.","Historical Playwright discovery at 073e09b1bc0ded5b0d595bf99f0db1b11aafb3b9; P34 remains archived, unselectable, and unexecuted.","Historical outcomes are archival evidence, not current release evidence."
"p34-3362577a749dcbdd248f","tests/e2e/chronicle-platform.spec.ts","11","the role gateway is responsive, reduced-motion aware, and never grants authorization","webkit-mobile","authentication-authorization","retired P34 broad browser container","CURRENT_PRODUCT_CONTRACT","CURRENT_CONTRACT_MIGRATED","browser.player-library","sl-test-3362577a749dcbdd248f","","sl-semantic-7010dc8275c65ea61148","tests/e2e/chronicle-platform.spec.ts","authentication-authorization","The current governed case protects the same observable product contract in its owned focused family.","Mapped by exact current identity or focused browser.player-library contract ownership; no P34 container is selected.","Historical Playwright discovery at 073e09b1bc0ded5b0d595bf99f0db1b11aafb3b9; P34 remains archived, unselectable, and unexecuted.","Historical outcomes are archival evidence, not current release evidence."
"p34-0e1a1f4f18e8825105ff","tests/e2e/chronicle-platform.spec.ts","31","Captain invitation, immutable version, Player runtime, archive, and revocation form one persisted journey","webkit-mobile","authentication-authorization","retired P34 broad browser container","CURRENT_PRODUCT_CONTRACT","CURRENT_CONTRACT_MIGRATED","browser.player-library","sl-test-0e1a1f4f18e8825105ff","","sl-semantic-dd6c05b72a89fd9d6c32","tests/e2e/chronicle-platform.spec.ts","authentication-authorization","The current governed case protects the same observable product contract in its owned focused family.","Mapped by exact current identity or focused browser.player-library contract ownership; no P34 container is selected.","Historical Playwright discovery at 073e09b1bc0ded5b0d595bf99f0db1b11aafb3b9; P34 remains archived, unselectable, and unexecuted.","Historical outcomes are archival evidence, not current release evidence."
"p34-4791b57c9be29d731e45","tests/e2e/chronicle-studio.spec.ts","35","published Studio tale completes through player, Captain, and helper contracts","webkit-mobile","authentication-authorization","retired shared PlayerExperience operator surface","CURRENT_PRODUCT_CONTRACT","CURRENT_CONTRACT_MIGRATED","browser.studio","sl-test-4d1eb77eee9400afc2ca","","sl-semantic-02a706327941abc7accd","tests/e2e/chronicle-studio.spec.ts","authentication-authorization","The current governed case protects the same observable product contract in its owned focused family.","Mapped by exact current identity or focused browser.studio contract ownership; no P34 container is selected.","Historical Playwright discovery at 073e09b1bc0ded5b0d595bf99f0db1b11aafb3b9; P34 remains archived, unselectable, and unexecuted.","Historical outcomes are archival evidence, not current release evidence."
"p34-47f67e26ea0e35dfd7da","tests/e2e/chronicle-studio.spec.ts","169","Studio editor exposes searchable authoring tools and responsive isolated preview","webkit-mobile","authentication-authorization","retired shared PlayerExperience operator surface","CURRENT_PRODUCT_CONTRACT","CURRENT_CONTRACT_MIGRATED","browser.studio","sl-test-adf27f401f2097d4f513","","sl-semantic-7cc37c5ac37fc41d7840","tests/e2e/chronicle-studio.spec.ts","authentication-authorization","The current governed case protects the same observable product contract in its owned focused family.","Mapped by exact current identity or focused browser.studio contract ownership; no P34 container is selected.","Historical Playwright discovery at 073e09b1bc0ded5b0d595bf99f0db1b11aafb3b9; P34 remains archived, unselectable, and unexecuted.","Historical outcomes are archival evidence, not current release evidence."
"p34-690727ea5b3bd83228ab","tests/e2e/chronicle-studio.spec.ts","225","creator authors, aligns, publishes, plays, and reviews a media-rich tale","webkit-mobile","authentication-authorization","retired shared PlayerExperience operator surface","CURRENT_PRODUCT_CONTRACT","CURRENT_CONTRACT_MIGRATED","browser.studio","sl-test-e7562edbe0303c29e1c6","","sl-semantic-4da4fbab49b0171673f4","tests/e2e/chronicle-studio.spec.ts","authentication-authorization","The current governed case protects the same observable product contract in its owned focused family.","Mapped by exact current identity or focused browser.studio contract ownership; no P34 container is selected.","Historical Playwright discovery at 073e09b1bc0ded5b0d595bf99f0db1b11aafb3b9; P34 remains archived, unselectable, and unexecuted.","Historical outcomes are archival evidence, not current release evidence."
"p34-4774d93e1425319743b6","tests/e2e/command-center.spec.ts","78","preview is nonmutating, stale commands conflict, and idempotency replays safely","webkit-mobile","authentication-authorization","retired shared PlayerExperience operator surface","CURRENT_PRODUCT_CONTRACT","CURRENT_CONTRACT_MIGRATED","browser.captain","sl-test-ab054d9ddb31d72bd9fb","sl-test-4774d93e1425319743b6","sl-semantic-e5ff95872d9dc6e93045","tests/e2e/command-center.spec.ts","authentication-authorization","The current governed case protects the same observable product contract in its owned focused family.","Mapped by exact current identity or focused browser.captain contract ownership; no P34 container is selected.","Historical Playwright discovery at 073e09b1bc0ded5b0d595bf99f0db1b11aafb3b9; P34 remains archived, unselectable, and unexecuted.","Historical outcomes are archival evidence, not current release evidence."
"p34-d5e28dc328f1e683af9c","tests/e2e/command-center.spec.ts","147","Captain command preparation is browser-authenticated, durable, and idempotent","webkit-mobile","authentication-authorization","retired shared PlayerExperience operator surface","CURRENT_PRODUCT_CONTRACT","CURRENT_CONTRACT_MIGRATED","browser.captain","sl-test-8b92ad3f1f5b0698966c","sl-test-d5e28dc328f1e683af9c","sl-semantic-937b17a937d9d0534e4f","tests/e2e/command-center.spec.ts","authentication-authorization","The current governed case protects the same observable product contract in its owned focused family.","Mapped by exact current identity or focused browser.captain contract ownership; no P34 container is selected.","Historical Playwright discovery at 073e09b1bc0ded5b0d595bf99f0db1b11aafb3b9; P34 remains archived, unselectable, and unexecuted.","Historical outcomes are archival evidence, not current release evidence."
"p34-b123f90e14a3de9075f9","tests/e2e/command-center.spec.ts","229","workspace routes preserve the newest Quartermaster surface and remain accessible","webkit-mobile","authentication-authorization","retired shared PlayerExperience operator surface","CURRENT_PRODUCT_CONTRACT","CURRENT_CONTRACT_MIGRATED","browser.captain","sl-test-c2b6b6cad12b0b26ce0e","sl-test-b123f90e14a3de9075f9","sl-semantic-60ca6006ec6a4d5649d7","tests/e2e/command-center.spec.ts","authentication-authorization","The current governed case protects the same observable product contract in its owned focused family.","Mapped by exact current identity or focused browser.captain contract ownership; no P34 container is selected.","Historical Playwright discovery at 073e09b1bc0ded5b0d595bf99f0db1b11aafb3b9; P34 remains archived, unselectable, and unexecuted.","Historical outcomes are archival evidence, not current release evidence."
"p34-5bb10079d730474511ef","tests/e2e/lanternwake-access-transitions.spec.ts","164","Lanternwake Phase 1 access transition final-state holds › Player invitation access holds its committed seal-release pose until the voyage surface is visible","webkit-mobile","authentication-authorization","retired shared PlayerExperience access flow","CURRENT_PRODUCT_CONTRACT","CURRENT_CONTRACT_MIGRATED","browser.invitations","sl-test-a19ce294fc973120b052","sl-test-5bb10079d730474511ef","sl-semantic-6967df1071032fa3978c","tests/e2e/lanternwake-access-transitions.spec.ts","authentication-authorization","The current governed case protects the same observable product contract in its owned focused family.","Mapped by exact current identity or focused browser.invitations contract ownership; no P34 container is selected.","Historical Playwright discovery at 073e09b1bc0ded5b0d595bf99f0db1b11aafb3b9; P34 remains archived, unselectable, and unexecuted.","Historical outcomes are archival evidence, not current release evidence."
"p34-7a802be9fdbc9125a007","tests/e2e/lanternwake-access-transitions.spec.ts","197","Lanternwake Phase 1 access transition final-state holds › Quartermaster login holds its committed open-door pose until the command surface is visible","webkit-mobile","authentication-authorization","retired shared PlayerExperience access flow","CONSOLIDATED_CURRENT_CONTRACT","REPLACED_CANONICAL","browser.invitations","sl-test-4fd0c15830e5cf89c71b;sl-test-3f6887d7997e9e742a7b;sl-test-a19ce294fc973120b052","","sl-semantic-008bd0ac4a3abb0fe9b2;sl-semantic-c6c90df4c6413e688a02;sl-semantic-6967df1071032fa3978c","tests/e2e/lanternwake-access-transitions.spec.ts;tests/e2e/lanternwake-access-transitions.spec.ts;tests/e2e/lanternwake-access-transitions.spec.ts","authentication-authorization;authentication-authorization;authentication-authorization","The focused current family provides consolidated equal-or-stronger coverage for the retained behavior.","Mapped by exact current identity or focused browser.invitations contract ownership; no P34 container is selected.","Historical Playwright discovery at 073e09b1bc0ded5b0d595bf99f0db1b11aafb3b9; P34 remains archived, unselectable, and unexecuted.","Historical outcomes are archival evidence, not current release evidence."
"p34-0318987bbce591f48ba0","tests/e2e/lanternwake-journal.spec.ts","586","Project Lanternwake Journal browser lifecycle › an active Journal opening releases listeners and requests within the browser unmount budget","webkit-mobile","journal-ready-state","retired PlayerExperience presentation lifecycle","CURRENT_PRODUCT_CONTRACT","CURRENT_CONTRACT_MIGRATED","browser.animation-lifecycle","sl-test-d7377eaa66f5b43f7c62","sl-test-0318987bbce591f48ba0","sl-semantic-e39980104319e86e7b8c","tests/e2e/lanternwake-journal.spec.ts","journal-ready-state","The current governed case protects the same observable product contract in its owned focused family.","Mapped by exact current identity or focused browser.animation-lifecycle contract ownership; no P34 container is selected.","Historical Playwright discovery at 073e09b1bc0ded5b0d595bf99f0db1b11aafb3b9; P34 remains archived, unselectable, and unexecuted.","Historical outcomes are archival evidence, not current release evidence."
"p34-b42066791a59caee0e64","tests/e2e/lanternwake-journal.spec.ts","601","Project Lanternwake Journal browser lifecycle › mode change and skip both reconcile the Journal to a readable final pose","webkit-mobile","journal-ready-state","retired PlayerExperience presentation lifecycle","CURRENT_PRODUCT_CONTRACT","CURRENT_CONTRACT_MIGRATED","browser.animation-lifecycle","sl-test-ac8a33a3a731161ccd58","sl-test-b42066791a59caee0e64","sl-semantic-2dc35405a122d9b60f55","tests/e2e/lanternwake-journal.spec.ts","journal-ready-state","The current governed case protects the same observable product contract in its owned focused family.","Mapped by exact current identity or focused browser.animation-lifecycle contract ownership; no P34 container is selected.","Historical Playwright discovery at 073e09b1bc0ded5b0d595bf99f0db1b11aafb3b9; P34 remains archived, unselectable, and unexecuted.","Historical outcomes are archival evidence, not current release evidence."
"p34-744d3929222c984a4dda","tests/e2e/lanternwake-journal.spec.ts","627","Project Lanternwake Journal browser lifecycle › browser reduced motion reaches deterministic JOURNAL_READY with the static readable book","webkit-mobile","journal-ready-state","retired PlayerExperience presentation lifecycle","CURRENT_PRODUCT_CONTRACT","CURRENT_CONTRACT_MIGRATED","browser.animation-lifecycle","sl-test-30d92a328da11083259c","sl-test-744d3929222c984a4dda","sl-semantic-e314abdfb2409f4aebe1","tests/e2e/lanternwake-journal.spec.ts","journal-ready-state","The current governed case protects the same observable product contract in its owned focused family.","Mapped by exact current identity or focused browser.animation-lifecycle contract ownership; no P34 container is selected.","Historical Playwright discovery at 073e09b1bc0ded5b0d595bf99f0db1b11aafb3b9; P34 remains archived, unselectable, and unexecuted.","Historical outcomes are archival evidence, not current release evidence."
"p34-e5bff490fb8af1ca10a9","tests/e2e/lanternwake-journal.spec.ts","658","Project Lanternwake Journal browser lifecycle › repeated returning-opening replays do not accumulate observable listeners, sources, or requests","webkit-mobile","journal-ready-state","retired PlayerExperience presentation lifecycle","CURRENT_PRODUCT_CONTRACT","CURRENT_CONTRACT_MIGRATED","browser.animation-lifecycle","sl-test-c320aaf5550da699a235","sl-test-e5bff490fb8af1ca10a9","sl-semantic-140703746036529d6d6f","tests/e2e/lanternwake-journal.spec.ts","journal-ready-state","The current governed case protects the same observable product contract in its owned focused family.","Mapped by exact current identity or focused browser.animation-lifecycle contract ownership; no P34 container is selected.","Historical Playwright discovery at 073e09b1bc0ded5b0d595bf99f0db1b11aafb3b9; P34 remains archived, unselectable, and unexecuted.","Historical outcomes are archival evidence, not current release evidence."
"p34-e1a8e815368d33e981a6","tests/e2e/lanternwake-journal.spec.ts","699","Project Lanternwake Journal browser lifecycle › manual full and abbreviated opening profiles preserve controls and restore their focus","webkit-mobile","journal-ready-state","retired PlayerExperience presentation lifecycle","CURRENT_PRODUCT_CONTRACT","CURRENT_CONTRACT_MIGRATED","browser.animation-lifecycle","sl-test-1a35e4f6bc9ef5dbcfba","sl-test-e1a8e815368d33e981a6","sl-semantic-97cfc6acc0a86bfce972","tests/e2e/lanternwake-journal.spec.ts","journal-ready-state","The current governed case protects the same observable product contract in its owned focused family.","Mapped by exact current identity or focused browser.animation-lifecycle contract ownership; no P34 container is selected.","Historical Playwright discovery at 073e09b1bc0ded5b0d595bf99f0db1b11aafb3b9; P34 remains archived, unselectable, and unexecuted.","Historical outcomes are archival evidence, not current release evidence."
"p34-be0db6f5929197dc6428","tests/e2e/lanternwake-journal.spec.ts","721","Project Lanternwake Journal browser lifecycle › PageFlip control and keyboard turns retain exact visible-primary authority and focus","webkit-mobile","authentication-authorization","retired P34 broad browser container","CURRENT_PRODUCT_CONTRACT","CURRENT_CONTRACT_MIGRATED","browser.accessibility","sl-test-0a0ab5187a7a41f1fb76","sl-test-be0db6f5929197dc6428","sl-semantic-892b38f7b6a6f4b85a9c","tests/e2e/lanternwake-journal.spec.ts","authentication-authorization","The current governed case protects the same observable product contract in its owned focused family.","Mapped by exact current identity or focused browser.accessibility contract ownership; no P34 container is selected.","Historical Playwright discovery at 073e09b1bc0ded5b0d595bf99f0db1b11aafb3b9; P34 remains archived, unselectable, and unexecuted.","Historical outcomes are archival evidence, not current release evidence."
"p34-c56eba47aca7dc356036","tests/e2e/lanternwake-journal.spec.ts","779","Project Lanternwake Journal browser lifecycle › missing opening actor and infinite CSS timing converge to a readable final pose","webkit-mobile","journal-ready-state","retired PlayerExperience presentation lifecycle","CURRENT_PRODUCT_CONTRACT","CURRENT_CONTRACT_MIGRATED","browser.animation-lifecycle","sl-test-8d9f57ca932cd80468b8","sl-test-c56eba47aca7dc356036","sl-semantic-c727122b372679a90ddb","tests/e2e/lanternwake-journal.spec.ts","journal-ready-state","The current governed case protects the same observable product contract in its owned focused family.","Mapped by exact current identity or focused browser.animation-lifecycle contract ownership; no P34 container is selected.","Historical Playwright discovery at 073e09b1bc0ded5b0d595bf99f0db1b11aafb3b9; P34 remains archived, unselectable, and unexecuted.","Historical outcomes are archival evidence, not current release evidence."
"p34-0a7ab4ae2fc716923260","tests/e2e/lanternwake-journal.spec.ts","806","Project Lanternwake Journal browser lifecycle › a PageFlip readiness interruption exposes the static current page without stale clones","webkit-mobile","journal-ready-state","retired PlayerExperience presentation lifecycle","CURRENT_PRODUCT_CONTRACT","CURRENT_CONTRACT_MIGRATED","browser.animation-lifecycle","sl-test-3322e7a50a9a7907443e","sl-test-0a7ab4ae2fc716923260","sl-semantic-4e054f23262bebb1d57e","tests/e2e/lanternwake-journal.spec.ts","journal-ready-state","The current governed case protects the same observable product contract in its owned focused family.","Mapped by exact current identity or focused browser.animation-lifecycle contract ownership; no P34 container is selected.","Historical Playwright discovery at 073e09b1bc0ded5b0d595bf99f0db1b11aafb3b9; P34 remains archived, unselectable, and unexecuted.","Historical outcomes are archival evidence, not current release evidence."
"p34-28930c1cbc25e7db09bd","tests/e2e/lanternwake-journal.spec.ts","824","Project Lanternwake Journal browser lifecycle › PageFlip dynamic-import failure reports failed lifecycle and preserves a readable static page","webkit-mobile","journal-ready-state","retired PlayerExperience presentation lifecycle","CURRENT_PRODUCT_CONTRACT","CURRENT_CONTRACT_MIGRATED","browser.animation-lifecycle","sl-test-4c45df999d4154902302","sl-test-28930c1cbc25e7db09bd","sl-semantic-81735a785c4c76472774","tests/e2e/lanternwake-journal.spec.ts","journal-ready-state","The current governed case protects the same observable product contract in its owned focused family.","Mapped by exact current identity or focused browser.animation-lifecycle contract ownership; no P34 container is selected.","Historical Playwright discovery at 073e09b1bc0ded5b0d595bf99f0db1b11aafb3b9; P34 remains archived, unselectable, and unexecuted.","Historical outcomes are archival evidence, not current release evidence."
"p34-a2165a0bd62f5c1e6ecb","tests/e2e/lanternwake-journal.spec.ts","824","Project Lanternwake Journal browser lifecycle › PageFlip runtime-init failure reports failed lifecycle and preserves a readable static page","webkit-mobile","journal-ready-state","retired PlayerExperience presentation lifecycle","CURRENT_PRODUCT_CONTRACT","CURRENT_CONTRACT_MIGRATED","browser.animation-lifecycle","sl-test-8fe233c3d7b4f9e0e966","sl-test-a2165a0bd62f5c1e6ecb","sl-semantic-a6256010338073c5c107","tests/e2e/lanternwake-journal.spec.ts","journal-ready-state","The current governed case protects the same observable product contract in its owned focused family.","Mapped by exact current identity or focused browser.animation-lifecycle contract ownership; no P34 container is selected.","Historical Playwright discovery at 073e09b1bc0ded5b0d595bf99f0db1b11aafb3b9; P34 remains archived, unselectable, and unexecuted.","Historical outcomes are archival evidence, not current release evidence."
"p34-73b77165e90c347503d0","tests/e2e/lanternwake-journal.spec.ts","824","Project Lanternwake Journal browser lifecycle › PageFlip readiness-probe failure reports failed lifecycle and preserves a readable static page","webkit-mobile","journal-ready-state","retired PlayerExperience presentation lifecycle","CURRENT_PRODUCT_CONTRACT","CURRENT_CONTRACT_MIGRATED","browser.animation-lifecycle","sl-test-f64950fa2c96576bbb39","sl-test-73b77165e90c347503d0","sl-semantic-59d19ce132b052313215","tests/e2e/lanternwake-journal.spec.ts","journal-ready-state","The current governed case protects the same observable product contract in its owned focused family.","Mapped by exact current identity or focused browser.animation-lifecycle contract ownership; no P34 container is selected.","Historical Playwright discovery at 073e09b1bc0ded5b0d595bf99f0db1b11aafb3b9; P34 remains archived, unselectable, and unexecuted.","Historical outcomes are archival evidence, not current release evidence."
"p34-2629b44d50c7039d3f17","tests/e2e/lanternwake-journal.spec.ts","864","Project Lanternwake Journal browser lifecycle › completed archive auto-opens quietly, remains read-only, and preserves replay","webkit-mobile","journal-ready-state","retired PlayerExperience presentation lifecycle","CURRENT_PRODUCT_CONTRACT","CURRENT_CONTRACT_MIGRATED","browser.animation-lifecycle","sl-test-a6c2afbcbdf427761e34","sl-test-2629b44d50c7039d3f17","sl-semantic-8b2ca6673577eb2f526d","tests/e2e/lanternwake-journal.spec.ts","journal-ready-state","The current governed case protects the same observable product contract in its owned focused family.","Mapped by exact current identity or focused browser.animation-lifecycle contract ownership; no P34 container is selected.","Historical Playwright discovery at 073e09b1bc0ded5b0d595bf99f0db1b11aafb3b9; P34 remains archived, unselectable, and unexecuted.","Historical outcomes are archival evidence, not current release evidence."
"p34-67303d1166a8f912330b","tests/e2e/lanternwake-phase1.spec.ts","181","Project Lanternwake Phase 1 presentation truth › a missing Journal opening target settles a readable fallback without changing canonical chapter truth","webkit-mobile","journal-ready-state","retired PlayerExperience presentation lifecycle","CURRENT_PRODUCT_CONTRACT","CURRENT_CONTRACT_MIGRATED","browser.player-journal","sl-test-bd921d643fad3f5585c3","","sl-semantic-358828f951571bf39048","tests/e2e/lanternwake-phase1.spec.ts","journal-ready-state","The current governed case protects the same observable product contract in its owned focused family.","Mapped by exact current identity or focused browser.player-journal contract ownership; no P34 container is selected.","Historical Playwright discovery at 073e09b1bc0ded5b0d595bf99f0db1b11aafb3b9; P34 remains archived, unselectable, and unexecuted.","Historical outcomes are archival evidence, not current release evidence."
"p34-d444fa6efb261d6d9170","tests/e2e/lanternwake-phase1.spec.ts","271","Project Lanternwake Phase 1 presentation truth › canonical Journal opening replays and refreshes without mutating session or audit truth","webkit-mobile","journal-ready-state","retired PlayerExperience presentation lifecycle","CURRENT_PRODUCT_CONTRACT","CURRENT_CONTRACT_MIGRATED","browser.player-journal","sl-test-684e37881b038b06c9f0","","sl-semantic-e17360e51bd8ff12ff68","tests/e2e/lanternwake-phase1.spec.ts","journal-ready-state","The current governed case protects the same observable product contract in its owned focused family.","Mapped by exact current identity or focused browser.player-journal contract ownership; no P34 container is selected.","Historical Playwright discovery at 073e09b1bc0ded5b0d595bf99f0db1b11aafb3b9; P34 remains archived, unselectable, and unexecuted.","Historical outcomes are archival evidence, not current release evidence."
"p34-8cae8095d0691b688500","tests/e2e/lanternwake-phase2.spec.ts","395","Project Lanternwake Phase 2 StPageFlip boundary › full motion keeps source, clone identity, accessibility, and all turn paths inside StPageFlip authority","webkit-mobile","authentication-authorization","retired P34 broad browser container","CURRENT_PRODUCT_CONTRACT","CURRENT_CONTRACT_MIGRATED","browser.accessibility","sl-test-49691895170fbb350ed5","sl-test-8cae8095d0691b688500","sl-semantic-98af30cd0709b18abd5a","tests/e2e/lanternwake-phase2.spec.ts","authentication-authorization","The current governed case protects the same observable product contract in its owned focused family.","Mapped by exact current identity or focused browser.accessibility contract ownership; no P34 container is selected.","Historical Playwright discovery at 073e09b1bc0ded5b0d595bf99f0db1b11aafb3b9; P34 remains archived, unselectable, and unexecuted.","Historical outcomes are archival evidence, not current release evidence."
"p34-fff87a8f6e0428369932","tests/e2e/lanternwake-phase2.spec.ts","433","Project Lanternwake Phase 2 StPageFlip boundary › twenty showcase remount cycles return public host, target, claim, runtime, and retained-node counts to baseline","webkit-mobile","journal-ready-state","retired PlayerExperience presentation lifecycle","CURRENT_PRODUCT_CONTRACT","CURRENT_CONTRACT_MIGRATED","browser.animation-lifecycle","sl-test-f33d97c0503efde2445c","sl-test-fff87a8f6e0428369932","sl-semantic-7813d540ca3c4229dac0","tests/e2e/lanternwake-phase2.spec.ts","journal-ready-state","The current governed case protects the same observable product contract in its owned focused family.","Mapped by exact current identity or focused browser.animation-lifecycle contract ownership; no P34 container is selected.","Historical Playwright discovery at 073e09b1bc0ded5b0d595bf99f0db1b11aafb3b9; P34 remains archived, unselectable, and unexecuted.","Historical outcomes are archival evidence, not current release evidence."
"p34-a3204054a09be4404e16","tests/e2e/lanternwake-phase2.spec.ts","466","Project Lanternwake Phase 2 StPageFlip boundary › reduced motion renders one readable static page and no StPageFlip runtime","webkit-mobile","journal-ready-state","retired PlayerExperience presentation lifecycle","CURRENT_PRODUCT_CONTRACT","CURRENT_CONTRACT_MIGRATED","browser.animation-lifecycle","sl-test-64853f5829dceb4bf63a","sl-test-a3204054a09be4404e16","sl-semantic-73734a4fee8ec89fd7b5","tests/e2e/lanternwake-phase2.spec.ts","journal-ready-state","The current governed case protects the same observable product contract in its owned focused family.","Mapped by exact current identity or focused browser.animation-lifecycle contract ownership; no P34 container is selected.","Historical Playwright discovery at 073e09b1bc0ded5b0d595bf99f0db1b11aafb3b9; P34 remains archived, unselectable, and unexecuted.","Historical outcomes are archival evidence, not current release evidence."
"p34-81386c8e5d0d1d61c5c4","tests/e2e/lanternwake-phase2.spec.ts","481","Project Lanternwake Phase 2 StPageFlip boundary › content revision and orientation changes revoke the old generation and expose zero retained references","webkit-mobile","journal-ready-state","retired PlayerExperience presentation lifecycle","CURRENT_PRODUCT_CONTRACT","CURRENT_CONTRACT_MIGRATED","browser.animation-lifecycle","sl-test-14199a2ac69873eee6fc","sl-test-81386c8e5d0d1d61c5c4","sl-semantic-7096b306bd06f321b9b3","tests/e2e/lanternwake-phase2.spec.ts","journal-ready-state","The current governed case protects the same observable product contract in its owned focused family.","Mapped by exact current identity or focused browser.animation-lifecycle contract ownership; no P34 container is selected.","Historical Playwright discovery at 073e09b1bc0ded5b0d595bf99f0db1b11aafb3b9; P34 remains archived, unselectable, and unexecuted.","Historical outcomes are archival evidence, not current release evidence."
"p34-5859702c02202f480b83","tests/e2e/lanternwake-phase2.spec.ts","572","Project Lanternwake Phase 2 StPageFlip boundary › only the current visible Passage remains interactive in the canonical Journal PageFlip boundary","webkit-mobile","journal-ready-state","retired PlayerExperience presentation lifecycle","CURRENT_PRODUCT_CONTRACT","CURRENT_CONTRACT_MIGRATED","browser.animation-lifecycle","sl-test-02024421253c414ae153","sl-test-5859702c02202f480b83;sl-test-ad26bbac468ce83c752c","sl-semantic-b082961ee61ef1b95676","tests/e2e/lanternwake-phase2.spec.ts","journal-ready-state","The current governed case protects the same observable product contract in its owned focused family.","Mapped by exact current identity or focused browser.animation-lifecycle contract ownership; no P34 container is selected.","Historical Playwright discovery at 073e09b1bc0ded5b0d595bf99f0db1b11aafb3b9; P34 remains archived, unselectable, and unexecuted.","Historical outcomes are archival evidence, not current release evidence."
"p34-75d73c1490c3bb954cf9","tests/e2e/lanternwake-phase2.spec.ts","618","Project Lanternwake Phase 2 showcase tombstones › deprecated journal and page-turn rows name their replacements without creating a fake Director receipt","webkit-mobile","journal-ready-state","retired PlayerExperience presentation lifecycle","CURRENT_PRODUCT_CONTRACT","CURRENT_CONTRACT_MIGRATED","browser.player-journal","sl-test-5ea0d3b1b2601e49f433","sl-test-75d73c1490c3bb954cf9;sl-test-d0bef85fbae7230cb914","sl-semantic-6dc5baef5e9db7965e05","tests/e2e/lanternwake-phase2.spec.ts","journal-ready-state","The current governed case protects the same observable product contract in its owned focused family.","Mapped by exact current identity or focused browser.player-journal contract ownership; no P34 container is selected.","Historical Playwright discovery at 073e09b1bc0ded5b0d595bf99f0db1b11aafb3b9; P34 remains archived, unselectable, and unexecuted.","Historical outcomes are archival evidence, not current release evidence."
"p34-3e461369db44d1092caf","tests/e2e/lanternwake-phase2.spec.ts","650","Project Lanternwake Phase 2 Captain's Console boundaries › login is aria-busy, single-flight, and returns focus after a failed key","webkit-mobile","authentication-authorization","retired P34 broad browser container","CONSOLIDATED_CURRENT_CONTRACT","REPLACED_CANONICAL","browser.accessibility","sl-test-4a220d3a4184d0ccf2f9;sl-test-1edec9ac9a43423e210f;sl-test-3417c70bc31d74f44110","","sl-semantic-1565600bcd5772160e32;sl-semantic-a569e8507a20c6f7d97e;sl-semantic-61070aafe70004746f4a","tests/e2e/lanternwake-phase2.spec.ts;tests/e2e/lanternwake-phase2.spec.ts;tests/e2e/lanternwake-phase2.spec.ts","authentication-authorization;journal-ready-state;journal-ready-state","The focused current family provides consolidated equal-or-stronger coverage for the retained behavior.","Mapped by exact current identity or focused browser.accessibility contract ownership; no P34 container is selected.","Historical Playwright discovery at 073e09b1bc0ded5b0d595bf99f0db1b11aafb3b9; P34 remains archived, unselectable, and unexecuted.","Historical outcomes are archival evidence, not current release evidence."
"p34-515bdf4602bf6f86e251","tests/e2e/lanternwake-phase2.spec.ts","688","Project Lanternwake Phase 2 Captain's Console boundaries › Voyage creation is modal, keeps focus inside its canonical flow, and restores its exact trigger","webkit-mobile","authentication-authorization","retired shared PlayerExperience operator surface","CURRENT_PRODUCT_CONTRACT","CURRENT_CONTRACT_MIGRATED","browser.captain","sl-test-16c763f3eb21702e818d","sl-test-08f61ff76482674cc9f1;sl-test-515bdf4602bf6f86e251","sl-semantic-80bda1599bdb5c7f70aa","tests/e2e/lanternwake-phase2.spec.ts","authentication-authorization","The current governed case protects the same observable product contract in its owned focused family.","Mapped by exact current identity or focused browser.captain contract ownership; no P34 container is selected.","Historical Playwright discovery at 073e09b1bc0ded5b0d595bf99f0db1b11aafb3b9; P34 remains archived, unselectable, and unexecuted.","Historical outcomes are archival evidence, not current release evidence."
"p34-ff16124f259ea7b0cb4d","tests/e2e/lanternwake-phase2.spec.ts","721","Project Lanternwake Phase 2 Captain's Console boundaries › a committed Voyage creation restores focus to its exact Captain's Console trigger","webkit-mobile","authentication-authorization","retired shared PlayerExperience operator surface","CURRENT_PRODUCT_CONTRACT","CURRENT_CONTRACT_MIGRATED","browser.captain","sl-test-8a13b6641bac9b21c347","sl-test-23697a7a31a7dccee10e;sl-test-ff16124f259ea7b0cb4d","sl-semantic-35d5bc1fa5c1b0b2a951","tests/e2e/lanternwake-phase2.spec.ts","authentication-authorization","The current governed case protects the same observable product contract in its owned focused family.","Mapped by exact current identity or focused browser.captain contract ownership; no P34 container is selected.","Historical Playwright discovery at 073e09b1bc0ded5b0d595bf99f0db1b11aafb3b9; P34 remains archived, unselectable, and unexecuted.","Historical outcomes are archival evidence, not current release evidence."
"p34-e8689d13de3dd22043cf","tests/e2e/lanternwake-phase2.spec.ts","747","Project Lanternwake Phase 2 Player integration evidence gaps › the canonical Journal publishes one readable Passage only after its PageFlip boundary is ready","webkit-mobile","journal-ready-state","retired PlayerExperience presentation lifecycle","CURRENT_PRODUCT_CONTRACT","CURRENT_CONTRACT_MIGRATED","browser.animation-lifecycle","sl-test-29b6a874fc69e4590776","sl-test-509b3ae4c02304260c1f;sl-test-e8689d13de3dd22043cf","sl-semantic-ef26c7b762b188d32de3","tests/e2e/lanternwake-phase2.spec.ts","journal-ready-state","The current governed case protects the same observable product contract in its owned focused family.","Mapped by exact current identity or focused browser.animation-lifecycle contract ownership; no P34 container is selected.","Historical Playwright discovery at 073e09b1bc0ded5b0d595bf99f0db1b11aafb3b9; P34 remains archived, unselectable, and unexecuted.","Historical outcomes are archival evidence, not current release evidence."
"p34-061f1480ae79e24adf4f","tests/e2e/lanternwake-phase2.spec.ts","765","Project Lanternwake Phase 2 Player integration evidence gaps › a stale PageFlip clone never becomes an interactive Passage or acquires authority","webkit-mobile","journal-ready-state","retired PlayerExperience presentation lifecycle","CURRENT_PRODUCT_CONTRACT","CURRENT_CONTRACT_MIGRATED","browser.animation-lifecycle","sl-test-88971bddd427eb4c1c52","sl-test-061f1480ae79e24adf4f;sl-test-716a786b2303b79dbd63","sl-semantic-af0de79851a26906d5a2","tests/e2e/lanternwake-phase2.spec.ts","journal-ready-state","The current governed case protects the same observable product contract in its owned focused family.","Mapped by exact current identity or focused browser.animation-lifecycle contract ownership; no P34 container is selected.","Historical Playwright discovery at 073e09b1bc0ded5b0d595bf99f0db1b11aafb3b9; P34 remains archived, unselectable, and unexecuted.","Historical outcomes are archival evidence, not current release evidence."
"p34-b421c7a986f70f49f448","tests/e2e/lanternwake-phase2.spec.ts","798","Project Lanternwake Phase 2 required viewports › 2560x1440 keeps showcase, PageFlip fallback, and access controls readable without horizontal overflow","webkit-mobile","authentication-authorization","retired P34 broad browser container","CURRENT_PRODUCT_CONTRACT","CURRENT_CONTRACT_MIGRATED","browser.responsive","sl-test-69d7d693bfa76a3a70f4","sl-test-b421c7a986f70f49f448;sl-test-b6d712fce00b86485e42","sl-semantic-a551eeab5abe86fe0262","tests/e2e/lanternwake-phase2.spec.ts","authentication-authorization","The current governed case protects the same observable product contract in its owned focused family.","Mapped by exact current identity or focused browser.responsive contract ownership; no P34 container is selected.","Historical Playwright discovery at 073e09b1bc0ded5b0d595bf99f0db1b11aafb3b9; P34 remains archived, unselectable, and unexecuted.","Historical outcomes are archival evidence, not current release evidence."
"p34-9dfb2546900d5ef313bb","tests/e2e/lanternwake-phase2.spec.ts","798","Project Lanternwake Phase 2 required viewports › 1920x1080 keeps showcase, PageFlip fallback, and access controls readable without horizontal overflow","webkit-mobile","authentication-authorization","retired P34 broad browser container","CURRENT_PRODUCT_CONTRACT","CURRENT_CONTRACT_MIGRATED","browser.responsive","sl-test-aa28a086c3829cdfc49f","sl-test-9dfb2546900d5ef313bb;sl-test-ee003240b884300e5d91","sl-semantic-5b59ceb5201dd237ac0c","tests/e2e/lanternwake-phase2.spec.ts","authentication-authorization","The current governed case protects the same observable product contract in its owned focused family.","Mapped by exact current identity or focused browser.responsive contract ownership; no P34 container is selected.","Historical Playwright discovery at 073e09b1bc0ded5b0d595bf99f0db1b11aafb3b9; P34 remains archived, unselectable, and unexecuted.","Historical outcomes are archival evidence, not current release evidence."
"p34-8a2be5e17f8eeb841ac1","tests/e2e/lanternwake-phase2.spec.ts","798","Project Lanternwake Phase 2 required viewports › 1440x900 keeps showcase, PageFlip fallback, and access controls readable without horizontal overflow","webkit-mobile","authentication-authorization","retired P34 broad browser container","CURRENT_PRODUCT_CONTRACT","CURRENT_CONTRACT_MIGRATED","browser.responsive","sl-test-f9422614000e232f5299","sl-test-8a2be5e17f8eeb841ac1;sl-test-931e7050fa97c0ffb0c7","sl-semantic-3a481b66125616442bd4","tests/e2e/lanternwake-phase2.spec.ts","authentication-authorization","The current governed case protects the same observable product contract in its owned focused family.","Mapped by exact current identity or focused browser.responsive contract ownership; no P34 container is selected.","Historical Playwright discovery at 073e09b1bc0ded5b0d595bf99f0db1b11aafb3b9; P34 remains archived, unselectable, and unexecuted.","Historical outcomes are archival evidence, not current release evidence."
"p34-9715872f83d5e83d0e99","tests/e2e/lanternwake-phase2.spec.ts","798","Project Lanternwake Phase 2 required viewports › 430x932 keeps showcase, PageFlip fallback, and access controls readable without horizontal overflow","webkit-mobile","authentication-authorization","retired P34 broad browser container","CURRENT_PRODUCT_CONTRACT","CURRENT_CONTRACT_MIGRATED","browser.responsive","sl-test-0fd0e56a910802a3fa62","sl-test-9715872f83d5e83d0e99;sl-test-f575583d0f3dde94ef1b","sl-semantic-3dc75685959ab41ad483","tests/e2e/lanternwake-phase2.spec.ts","authentication-authorization","The current governed case protects the same observable product contract in its owned focused family.","Mapped by exact current identity or focused browser.responsive contract ownership; no P34 container is selected.","Historical Playwright discovery at 073e09b1bc0ded5b0d595bf99f0db1b11aafb3b9; P34 remains archived, unselectable, and unexecuted.","Historical outcomes are archival evidence, not current release evidence."
"p34-f468ddf1f08527e542fb","tests/e2e/lanternwake-phase2.spec.ts","798","Project Lanternwake Phase 2 required viewports › 390x844 keeps showcase, PageFlip fallback, and access controls readable without horizontal overflow","webkit-mobile","authentication-authorization","retired P34 broad browser container","CURRENT_PRODUCT_CONTRACT","CURRENT_CONTRACT_MIGRATED","browser.responsive","sl-test-83c39e87e6850dfdf6a2","sl-test-bcbb41c64292d447ad6d;sl-test-f468ddf1f08527e542fb","sl-semantic-ba6072858e96266906b0","tests/e2e/lanternwake-phase2.spec.ts","authentication-authorization","The current governed case protects the same observable product contract in its owned focused family.","Mapped by exact current identity or focused browser.responsive contract ownership; no P34 container is selected.","Historical Playwright discovery at 073e09b1bc0ded5b0d595bf99f0db1b11aafb3b9; P34 remains archived, unselectable, and unexecuted.","Historical outcomes are archival evidence, not current release evidence."
"p34-643c6bd7ac779f4393b2","tests/e2e/lanternwake-phase2.spec.ts","798","Project Lanternwake Phase 2 required viewports › 844x390 keeps showcase, PageFlip fallback, and access controls readable without horizontal overflow","webkit-mobile","authentication-authorization","retired P34 broad browser container","CURRENT_PRODUCT_CONTRACT","CURRENT_CONTRACT_MIGRATED","browser.responsive","sl-test-e956264a5ec851e748e3","sl-test-643c6bd7ac779f4393b2;sl-test-a25260d313e904d8a239","sl-semantic-3d01740bfeb56972913a","tests/e2e/lanternwake-phase2.spec.ts","authentication-authorization","The current governed case protects the same observable product contract in its owned focused family.","Mapped by exact current identity or focused browser.responsive contract ownership; no P34 container is selected.","Historical Playwright discovery at 073e09b1bc0ded5b0d595bf99f0db1b11aafb3b9; P34 remains archived, unselectable, and unexecuted.","Historical outcomes are archival evidence, not current release evidence."
"p34-986dff1deb2e2e742966","tests/e2e/lanternwake-phase4.spec.ts","9","Phase 4 gateway and authentication remain readable, responsive, and truthful in reduced motion","webkit-mobile","authentication-authorization","retired shared PlayerExperience access flow","CURRENT_PRODUCT_CONTRACT","CURRENT_CONTRACT_MIGRATED","browser.auth","sl-test-986dff1deb2e2e742966","","sl-semantic-2ae3311f477345476f67","tests/e2e/lanternwake-phase4.spec.ts","authentication-authorization","The current governed case protects the same observable product contract in its owned focused family.","Mapped by exact current identity or focused browser.auth contract ownership; no P34 container is selected.","Historical Playwright discovery at 073e09b1bc0ded5b0d595bf99f0db1b11aafb3b9; P34 remains archived, unselectable, and unexecuted.","Historical outcomes are archival evidence, not current release evidence."
"p34-c8727dbe8f8d7d0506fc","tests/e2e/lanternwake-phase4.spec.ts","38","Phase 4 Studio More actions are keyboard-operated and stay inside the mobile viewport","webkit-mobile","authentication-authorization","retired shared PlayerExperience operator surface","CURRENT_PRODUCT_CONTRACT","CURRENT_CONTRACT_MIGRATED","browser.studio","sl-test-c8727dbe8f8d7d0506fc","","sl-semantic-14d7bbe0dfc5cd5930ae","tests/e2e/lanternwake-phase4.spec.ts","authentication-authorization","The current governed case protects the same observable product contract in its owned focused family.","Mapped by exact current identity or focused browser.studio contract ownership; no P34 container is selected.","Historical Playwright discovery at 073e09b1bc0ded5b0d595bf99f0db1b11aafb3b9; P34 remains archived, unselectable, and unexecuted.","Historical outcomes are archival evidence, not current release evidence."
"p34-8082154e82f8b79ffd3b","tests/e2e/phase3-accessibility-viewports.spec.ts","512","Project Lanternwake Phase 3 accessibility and six required viewports › 2560x1440 journal-first-opening is readable, reachable, and sound-independent","webkit-mobile","authentication-authorization","retired P34 broad browser container","CURRENT_PRODUCT_CONTRACT","CURRENT_CONTRACT_MIGRATED","browser.accessibility","sl-test-8082154e82f8b79ffd3b","","sl-semantic-dbe2fb44963b3821525a","tests/e2e/phase3-accessibility-viewports.spec.ts","authentication-authorization","The current governed case protects the same observable product contract in its owned focused family.","Mapped by exact current identity or focused browser.accessibility contract ownership; no P34 container is selected.","Historical Playwright discovery at 073e09b1bc0ded5b0d595bf99f0db1b11aafb3b9; P34 remains archived, unselectable, and unexecuted.","Historical outcomes are archival evidence, not current release evidence."
"p34-f873065cfb114dd14c90","tests/e2e/phase3-accessibility-viewports.spec.ts","512","Project Lanternwake Phase 3 accessibility and six required viewports › 2560x1440 journal-reentry is readable, reachable, and sound-independent","webkit-mobile","authentication-authorization","retired P34 broad browser container","CURRENT_PRODUCT_CONTRACT","CURRENT_CONTRACT_MIGRATED","browser.accessibility","sl-test-f873065cfb114dd14c90","","sl-semantic-4274415fdfbe1fc2d39e","tests/e2e/phase3-accessibility-viewports.spec.ts","authentication-authorization","The current governed case protects the same observable product contract in its owned focused family.","Mapped by exact current identity or focused browser.accessibility contract ownership; no P34 container is selected.","Historical Playwright discovery at 073e09b1bc0ded5b0d595bf99f0db1b11aafb3b9; P34 remains archived, unselectable, and unexecuted.","Historical outcomes are archival evidence, not current release evidence."
"p34-480e1dcb6d8fad7ef67b","tests/e2e/phase3-accessibility-viewports.spec.ts","512","Project Lanternwake Phase 3 accessibility and six required viewports › 2560x1440 chapter-release is readable, reachable, and sound-independent","webkit-mobile","authentication-authorization","retired P34 broad browser container","CURRENT_PRODUCT_CONTRACT","CURRENT_CONTRACT_MIGRATED","browser.accessibility","sl-test-480e1dcb6d8fad7ef67b","","sl-semantic-8b72f737bd47ea549bc3","tests/e2e/phase3-accessibility-viewports.spec.ts","authentication-authorization","The current governed case protects the same observable product contract in its owned focused family.","Mapped by exact current identity or focused browser.accessibility contract ownership; no P34 container is selected.","Historical Playwright discovery at 073e09b1bc0ded5b0d595bf99f0db1b11aafb3b9; P34 remains archived, unselectable, and unexecuted.","Historical outcomes are archival evidence, not current release evidence."
"p34-207a72a994dfacfecec4","tests/e2e/phase3-accessibility-viewports.spec.ts","512","Project Lanternwake Phase 3 accessibility and six required viewports › 2560x1440 map-location is readable, reachable, and sound-independent","webkit-mobile","authentication-authorization","retired P34 broad browser container","CURRENT_PRODUCT_CONTRACT","CURRENT_CONTRACT_MIGRATED","browser.accessibility","sl-test-207a72a994dfacfecec4","","sl-semantic-c51f6dc72f0f953c1c9d","tests/e2e/phase3-accessibility-viewports.spec.ts","authentication-authorization","The current governed case protects the same observable product contract in its owned focused family.","Mapped by exact current identity or focused browser.accessibility contract ownership; no P34 container is selected.","Historical Playwright discovery at 073e09b1bc0ded5b0d595bf99f0db1b11aafb3b9; P34 remains archived, unselectable, and unexecuted.","Historical outcomes are archival evidence, not current release evidence."
"p34-c861d5956ffecb73f0e5","tests/e2e/phase3-accessibility-viewports.spec.ts","512","Project Lanternwake Phase 3 accessibility and six required viewports › 2560x1440 route-reveal is readable, reachable, and sound-independent","webkit-mobile","authentication-authorization","retired P34 broad browser container","CURRENT_PRODUCT_CONTRACT","CURRENT_CONTRACT_MIGRATED","browser.accessibility","sl-test-c861d5956ffecb73f0e5","","sl-semantic-53383ffea621a9abc995","tests/e2e/phase3-accessibility-viewports.spec.ts","authentication-authorization","The current governed case protects the same observable product contract in its owned focused family.","Mapped by exact current identity or focused browser.accessibility contract ownership; no P34 container is selected.","Historical Playwright discovery at 073e09b1bc0ded5b0d595bf99f0db1b11aafb3b9; P34 remains archived, unselectable, and unexecuted.","Historical outcomes are archival evidence, not current release evidence."
"p34-80cffb1ca7f6de12c654","tests/e2e/phase3-accessibility-viewports.spec.ts","512","Project Lanternwake Phase 3 accessibility and six required viewports › 2560x1440 artifact-award is readable, reachable, and sound-independent","webkit-mobile","authentication-authorization","retired P34 broad browser container","CURRENT_PRODUCT_CONTRACT","CURRENT_CONTRACT_MIGRATED","browser.artifacts","sl-test-80cffb1ca7f6de12c654","","sl-semantic-750ce84340879b270cd7","tests/e2e/phase3-accessibility-viewports.spec.ts","authentication-authorization","The current governed case protects the same observable product contract in its owned focused family.","Mapped by exact current identity or focused browser.artifacts contract ownership; no P34 container is selected.","Historical Playwright discovery at 073e09b1bc0ded5b0d595bf99f0db1b11aafb3b9; P34 remains archived, unselectable, and unexecuted.","Historical outcomes are archival evidence, not current release evidence."
"p34-39d165da682e60f4e057","tests/e2e/phase3-accessibility-viewports.spec.ts","512","Project Lanternwake Phase 3 accessibility and six required viewports › 2560x1440 quest-discovery is readable, reachable, and sound-independent","webkit-mobile","authentication-authorization","retired P34 broad browser container","CURRENT_PRODUCT_CONTRACT","CURRENT_CONTRACT_MIGRATED","browser.accessibility","sl-test-39d165da682e60f4e057","","sl-semantic-65fe8d9365143ca9c042","tests/e2e/phase3-accessibility-viewports.spec.ts","authentication-authorization","The current governed case protects the same observable product contract in its owned focused family.","Mapped by exact current identity or focused browser.accessibility contract ownership; no P34 container is selected.","Historical Playwright discovery at 073e09b1bc0ded5b0d595bf99f0db1b11aafb3b9; P34 remains archived, unselectable, and unexecuted.","Historical outcomes are archival evidence, not current release evidence."
"p34-1d6760539a378e3d564f","tests/e2e/phase3-accessibility-viewports.spec.ts","512","Project Lanternwake Phase 3 accessibility and six required viewports › 2560x1440 log-entry is readable, reachable, and sound-independent","webkit-mobile","authentication-authorization","retired P34 broad browser container","CURRENT_PRODUCT_CONTRACT","CURRENT_CONTRACT_MIGRATED","browser.accessibility","sl-test-1d6760539a378e3d564f","","sl-semantic-648af22536fd0b1d1f5a","tests/e2e/phase3-accessibility-viewports.spec.ts","authentication-authorization","The current governed case protects the same observable product contract in its owned focused family.","Mapped by exact current identity or focused browser.accessibility contract ownership; no P34 container is selected.","Historical Playwright discovery at 073e09b1bc0ded5b0d595bf99f0db1b11aafb3b9; P34 remains archived, unselectable, and unexecuted.","Historical outcomes are archival evidence, not current release evidence."
"p34-8fc19c72e9c0d6f06517","tests/e2e/phase3-accessibility-viewports.spec.ts","512","Project Lanternwake Phase 3 accessibility and six required viewports › 2560x1440 finale-tease is readable, reachable, and sound-independent","webkit-mobile","authentication-authorization","retired P34 broad browser container","CURRENT_PRODUCT_CONTRACT","CURRENT_CONTRACT_MIGRATED","browser.accessibility","sl-test-8fc19c72e9c0d6f06517","","sl-semantic-4878e5f2bc5b7ad8305e","tests/e2e/phase3-accessibility-viewports.spec.ts","authentication-authorization","The current governed case protects the same observable product contract in its owned focused family.","Mapped by exact current identity or focused browser.accessibility contract ownership; no P34 container is selected.","Historical Playwright discovery at 073e09b1bc0ded5b0d595bf99f0db1b11aafb3b9; P34 remains archived, unselectable, and unexecuted.","Historical outcomes are archival evidence, not current release evidence."
"p34-6e47fa1969e9a34a98d8","tests/e2e/phase3-accessibility-viewports.spec.ts","512","Project Lanternwake Phase 3 accessibility and six required viewports › 2560x1440 pause is readable, reachable, and sound-independent","webkit-mobile","authentication-authorization","retired P34 broad browser container","CURRENT_PRODUCT_CONTRACT","CURRENT_CONTRACT_MIGRATED","browser.accessibility","sl-test-6e47fa1969e9a34a98d8","","sl-semantic-41868d36b682f110cda8","tests/e2e/phase3-accessibility-viewports.spec.ts","authentication-authorization","The current governed case protects the same observable product contract in its owned focused family.","Mapped by exact current identity or focused browser.accessibility contract ownership; no P34 container is selected.","Historical Playwright discovery at 073e09b1bc0ded5b0d595bf99f0db1b11aafb3b9; P34 remains archived, unselectable, and unexecuted.","Historical outcomes are archival evidence, not current release evidence."
"p34-73475b02cd86e4e4de29","tests/e2e/phase3-accessibility-viewports.spec.ts","512","Project Lanternwake Phase 3 accessibility and six required viewports › 2560x1440 replay is readable, reachable, and sound-independent","webkit-mobile","authentication-authorization","retired P34 broad browser container","CURRENT_PRODUCT_CONTRACT","CURRENT_CONTRACT_MIGRATED","browser.accessibility","sl-test-73475b02cd86e4e4de29","","sl-semantic-ba95f7bcba2b8de505eb","tests/e2e/phase3-accessibility-viewports.spec.ts","authentication-authorization","The current governed case protects the same observable product contract in its owned focused family.","Mapped by exact current identity or focused browser.accessibility contract ownership; no P34 container is selected.","Historical Playwright discovery at 073e09b1bc0ded5b0d595bf99f0db1b11aafb3b9; P34 remains archived, unselectable, and unexecuted.","Historical outcomes are archival evidence, not current release evidence."
"p34-876ec2c37b6ce2752e38","tests/e2e/phase3-accessibility-viewports.spec.ts","512","Project Lanternwake Phase 3 accessibility and six required viewports › 2560x1440 fallback is readable, reachable, and sound-independent","webkit-mobile","authentication-authorization","retired P34 broad browser container","CURRENT_PRODUCT_CONTRACT","CURRENT_CONTRACT_MIGRATED","browser.accessibility","sl-test-876ec2c37b6ce2752e38","","sl-semantic-52ab5393fd6f321c9246","tests/e2e/phase3-accessibility-viewports.spec.ts","authentication-authorization","The current governed case protects the same observable product contract in its owned focused family.","Mapped by exact current identity or focused browser.accessibility contract ownership; no P34 container is selected.","Historical Playwright discovery at 073e09b1bc0ded5b0d595bf99f0db1b11aafb3b9; P34 remains archived, unselectable, and unexecuted.","Historical outcomes are archival evidence, not current release evidence."
"p34-059089243d37ca5c5914","tests/e2e/phase3-accessibility-viewports.spec.ts","512","Project Lanternwake Phase 3 accessibility and six required viewports › 2560x1440 interrupted-scene is readable, reachable, and sound-independent","webkit-mobile","authentication-authorization","retired P34 broad browser container","CURRENT_PRODUCT_CONTRACT","CURRENT_CONTRACT_MIGRATED","browser.accessibility","sl-test-059089243d37ca5c5914","","sl-semantic-35d8f795741995183cbc","tests/e2e/phase3-accessibility-viewports.spec.ts","authentication-authorization","The current governed case protects the same observable product contract in its owned focused family.","Mapped by exact current identity or focused browser.accessibility contract ownership; no P34 container is selected.","Historical Playwright discovery at 073e09b1bc0ded5b0d595bf99f0db1b11aafb3b9; P34 remains archived, unselectable, and unexecuted.","Historical outcomes are archival evidence, not current release evidence."
"p34-b0ed04d1b10305cfc088","tests/e2e/phase3-accessibility-viewports.spec.ts","512","Project Lanternwake Phase 3 accessibility and six required viewports › 1920x1080 journal-first-opening is readable, reachable, and sound-independent","webkit-mobile","authentication-authorization","retired P34 broad browser container","CURRENT_PRODUCT_CONTRACT","CURRENT_CONTRACT_MIGRATED","browser.accessibility","sl-test-b0ed04d1b10305cfc088","","sl-semantic-81b726b2bd8ea1156173","tests/e2e/phase3-accessibility-viewports.spec.ts","authentication-authorization","The current governed case protects the same observable product contract in its owned focused family.","Mapped by exact current identity or focused browser.accessibility contract ownership; no P34 container is selected.","Historical Playwright discovery at 073e09b1bc0ded5b0d595bf99f0db1b11aafb3b9; P34 remains archived, unselectable, and unexecuted.","Historical outcomes are archival evidence, not current release evidence."
"p34-62669a725541cc7e73e0","tests/e2e/phase3-accessibility-viewports.spec.ts","512","Project Lanternwake Phase 3 accessibility and six required viewports › 1920x1080 journal-reentry is readable, reachable, and sound-independent","webkit-mobile","authentication-authorization","retired P34 broad browser container","CURRENT_PRODUCT_CONTRACT","CURRENT_CONTRACT_MIGRATED","browser.accessibility","sl-test-62669a725541cc7e73e0","","sl-semantic-4d61223c998878b1ca96","tests/e2e/phase3-accessibility-viewports.spec.ts","authentication-authorization","The current governed case protects the same observable product contract in its owned focused family.","Mapped by exact current identity or focused browser.accessibility contract ownership; no P34 container is selected.","Historical Playwright discovery at 073e09b1bc0ded5b0d595bf99f0db1b11aafb3b9; P34 remains archived, unselectable, and unexecuted.","Historical outcomes are archival evidence, not current release evidence."
"p34-3e0d90b556c82a1fbe4f","tests/e2e/phase3-accessibility-viewports.spec.ts","512","Project Lanternwake Phase 3 accessibility and six required viewports › 1920x1080 chapter-release is readable, reachable, and sound-independent","webkit-mobile","authentication-authorization","retired P34 broad browser container","CURRENT_PRODUCT_CONTRACT","CURRENT_CONTRACT_MIGRATED","browser.accessibility","sl-test-3e0d90b556c82a1fbe4f","","sl-semantic-ca5f4a219cf3f14de4d0","tests/e2e/phase3-accessibility-viewports.spec.ts","authentication-authorization","The current governed case protects the same observable product contract in its owned focused family.","Mapped by exact current identity or focused browser.accessibility contract ownership; no P34 container is selected.","Historical Playwright discovery at 073e09b1bc0ded5b0d595bf99f0db1b11aafb3b9; P34 remains archived, unselectable, and unexecuted.","Historical outcomes are archival evidence, not current release evidence."
"p34-50a257ea7e415cc27264","tests/e2e/phase3-accessibility-viewports.spec.ts","512","Project Lanternwake Phase 3 accessibility and six required viewports › 1920x1080 map-location is readable, reachable, and sound-independent","webkit-mobile","authentication-authorization","retired P34 broad browser container","CURRENT_PRODUCT_CONTRACT","CURRENT_CONTRACT_MIGRATED","browser.accessibility","sl-test-50a257ea7e415cc27264","","sl-semantic-134f1b05f406ccafe3f2","tests/e2e/phase3-accessibility-viewports.spec.ts","authentication-authorization","The current governed case protects the same observable product contract in its owned focused family.","Mapped by exact current identity or focused browser.accessibility contract ownership; no P34 container is selected.","Historical Playwright discovery at 073e09b1bc0ded5b0d595bf99f0db1b11aafb3b9; P34 remains archived, unselectable, and unexecuted.","Historical outcomes are archival evidence, not current release evidence."
"p34-805512ef801ccdb73b26","tests/e2e/phase3-accessibility-viewports.spec.ts","512","Project Lanternwake Phase 3 accessibility and six required viewports › 1920x1080 route-reveal is readable, reachable, and sound-independent","webkit-mobile","authentication-authorization","retired P34 broad browser container","CURRENT_PRODUCT_CONTRACT","CURRENT_CONTRACT_MIGRATED","browser.accessibility","sl-test-805512ef801ccdb73b26","","sl-semantic-ad9248329db1410735dd","tests/e2e/phase3-accessibility-viewports.spec.ts","authentication-authorization","The current governed case protects the same observable product contract in its owned focused family.","Mapped by exact current identity or focused browser.accessibility contract ownership; no P34 container is selected.","Historical Playwright discovery at 073e09b1bc0ded5b0d595bf99f0db1b11aafb3b9; P34 remains archived, unselectable, and unexecuted.","Historical outcomes are archival evidence, not current release evidence."
"p34-41e36f816c51ca28f9ae","tests/e2e/phase3-accessibility-viewports.spec.ts","512","Project Lanternwake Phase 3 accessibility and six required viewports › 1920x1080 artifact-award is readable, reachable, and sound-independent","webkit-mobile","authentication-authorization","retired P34 broad browser container","CURRENT_PRODUCT_CONTRACT","CURRENT_CONTRACT_MIGRATED","browser.artifacts","sl-test-41e36f816c51ca28f9ae","","sl-semantic-18051a6e3337208f061c","tests/e2e/phase3-accessibility-viewports.spec.ts","authentication-authorization","The current governed case protects the same observable product contract in its owned focused family.","Mapped by exact current identity or focused browser.artifacts contract ownership; no P34 container is selected.","Historical Playwright discovery at 073e09b1bc0ded5b0d595bf99f0db1b11aafb3b9; P34 remains archived, unselectable, and unexecuted.","Historical outcomes are archival evidence, not current release evidence."
"p34-bc7dbcdb20ae576088a1","tests/e2e/phase3-accessibility-viewports.spec.ts","512","Project Lanternwake Phase 3 accessibility and six required viewports › 1920x1080 quest-discovery is readable, reachable, and sound-independent","webkit-mobile","authentication-authorization","retired P34 broad browser container","CURRENT_PRODUCT_CONTRACT","CURRENT_CONTRACT_MIGRATED","browser.accessibility","sl-test-bc7dbcdb20ae576088a1","","sl-semantic-ba4c2f883efcee480716","tests/e2e/phase3-accessibility-viewports.spec.ts","authentication-authorization","The current governed case protects the same observable product contract in its owned focused family.","Mapped by exact current identity or focused browser.accessibility contract ownership; no P34 container is selected.","Historical Playwright discovery at 073e09b1bc0ded5b0d595bf99f0db1b11aafb3b9; P34 remains archived, unselectable, and unexecuted.","Historical outcomes are archival evidence, not current release evidence."
"p34-998e6fe994f519a07810","tests/e2e/phase3-accessibility-viewports.spec.ts","512","Project Lanternwake Phase 3 accessibility and six required viewports › 1920x1080 log-entry is readable, reachable, and sound-independent","webkit-mobile","authentication-authorization","retired P34 broad browser container","CURRENT_PRODUCT_CONTRACT","CURRENT_CONTRACT_MIGRATED","browser.accessibility","sl-test-998e6fe994f519a07810","","sl-semantic-67a86a3077fc937bcae1","tests/e2e/phase3-accessibility-viewports.spec.ts","authentication-authorization","The current governed case protects the same observable product contract in its owned focused family.","Mapped by exact current identity or focused browser.accessibility contract ownership; no P34 container is selected.","Historical Playwright discovery at 073e09b1bc0ded5b0d595bf99f0db1b11aafb3b9; P34 remains archived, unselectable, and unexecuted.","Historical outcomes are archival evidence, not current release evidence."
"p34-e55b9884f436855658ec","tests/e2e/phase3-accessibility-viewports.spec.ts","512","Project Lanternwake Phase 3 accessibility and six required viewports › 1920x1080 finale-tease is readable, reachable, and sound-independent","webkit-mobile","authentication-authorization","retired P34 broad browser container","CURRENT_PRODUCT_CONTRACT","CURRENT_CONTRACT_MIGRATED","browser.accessibility","sl-test-e55b9884f436855658ec","","sl-semantic-26679a742a97fd2d811f","tests/e2e/phase3-accessibility-viewports.spec.ts","authentication-authorization","The current governed case protects the same observable product contract in its owned focused family.","Mapped by exact current identity or focused browser.accessibility contract ownership; no P34 container is selected.","Historical Playwright discovery at 073e09b1bc0ded5b0d595bf99f0db1b11aafb3b9; P34 remains archived, unselectable, and unexecuted.","Historical outcomes are archival evidence, not current release evidence."
"p34-e808155a60a9379ad0ee","tests/e2e/phase3-accessibility-viewports.spec.ts","512","Project Lanternwake Phase 3 accessibility and six required viewports › 1920x1080 pause is readable, reachable, and sound-independent","webkit-mobile","authentication-authorization","retired P34 broad browser container","CURRENT_PRODUCT_CONTRACT","CURRENT_CONTRACT_MIGRATED","browser.accessibility","sl-test-e808155a60a9379ad0ee","","sl-semantic-9e50e69130b21c455471","tests/e2e/phase3-accessibility-viewports.spec.ts","authentication-authorization","The current governed case protects the same observable product contract in its owned focused family.","Mapped by exact current identity or focused browser.accessibility contract ownership; no P34 container is selected.","Historical Playwright discovery at 073e09b1bc0ded5b0d595bf99f0db1b11aafb3b9; P34 remains archived, unselectable, and unexecuted.","Historical outcomes are archival evidence, not current release evidence."
"p34-bd164e9198ee367197da","tests/e2e/phase3-accessibility-viewports.spec.ts","512","Project Lanternwake Phase 3 accessibility and six required viewports › 1920x1080 replay is readable, reachable, and sound-independent","webkit-mobile","authentication-authorization","retired P34 broad browser container","CURRENT_PRODUCT_CONTRACT","CURRENT_CONTRACT_MIGRATED","browser.accessibility","sl-test-bd164e9198ee367197da","","sl-semantic-e3b2a84c9faca7925c5a","tests/e2e/phase3-accessibility-viewports.spec.ts","authentication-authorization","The current governed case protects the same observable product contract in its owned focused family.","Mapped by exact current identity or focused browser.accessibility contract ownership; no P34 container is selected.","Historical Playwright discovery at 073e09b1bc0ded5b0d595bf99f0db1b11aafb3b9; P34 remains archived, unselectable, and unexecuted.","Historical outcomes are archival evidence, not current release evidence."
"p34-1b7dabbfc2ca6fedaa73","tests/e2e/phase3-accessibility-viewports.spec.ts","512","Project Lanternwake Phase 3 accessibility and six required viewports › 1920x1080 fallback is readable, reachable, and sound-independent","webkit-mobile","authentication-authorization","retired P34 broad browser container","CURRENT_PRODUCT_CONTRACT","CURRENT_CONTRACT_MIGRATED","browser.accessibility","sl-test-1b7dabbfc2ca6fedaa73","","sl-semantic-0d081742f45c1ca789a5","tests/e2e/phase3-accessibility-viewports.spec.ts","authentication-authorization","The current governed case protects the same observable product contract in its owned focused family.","Mapped by exact current identity or focused browser.accessibility contract ownership; no P34 container is selected.","Historical Playwright discovery at 073e09b1bc0ded5b0d595bf99f0db1b11aafb3b9; P34 remains archived, unselectable, and unexecuted.","Historical outcomes are archival evidence, not current release evidence."
"p34-20b15e38b8313453fce5","tests/e2e/phase3-accessibility-viewports.spec.ts","512","Project Lanternwake Phase 3 accessibility and six required viewports › 1920x1080 interrupted-scene is readable, reachable, and sound-independent","webkit-mobile","authentication-authorization","retired P34 broad browser container","CURRENT_PRODUCT_CONTRACT","CURRENT_CONTRACT_MIGRATED","browser.accessibility","sl-test-20b15e38b8313453fce5","","sl-semantic-0769c73a4271d33d48d4","tests/e2e/phase3-accessibility-viewports.spec.ts","authentication-authorization","The current governed case protects the same observable product contract in its owned focused family.","Mapped by exact current identity or focused browser.accessibility contract ownership; no P34 container is selected.","Historical Playwright discovery at 073e09b1bc0ded5b0d595bf99f0db1b11aafb3b9; P34 remains archived, unselectable, and unexecuted.","Historical outcomes are archival evidence, not current release evidence."
"p34-19e8e8050ce9fb60ade1","tests/e2e/phase3-accessibility-viewports.spec.ts","512","Project Lanternwake Phase 3 accessibility and six required viewports › 1440x900 journal-first-opening is readable, reachable, and sound-independent","webkit-mobile","authentication-authorization","retired P34 broad browser container","CURRENT_PRODUCT_CONTRACT","CURRENT_CONTRACT_MIGRATED","browser.accessibility","sl-test-19e8e8050ce9fb60ade1","","sl-semantic-1f44bb955a9d934d24ef","tests/e2e/phase3-accessibility-viewports.spec.ts","authentication-authorization","The current governed case protects the same observable product contract in its owned focused family.","Mapped by exact current identity or focused browser.accessibility contract ownership; no P34 container is selected.","Historical Playwright discovery at 073e09b1bc0ded5b0d595bf99f0db1b11aafb3b9; P34 remains archived, unselectable, and unexecuted.","Historical outcomes are archival evidence, not current release evidence."
"p34-5758fa0204f47aa63e4a","tests/e2e/phase3-accessibility-viewports.spec.ts","512","Project Lanternwake Phase 3 accessibility and six required viewports › 1440x900 journal-reentry is readable, reachable, and sound-independent","webkit-mobile","authentication-authorization","retired P34 broad browser container","CURRENT_PRODUCT_CONTRACT","CURRENT_CONTRACT_MIGRATED","browser.accessibility","sl-test-5758fa0204f47aa63e4a","","sl-semantic-be29419a12c630435b9b","tests/e2e/phase3-accessibility-viewports.spec.ts","authentication-authorization","The current governed case protects the same observable product contract in its owned focused family.","Mapped by exact current identity or focused browser.accessibility contract ownership; no P34 container is selected.","Historical Playwright discovery at 073e09b1bc0ded5b0d595bf99f0db1b11aafb3b9; P34 remains archived, unselectable, and unexecuted.","Historical outcomes are archival evidence, not current release evidence."
"p34-61a46dccc63010f3ee9d","tests/e2e/phase3-accessibility-viewports.spec.ts","512","Project Lanternwake Phase 3 accessibility and six required viewports › 1440x900 chapter-release is readable, reachable, and sound-independent","webkit-mobile","authentication-authorization","retired P34 broad browser container","CURRENT_PRODUCT_CONTRACT","CURRENT_CONTRACT_MIGRATED","browser.accessibility","sl-test-61a46dccc63010f3ee9d","","sl-semantic-ba22538e59613fc3a918","tests/e2e/phase3-accessibility-viewports.spec.ts","authentication-authorization","The current governed case protects the same observable product contract in its owned focused family.","Mapped by exact current identity or focused browser.accessibility contract ownership; no P34 container is selected.","Historical Playwright discovery at 073e09b1bc0ded5b0d595bf99f0db1b11aafb3b9; P34 remains archived, unselectable, and unexecuted.","Historical outcomes are archival evidence, not current release evidence."
"p34-59c353be03caa0d231c4","tests/e2e/phase3-accessibility-viewports.spec.ts","512","Project Lanternwake Phase 3 accessibility and six required viewports › 1440x900 map-location is readable, reachable, and sound-independent","webkit-mobile","authentication-authorization","retired P34 broad browser container","CURRENT_PRODUCT_CONTRACT","CURRENT_CONTRACT_MIGRATED","browser.accessibility","sl-test-59c353be03caa0d231c4","","sl-semantic-331aa09cbb408810706f","tests/e2e/phase3-accessibility-viewports.spec.ts","authentication-authorization","The current governed case protects the same observable product contract in its owned focused family.","Mapped by exact current identity or focused browser.accessibility contract ownership; no P34 container is selected.","Historical Playwright discovery at 073e09b1bc0ded5b0d595bf99f0db1b11aafb3b9; P34 remains archived, unselectable, and unexecuted.","Historical outcomes are archival evidence, not current release evidence."
"p34-43a7b4ae40d00b102efa","tests/e2e/phase3-accessibility-viewports.spec.ts","512","Project Lanternwake Phase 3 accessibility and six required viewports › 1440x900 route-reveal is readable, reachable, and sound-independent","webkit-mobile","authentication-authorization","retired P34 broad browser container","CURRENT_PRODUCT_CONTRACT","CURRENT_CONTRACT_MIGRATED","browser.accessibility","sl-test-43a7b4ae40d00b102efa","","sl-semantic-610c1830a12b4a5cca22","tests/e2e/phase3-accessibility-viewports.spec.ts","authentication-authorization","The current governed case protects the same observable product contract in its owned focused family.","Mapped by exact current identity or focused browser.accessibility contract ownership; no P34 container is selected.","Historical Playwright discovery at 073e09b1bc0ded5b0d595bf99f0db1b11aafb3b9; P34 remains archived, unselectable, and unexecuted.","Historical outcomes are archival evidence, not current release evidence."
"p34-be7e04289c6e90fb853d","tests/e2e/phase3-accessibility-viewports.spec.ts","512","Project Lanternwake Phase 3 accessibility and six required viewports › 1440x900 artifact-award is readable, reachable, and sound-independent","webkit-mobile","authentication-authorization","retired P34 broad browser container","CURRENT_PRODUCT_CONTRACT","CURRENT_CONTRACT_MIGRATED","browser.artifacts","sl-test-be7e04289c6e90fb853d","","sl-semantic-4f6779c5b6fcdc7e27ed","tests/e2e/phase3-accessibility-viewports.spec.ts","authentication-authorization","The current governed case protects the same observable product contract in its owned focused family.","Mapped by exact current identity or focused browser.artifacts contract ownership; no P34 container is selected.","Historical Playwright discovery at 073e09b1bc0ded5b0d595bf99f0db1b11aafb3b9; P34 remains archived, unselectable, and unexecuted.","Historical outcomes are archival evidence, not current release evidence."
"p34-81b16edd6622583549ce","tests/e2e/phase3-accessibility-viewports.spec.ts","512","Project Lanternwake Phase 3 accessibility and six required viewports › 1440x900 quest-discovery is readable, reachable, and sound-independent","webkit-mobile","authentication-authorization","retired P34 broad browser container","CURRENT_PRODUCT_CONTRACT","CURRENT_CONTRACT_MIGRATED","browser.accessibility","sl-test-81b16edd6622583549ce","","sl-semantic-29e12c1cd4f50638cf5a","tests/e2e/phase3-accessibility-viewports.spec.ts","authentication-authorization","The current governed case protects the same observable product contract in its owned focused family.","Mapped by exact current identity or focused browser.accessibility contract ownership; no P34 container is selected.","Historical Playwright discovery at 073e09b1bc0ded5b0d595bf99f0db1b11aafb3b9; P34 remains archived, unselectable, and unexecuted.","Historical outcomes are archival evidence, not current release evidence."
"p34-78561af8db2185c85965","tests/e2e/phase3-accessibility-viewports.spec.ts","512","Project Lanternwake Phase 3 accessibility and six required viewports › 1440x900 log-entry is readable, reachable, and sound-independent","webkit-mobile","authentication-authorization","retired P34 broad browser container","CURRENT_PRODUCT_CONTRACT","CURRENT_CONTRACT_MIGRATED","browser.accessibility","sl-test-78561af8db2185c85965","","sl-semantic-b3dbf478ae72842a93be","tests/e2e/phase3-accessibility-viewports.spec.ts","authentication-authorization","The current governed case protects the same observable product contract in its owned focused family.","Mapped by exact current identity or focused browser.accessibility contract ownership; no P34 container is selected.","Historical Playwright discovery at 073e09b1bc0ded5b0d595bf99f0db1b11aafb3b9; P34 remains archived, unselectable, and unexecuted.","Historical outcomes are archival evidence, not current release evidence."
"p34-54b93e7442e70b7bf076","tests/e2e/phase3-accessibility-viewports.spec.ts","512","Project Lanternwake Phase 3 accessibility and six required viewports › 1440x900 finale-tease is readable, reachable, and sound-independent","webkit-mobile","authentication-authorization","retired P34 broad browser container","CURRENT_PRODUCT_CONTRACT","CURRENT_CONTRACT_MIGRATED","browser.accessibility","sl-test-54b93e7442e70b7bf076","","sl-semantic-291b5137f60034467337","tests/e2e/phase3-accessibility-viewports.spec.ts","authentication-authorization","The current governed case protects the same observable product contract in its owned focused family.","Mapped by exact current identity or focused browser.accessibility contract ownership; no P34 container is selected.","Historical Playwright discovery at 073e09b1bc0ded5b0d595bf99f0db1b11aafb3b9; P34 remains archived, unselectable, and unexecuted.","Historical outcomes are archival evidence, not current release evidence."
"p34-29fb38fe265c2eb45b4a","tests/e2e/phase3-accessibility-viewports.spec.ts","512","Project Lanternwake Phase 3 accessibility and six required viewports › 1440x900 pause is readable, reachable, and sound-independent","webkit-mobile","authentication-authorization","retired P34 broad browser container","CURRENT_PRODUCT_CONTRACT","CURRENT_CONTRACT_MIGRATED","browser.accessibility","sl-test-29fb38fe265c2eb45b4a","","sl-semantic-4fc45497e7a85c08b717","tests/e2e/phase3-accessibility-viewports.spec.ts","authentication-authorization","The current governed case protects the same observable product contract in its owned focused family.","Mapped by exact current identity or focused browser.accessibility contract ownership; no P34 container is selected.","Historical Playwright discovery at 073e09b1bc0ded5b0d595bf99f0db1b11aafb3b9; P34 remains archived, unselectable, and unexecuted.","Historical outcomes are archival evidence, not current release evidence."
"p34-7f87b6e2b8eb7ccb95ee","tests/e2e/phase3-accessibility-viewports.spec.ts","512","Project Lanternwake Phase 3 accessibility and six required viewports › 1440x900 replay is readable, reachable, and sound-independent","webkit-mobile","authentication-authorization","retired P34 broad browser container","CURRENT_PRODUCT_CONTRACT","CURRENT_CONTRACT_MIGRATED","browser.accessibility","sl-test-7f87b6e2b8eb7ccb95ee","","sl-semantic-d65c236a52cd768dd1fb","tests/e2e/phase3-accessibility-viewports.spec.ts","authentication-authorization","The current governed case protects the same observable product contract in its owned focused family.","Mapped by exact current identity or focused browser.accessibility contract ownership; no P34 container is selected.","Historical Playwright discovery at 073e09b1bc0ded5b0d595bf99f0db1b11aafb3b9; P34 remains archived, unselectable, and unexecuted.","Historical outcomes are archival evidence, not current release evidence."
"p34-9dc2c99cc7b18f347652","tests/e2e/phase3-accessibility-viewports.spec.ts","512","Project Lanternwake Phase 3 accessibility and six required viewports › 1440x900 fallback is readable, reachable, and sound-independent","webkit-mobile","authentication-authorization","retired P34 broad browser container","CURRENT_PRODUCT_CONTRACT","CURRENT_CONTRACT_MIGRATED","browser.accessibility","sl-test-9dc2c99cc7b18f347652","","sl-semantic-c88abd6f64a0d68c840a","tests/e2e/phase3-accessibility-viewports.spec.ts","authentication-authorization","The current governed case protects the same observable product contract in its owned focused family.","Mapped by exact current identity or focused browser.accessibility contract ownership; no P34 container is selected.","Historical Playwright discovery at 073e09b1bc0ded5b0d595bf99f0db1b11aafb3b9; P34 remains archived, unselectable, and unexecuted.","Historical outcomes are archival evidence, not current release evidence."
"p34-d38dd761659970e45e2d","tests/e2e/phase3-accessibility-viewports.spec.ts","512","Project Lanternwake Phase 3 accessibility and six required viewports › 1440x900 interrupted-scene is readable, reachable, and sound-independent","webkit-mobile","authentication-authorization","retired P34 broad browser container","CURRENT_PRODUCT_CONTRACT","CURRENT_CONTRACT_MIGRATED","browser.accessibility","sl-test-d38dd761659970e45e2d","","sl-semantic-906da6099e840de5c603","tests/e2e/phase3-accessibility-viewports.spec.ts","authentication-authorization","The current governed case protects the same observable product contract in its owned focused family.","Mapped by exact current identity or focused browser.accessibility contract ownership; no P34 container is selected.","Historical Playwright discovery at 073e09b1bc0ded5b0d595bf99f0db1b11aafb3b9; P34 remains archived, unselectable, and unexecuted.","Historical outcomes are archival evidence, not current release evidence."
"p34-7debd4c059a854f7a912","tests/e2e/phase3-accessibility-viewports.spec.ts","512","Project Lanternwake Phase 3 accessibility and six required viewports › 430x932 journal-first-opening is readable, reachable, and sound-independent","webkit-mobile","authentication-authorization","retired P34 broad browser container","CURRENT_PRODUCT_CONTRACT","CURRENT_CONTRACT_MIGRATED","browser.accessibility","sl-test-7debd4c059a854f7a912","","sl-semantic-a0f5f488065c812e7bae","tests/e2e/phase3-accessibility-viewports.spec.ts","authentication-authorization","The current governed case protects the same observable product contract in its owned focused family.","Mapped by exact current identity or focused browser.accessibility contract ownership; no P34 container is selected.","Historical Playwright discovery at 073e09b1bc0ded5b0d595bf99f0db1b11aafb3b9; P34 remains archived, unselectable, and unexecuted.","Historical outcomes are archival evidence, not current release evidence."
"p34-39b52076fb8d54c4ca72","tests/e2e/phase3-accessibility-viewports.spec.ts","512","Project Lanternwake Phase 3 accessibility and six required viewports › 430x932 journal-reentry is readable, reachable, and sound-independent","webkit-mobile","authentication-authorization","retired P34 broad browser container","CURRENT_PRODUCT_CONTRACT","CURRENT_CONTRACT_MIGRATED","browser.accessibility","sl-test-39b52076fb8d54c4ca72","","sl-semantic-259e0295dc5af78002c8","tests/e2e/phase3-accessibility-viewports.spec.ts","authentication-authorization","The current governed case protects the same observable product contract in its owned focused family.","Mapped by exact current identity or focused browser.accessibility contract ownership; no P34 container is selected.","Historical Playwright discovery at 073e09b1bc0ded5b0d595bf99f0db1b11aafb3b9; P34 remains archived, unselectable, and unexecuted.","Historical outcomes are archival evidence, not current release evidence."
"p34-a2f5824fb8ae420016c5","tests/e2e/phase3-accessibility-viewports.spec.ts","512","Project Lanternwake Phase 3 accessibility and six required viewports › 430x932 chapter-release is readable, reachable, and sound-independent","webkit-mobile","authentication-authorization","retired P34 broad browser container","CURRENT_PRODUCT_CONTRACT","CURRENT_CONTRACT_MIGRATED","browser.accessibility","sl-test-a2f5824fb8ae420016c5","","sl-semantic-1b9c2d4da3447c28df8a","tests/e2e/phase3-accessibility-viewports.spec.ts","authentication-authorization","The current governed case protects the same observable product contract in its owned focused family.","Mapped by exact current identity or focused browser.accessibility contract ownership; no P34 container is selected.","Historical Playwright discovery at 073e09b1bc0ded5b0d595bf99f0db1b11aafb3b9; P34 remains archived, unselectable, and unexecuted.","Historical outcomes are archival evidence, not current release evidence."
"p34-7ea1d276e7b0405948f6","tests/e2e/phase3-accessibility-viewports.spec.ts","512","Project Lanternwake Phase 3 accessibility and six required viewports › 430x932 map-location is readable, reachable, and sound-independent","webkit-mobile","authentication-authorization","retired P34 broad browser container","CURRENT_PRODUCT_CONTRACT","CURRENT_CONTRACT_MIGRATED","browser.accessibility","sl-test-7ea1d276e7b0405948f6","","sl-semantic-41b4a17966a9d2cd37c4","tests/e2e/phase3-accessibility-viewports.spec.ts","authentication-authorization","The current governed case protects the same observable product contract in its owned focused family.","Mapped by exact current identity or focused browser.accessibility contract ownership; no P34 container is selected.","Historical Playwright discovery at 073e09b1bc0ded5b0d595bf99f0db1b11aafb3b9; P34 remains archived, unselectable, and unexecuted.","Historical outcomes are archival evidence, not current release evidence."
"p34-ab06fe4cd43c2a25b408","tests/e2e/phase3-accessibility-viewports.spec.ts","512","Project Lanternwake Phase 3 accessibility and six required viewports › 430x932 route-reveal is readable, reachable, and sound-independent","webkit-mobile","authentication-authorization","retired P34 broad browser container","CURRENT_PRODUCT_CONTRACT","CURRENT_CONTRACT_MIGRATED","browser.accessibility","sl-test-ab06fe4cd43c2a25b408","","sl-semantic-6457834b13c419226c52","tests/e2e/phase3-accessibility-viewports.spec.ts","authentication-authorization","The current governed case protects the same observable product contract in its owned focused family.","Mapped by exact current identity or focused browser.accessibility contract ownership; no P34 container is selected.","Historical Playwright discovery at 073e09b1bc0ded5b0d595bf99f0db1b11aafb3b9; P34 remains archived, unselectable, and unexecuted.","Historical outcomes are archival evidence, not current release evidence."
"p34-8a935b3da344c770135c","tests/e2e/phase3-accessibility-viewports.spec.ts","512","Project Lanternwake Phase 3 accessibility and six required viewports › 430x932 artifact-award is readable, reachable, and sound-independent","webkit-mobile","authentication-authorization","retired P34 broad browser container","CURRENT_PRODUCT_CONTRACT","CURRENT_CONTRACT_MIGRATED","browser.artifacts","sl-test-8a935b3da344c770135c","","sl-semantic-cb095bef12cf5b5f629d","tests/e2e/phase3-accessibility-viewports.spec.ts","authentication-authorization","The current governed case protects the same observable product contract in its owned focused family.","Mapped by exact current identity or focused browser.artifacts contract ownership; no P34 container is selected.","Historical Playwright discovery at 073e09b1bc0ded5b0d595bf99f0db1b11aafb3b9; P34 remains archived, unselectable, and unexecuted.","Historical outcomes are archival evidence, not current release evidence."
"p34-62483be5708a6e6c68e2","tests/e2e/phase3-accessibility-viewports.spec.ts","512","Project Lanternwake Phase 3 accessibility and six required viewports › 430x932 quest-discovery is readable, reachable, and sound-independent","webkit-mobile","authentication-authorization","retired P34 broad browser container","CURRENT_PRODUCT_CONTRACT","CURRENT_CONTRACT_MIGRATED","browser.accessibility","sl-test-62483be5708a6e6c68e2","","sl-semantic-52b45069bb5a08495604","tests/e2e/phase3-accessibility-viewports.spec.ts","authentication-authorization","The current governed case protects the same observable product contract in its owned focused family.","Mapped by exact current identity or focused browser.accessibility contract ownership; no P34 container is selected.","Historical Playwright discovery at 073e09b1bc0ded5b0d595bf99f0db1b11aafb3b9; P34 remains archived, unselectable, and unexecuted.","Historical outcomes are archival evidence, not current release evidence."
"p34-205412283ccd89296170","tests/e2e/phase3-accessibility-viewports.spec.ts","512","Project Lanternwake Phase 3 accessibility and six required viewports › 430x932 log-entry is readable, reachable, and sound-independent","webkit-mobile","authentication-authorization","retired P34 broad browser container","CURRENT_PRODUCT_CONTRACT","CURRENT_CONTRACT_MIGRATED","browser.accessibility","sl-test-205412283ccd89296170","","sl-semantic-0b80010016c3e7502b34","tests/e2e/phase3-accessibility-viewports.spec.ts","authentication-authorization","The current governed case protects the same observable product contract in its owned focused family.","Mapped by exact current identity or focused browser.accessibility contract ownership; no P34 container is selected.","Historical Playwright discovery at 073e09b1bc0ded5b0d595bf99f0db1b11aafb3b9; P34 remains archived, unselectable, and unexecuted.","Historical outcomes are archival evidence, not current release evidence."
"p34-a0d0c9d05267b10e7f0a","tests/e2e/phase3-accessibility-viewports.spec.ts","512","Project Lanternwake Phase 3 accessibility and six required viewports › 430x932 finale-tease is readable, reachable, and sound-independent","webkit-mobile","authentication-authorization","retired P34 broad browser container","CURRENT_PRODUCT_CONTRACT","CURRENT_CONTRACT_MIGRATED","browser.accessibility","sl-test-a0d0c9d05267b10e7f0a","","sl-semantic-3b1aab06e13e687b0603","tests/e2e/phase3-accessibility-viewports.spec.ts","authentication-authorization","The current governed case protects the same observable product contract in its owned focused family.","Mapped by exact current identity or focused browser.accessibility contract ownership; no P34 container is selected.","Historical Playwright discovery at 073e09b1bc0ded5b0d595bf99f0db1b11aafb3b9; P34 remains archived, unselectable, and unexecuted.","Historical outcomes are archival evidence, not current release evidence."
"p34-c18efd912951539936a3","tests/e2e/phase3-accessibility-viewports.spec.ts","512","Project Lanternwake Phase 3 accessibility and six required viewports › 430x932 pause is readable, reachable, and sound-independent","webkit-mobile","authentication-authorization","retired P34 broad browser container","CURRENT_PRODUCT_CONTRACT","CURRENT_CONTRACT_MIGRATED","browser.accessibility","sl-test-c18efd912951539936a3","","sl-semantic-afacbd2750c6e8b41b94","tests/e2e/phase3-accessibility-viewports.spec.ts","authentication-authorization","The current governed case protects the same observable product contract in its owned focused family.","Mapped by exact current identity or focused browser.accessibility contract ownership; no P34 container is selected.","Historical Playwright discovery at 073e09b1bc0ded5b0d595bf99f0db1b11aafb3b9; P34 remains archived, unselectable, and unexecuted.","Historical outcomes are archival evidence, not current release evidence."
"p34-b7950dfdd4438b266055","tests/e2e/phase3-accessibility-viewports.spec.ts","512","Project Lanternwake Phase 3 accessibility and six required viewports › 430x932 replay is readable, reachable, and sound-independent","webkit-mobile","authentication-authorization","retired P34 broad browser container","CURRENT_PRODUCT_CONTRACT","CURRENT_CONTRACT_MIGRATED","browser.accessibility","sl-test-b7950dfdd4438b266055","","sl-semantic-e6473f817142d4076d47","tests/e2e/phase3-accessibility-viewports.spec.ts","authentication-authorization","The current governed case protects the same observable product contract in its owned focused family.","Mapped by exact current identity or focused browser.accessibility contract ownership; no P34 container is selected.","Historical Playwright discovery at 073e09b1bc0ded5b0d595bf99f0db1b11aafb3b9; P34 remains archived, unselectable, and unexecuted.","Historical outcomes are archival evidence, not current release evidence."
"p34-208ceb02f2b046be1c00","tests/e2e/phase3-accessibility-viewports.spec.ts","512","Project Lanternwake Phase 3 accessibility and six required viewports › 430x932 fallback is readable, reachable, and sound-independent","webkit-mobile","authentication-authorization","retired P34 broad browser container","CURRENT_PRODUCT_CONTRACT","CURRENT_CONTRACT_MIGRATED","browser.accessibility","sl-test-208ceb02f2b046be1c00","","sl-semantic-a289b99b8e6f6ff5d919","tests/e2e/phase3-accessibility-viewports.spec.ts","authentication-authorization","The current governed case protects the same observable product contract in its owned focused family.","Mapped by exact current identity or focused browser.accessibility contract ownership; no P34 container is selected.","Historical Playwright discovery at 073e09b1bc0ded5b0d595bf99f0db1b11aafb3b9; P34 remains archived, unselectable, and unexecuted.","Historical outcomes are archival evidence, not current release evidence."
"p34-d3b407a2b8f7273916ff","tests/e2e/phase3-accessibility-viewports.spec.ts","512","Project Lanternwake Phase 3 accessibility and six required viewports › 430x932 interrupted-scene is readable, reachable, and sound-independent","webkit-mobile","authentication-authorization","retired P34 broad browser container","CURRENT_PRODUCT_CONTRACT","CURRENT_CONTRACT_MIGRATED","browser.accessibility","sl-test-d3b407a2b8f7273916ff","","sl-semantic-62b274abc9e89257df22","tests/e2e/phase3-accessibility-viewports.spec.ts","authentication-authorization","The current governed case protects the same observable product contract in its owned focused family.","Mapped by exact current identity or focused browser.accessibility contract ownership; no P34 container is selected.","Historical Playwright discovery at 073e09b1bc0ded5b0d595bf99f0db1b11aafb3b9; P34 remains archived, unselectable, and unexecuted.","Historical outcomes are archival evidence, not current release evidence."
"p34-257b7c0947ef53c66abb","tests/e2e/phase3-accessibility-viewports.spec.ts","512","Project Lanternwake Phase 3 accessibility and six required viewports › 390x844 journal-first-opening is readable, reachable, and sound-independent","webkit-mobile","authentication-authorization","retired P34 broad browser container","CURRENT_PRODUCT_CONTRACT","CURRENT_CONTRACT_MIGRATED","browser.accessibility","sl-test-257b7c0947ef53c66abb","","sl-semantic-8af6431c13a74fa7fb80","tests/e2e/phase3-accessibility-viewports.spec.ts","authentication-authorization","The current governed case protects the same observable product contract in its owned focused family.","Mapped by exact current identity or focused browser.accessibility contract ownership; no P34 container is selected.","Historical Playwright discovery at 073e09b1bc0ded5b0d595bf99f0db1b11aafb3b9; P34 remains archived, unselectable, and unexecuted.","Historical outcomes are archival evidence, not current release evidence."
"p34-e5c4dd6c467b016b25e4","tests/e2e/phase3-accessibility-viewports.spec.ts","512","Project Lanternwake Phase 3 accessibility and six required viewports › 390x844 journal-reentry is readable, reachable, and sound-independent","webkit-mobile","authentication-authorization","retired P34 broad browser container","CURRENT_PRODUCT_CONTRACT","CURRENT_CONTRACT_MIGRATED","browser.accessibility","sl-test-e5c4dd6c467b016b25e4","","sl-semantic-4065cb37a0e0f6c73876","tests/e2e/phase3-accessibility-viewports.spec.ts","authentication-authorization","The current governed case protects the same observable product contract in its owned focused family.","Mapped by exact current identity or focused browser.accessibility contract ownership; no P34 container is selected.","Historical Playwright discovery at 073e09b1bc0ded5b0d595bf99f0db1b11aafb3b9; P34 remains archived, unselectable, and unexecuted.","Historical outcomes are archival evidence, not current release evidence."
"p34-41e1e40a892579205f52","tests/e2e/phase3-accessibility-viewports.spec.ts","512","Project Lanternwake Phase 3 accessibility and six required viewports › 390x844 chapter-release is readable, reachable, and sound-independent","webkit-mobile","authentication-authorization","retired P34 broad browser container","CURRENT_PRODUCT_CONTRACT","CURRENT_CONTRACT_MIGRATED","browser.accessibility","sl-test-41e1e40a892579205f52","","sl-semantic-60765af01927860dcec2","tests/e2e/phase3-accessibility-viewports.spec.ts","authentication-authorization","The current governed case protects the same observable product contract in its owned focused family.","Mapped by exact current identity or focused browser.accessibility contract ownership; no P34 container is selected.","Historical Playwright discovery at 073e09b1bc0ded5b0d595bf99f0db1b11aafb3b9; P34 remains archived, unselectable, and unexecuted.","Historical outcomes are archival evidence, not current release evidence."
"p34-de2aafb32d5dfdca7874","tests/e2e/phase3-accessibility-viewports.spec.ts","512","Project Lanternwake Phase 3 accessibility and six required viewports › 390x844 map-location is readable, reachable, and sound-independent","webkit-mobile","authentication-authorization","retired P34 broad browser container","CURRENT_PRODUCT_CONTRACT","CURRENT_CONTRACT_MIGRATED","browser.accessibility","sl-test-de2aafb32d5dfdca7874","","sl-semantic-669608a10283f5ec657b","tests/e2e/phase3-accessibility-viewports.spec.ts","authentication-authorization","The current governed case protects the same observable product contract in its owned focused family.","Mapped by exact current identity or focused browser.accessibility contract ownership; no P34 container is selected.","Historical Playwright discovery at 073e09b1bc0ded5b0d595bf99f0db1b11aafb3b9; P34 remains archived, unselectable, and unexecuted.","Historical outcomes are archival evidence, not current release evidence."
"p34-74ba855b960b027cdb36","tests/e2e/phase3-accessibility-viewports.spec.ts","512","Project Lanternwake Phase 3 accessibility and six required viewports › 390x844 route-reveal is readable, reachable, and sound-independent","webkit-mobile","authentication-authorization","retired P34 broad browser container","CURRENT_PRODUCT_CONTRACT","CURRENT_CONTRACT_MIGRATED","browser.accessibility","sl-test-74ba855b960b027cdb36","","sl-semantic-e06c28ee264dc5f633b6","tests/e2e/phase3-accessibility-viewports.spec.ts","authentication-authorization","The current governed case protects the same observable product contract in its owned focused family.","Mapped by exact current identity or focused browser.accessibility contract ownership; no P34 container is selected.","Historical Playwright discovery at 073e09b1bc0ded5b0d595bf99f0db1b11aafb3b9; P34 remains archived, unselectable, and unexecuted.","Historical outcomes are archival evidence, not current release evidence."
"p34-393278c6b162cece27f8","tests/e2e/phase3-accessibility-viewports.spec.ts","512","Project Lanternwake Phase 3 accessibility and six required viewports › 390x844 artifact-award is readable, reachable, and sound-independent","webkit-mobile","authentication-authorization","retired P34 broad browser container","CURRENT_PRODUCT_CONTRACT","CURRENT_CONTRACT_MIGRATED","browser.artifacts","sl-test-393278c6b162cece27f8","","sl-semantic-f5d63030c54e81520776","tests/e2e/phase3-accessibility-viewports.spec.ts","authentication-authorization","The current governed case protects the same observable product contract in its owned focused family.","Mapped by exact current identity or focused browser.artifacts contract ownership; no P34 container is selected.","Historical Playwright discovery at 073e09b1bc0ded5b0d595bf99f0db1b11aafb3b9; P34 remains archived, unselectable, and unexecuted.","Historical outcomes are archival evidence, not current release evidence."
"p34-9f5c71997d1b0ea0c8ca","tests/e2e/phase3-accessibility-viewports.spec.ts","512","Project Lanternwake Phase 3 accessibility and six required viewports › 390x844 quest-discovery is readable, reachable, and sound-independent","webkit-mobile","authentication-authorization","retired P34 broad browser container","CURRENT_PRODUCT_CONTRACT","CURRENT_CONTRACT_MIGRATED","browser.accessibility","sl-test-9f5c71997d1b0ea0c8ca","","sl-semantic-b6860d69efc848fbe42f","tests/e2e/phase3-accessibility-viewports.spec.ts","authentication-authorization","The current governed case protects the same observable product contract in its owned focused family.","Mapped by exact current identity or focused browser.accessibility contract ownership; no P34 container is selected.","Historical Playwright discovery at 073e09b1bc0ded5b0d595bf99f0db1b11aafb3b9; P34 remains archived, unselectable, and unexecuted.","Historical outcomes are archival evidence, not current release evidence."
"p34-4b57ec100d3a96111116","tests/e2e/phase3-accessibility-viewports.spec.ts","512","Project Lanternwake Phase 3 accessibility and six required viewports › 390x844 log-entry is readable, reachable, and sound-independent","webkit-mobile","authentication-authorization","retired P34 broad browser container","CURRENT_PRODUCT_CONTRACT","CURRENT_CONTRACT_MIGRATED","browser.accessibility","sl-test-4b57ec100d3a96111116","","sl-semantic-e9b4998e5399dbcec4e9","tests/e2e/phase3-accessibility-viewports.spec.ts","authentication-authorization","The current governed case protects the same observable product contract in its owned focused family.","Mapped by exact current identity or focused browser.accessibility contract ownership; no P34 container is selected.","Historical Playwright discovery at 073e09b1bc0ded5b0d595bf99f0db1b11aafb3b9; P34 remains archived, unselectable, and unexecuted.","Historical outcomes are archival evidence, not current release evidence."
"p34-68e58980ccc664902937","tests/e2e/phase3-accessibility-viewports.spec.ts","512","Project Lanternwake Phase 3 accessibility and six required viewports › 390x844 finale-tease is readable, reachable, and sound-independent","webkit-mobile","authentication-authorization","retired P34 broad browser container","CURRENT_PRODUCT_CONTRACT","CURRENT_CONTRACT_MIGRATED","browser.accessibility","sl-test-68e58980ccc664902937","","sl-semantic-57d1db163f0b64fb28cd","tests/e2e/phase3-accessibility-viewports.spec.ts","authentication-authorization","The current governed case protects the same observable product contract in its owned focused family.","Mapped by exact current identity or focused browser.accessibility contract ownership; no P34 container is selected.","Historical Playwright discovery at 073e09b1bc0ded5b0d595bf99f0db1b11aafb3b9; P34 remains archived, unselectable, and unexecuted.","Historical outcomes are archival evidence, not current release evidence."
"p34-c03cc6187cd1ac949e32","tests/e2e/phase3-accessibility-viewports.spec.ts","512","Project Lanternwake Phase 3 accessibility and six required viewports › 390x844 pause is readable, reachable, and sound-independent","webkit-mobile","authentication-authorization","retired P34 broad browser container","CURRENT_PRODUCT_CONTRACT","CURRENT_CONTRACT_MIGRATED","browser.accessibility","sl-test-c03cc6187cd1ac949e32","","sl-semantic-fa6ed18513d70e864a84","tests/e2e/phase3-accessibility-viewports.spec.ts","authentication-authorization","The current governed case protects the same observable product contract in its owned focused family.","Mapped by exact current identity or focused browser.accessibility contract ownership; no P34 container is selected.","Historical Playwright discovery at 073e09b1bc0ded5b0d595bf99f0db1b11aafb3b9; P34 remains archived, unselectable, and unexecuted.","Historical outcomes are archival evidence, not current release evidence."
"p34-41fbb7489011af5742e0","tests/e2e/phase3-accessibility-viewports.spec.ts","512","Project Lanternwake Phase 3 accessibility and six required viewports › 390x844 replay is readable, reachable, and sound-independent","webkit-mobile","authentication-authorization","retired P34 broad browser container","CURRENT_PRODUCT_CONTRACT","CURRENT_CONTRACT_MIGRATED","browser.accessibility","sl-test-41fbb7489011af5742e0","","sl-semantic-e4b4d28ad82feb1f3fce","tests/e2e/phase3-accessibility-viewports.spec.ts","authentication-authorization","The current governed case protects the same observable product contract in its owned focused family.","Mapped by exact current identity or focused browser.accessibility contract ownership; no P34 container is selected.","Historical Playwright discovery at 073e09b1bc0ded5b0d595bf99f0db1b11aafb3b9; P34 remains archived, unselectable, and unexecuted.","Historical outcomes are archival evidence, not current release evidence."
"p34-6dabaa37bac2dae79a80","tests/e2e/phase3-accessibility-viewports.spec.ts","512","Project Lanternwake Phase 3 accessibility and six required viewports › 390x844 fallback is readable, reachable, and sound-independent","webkit-mobile","authentication-authorization","retired P34 broad browser container","CURRENT_PRODUCT_CONTRACT","CURRENT_CONTRACT_MIGRATED","browser.accessibility","sl-test-6dabaa37bac2dae79a80","","sl-semantic-821e709f8c95b5acc62b","tests/e2e/phase3-accessibility-viewports.spec.ts","authentication-authorization","The current governed case protects the same observable product contract in its owned focused family.","Mapped by exact current identity or focused browser.accessibility contract ownership; no P34 container is selected.","Historical Playwright discovery at 073e09b1bc0ded5b0d595bf99f0db1b11aafb3b9; P34 remains archived, unselectable, and unexecuted.","Historical outcomes are archival evidence, not current release evidence."
"p34-d2d8e12e31644871ad99","tests/e2e/phase3-accessibility-viewports.spec.ts","512","Project Lanternwake Phase 3 accessibility and six required viewports › 390x844 interrupted-scene is readable, reachable, and sound-independent","webkit-mobile","authentication-authorization","retired P34 broad browser container","CURRENT_PRODUCT_CONTRACT","CURRENT_CONTRACT_MIGRATED","browser.accessibility","sl-test-d2d8e12e31644871ad99","","sl-semantic-7702ebdd8202a12b9671","tests/e2e/phase3-accessibility-viewports.spec.ts","authentication-authorization","The current governed case protects the same observable product contract in its owned focused family.","Mapped by exact current identity or focused browser.accessibility contract ownership; no P34 container is selected.","Historical Playwright discovery at 073e09b1bc0ded5b0d595bf99f0db1b11aafb3b9; P34 remains archived, unselectable, and unexecuted.","Historical outcomes are archival evidence, not current release evidence."
"p34-e222077fc66a4a472cb0","tests/e2e/phase3-accessibility-viewports.spec.ts","512","Project Lanternwake Phase 3 accessibility and six required viewports › 844x390 journal-first-opening is readable, reachable, and sound-independent","webkit-mobile","authentication-authorization","retired P34 broad browser container","CURRENT_PRODUCT_CONTRACT","CURRENT_CONTRACT_MIGRATED","browser.accessibility","sl-test-e222077fc66a4a472cb0","","sl-semantic-323839d98bfcff948dd6","tests/e2e/phase3-accessibility-viewports.spec.ts","authentication-authorization","The current governed case protects the same observable product contract in its owned focused family.","Mapped by exact current identity or focused browser.accessibility contract ownership; no P34 container is selected.","Historical Playwright discovery at 073e09b1bc0ded5b0d595bf99f0db1b11aafb3b9; P34 remains archived, unselectable, and unexecuted.","Historical outcomes are archival evidence, not current release evidence."
"p34-7e5305b3d82430217a5a","tests/e2e/phase3-accessibility-viewports.spec.ts","512","Project Lanternwake Phase 3 accessibility and six required viewports › 844x390 journal-reentry is readable, reachable, and sound-independent","webkit-mobile","authentication-authorization","retired P34 broad browser container","CURRENT_PRODUCT_CONTRACT","CURRENT_CONTRACT_MIGRATED","browser.accessibility","sl-test-7e5305b3d82430217a5a","","sl-semantic-bccf30b66bfbbe620819","tests/e2e/phase3-accessibility-viewports.spec.ts","authentication-authorization","The current governed case protects the same observable product contract in its owned focused family.","Mapped by exact current identity or focused browser.accessibility contract ownership; no P34 container is selected.","Historical Playwright discovery at 073e09b1bc0ded5b0d595bf99f0db1b11aafb3b9; P34 remains archived, unselectable, and unexecuted.","Historical outcomes are archival evidence, not current release evidence."
"p34-f5268c825d467391a153","tests/e2e/phase3-accessibility-viewports.spec.ts","512","Project Lanternwake Phase 3 accessibility and six required viewports › 844x390 chapter-release is readable, reachable, and sound-independent","webkit-mobile","authentication-authorization","retired P34 broad browser container","CURRENT_PRODUCT_CONTRACT","CURRENT_CONTRACT_MIGRATED","browser.accessibility","sl-test-f5268c825d467391a153","","sl-semantic-6472183cd3079dd35976","tests/e2e/phase3-accessibility-viewports.spec.ts","authentication-authorization","The current governed case protects the same observable product contract in its owned focused family.","Mapped by exact current identity or focused browser.accessibility contract ownership; no P34 container is selected.","Historical Playwright discovery at 073e09b1bc0ded5b0d595bf99f0db1b11aafb3b9; P34 remains archived, unselectable, and unexecuted.","Historical outcomes are archival evidence, not current release evidence."
"p34-170839bd327b368f8f6f","tests/e2e/phase3-accessibility-viewports.spec.ts","512","Project Lanternwake Phase 3 accessibility and six required viewports › 844x390 map-location is readable, reachable, and sound-independent","webkit-mobile","authentication-authorization","retired P34 broad browser container","CURRENT_PRODUCT_CONTRACT","CURRENT_CONTRACT_MIGRATED","browser.accessibility","sl-test-170839bd327b368f8f6f","","sl-semantic-ea2bc0375fad966cdbdd","tests/e2e/phase3-accessibility-viewports.spec.ts","authentication-authorization","The current governed case protects the same observable product contract in its owned focused family.","Mapped by exact current identity or focused browser.accessibility contract ownership; no P34 container is selected.","Historical Playwright discovery at 073e09b1bc0ded5b0d595bf99f0db1b11aafb3b9; P34 remains archived, unselectable, and unexecuted.","Historical outcomes are archival evidence, not current release evidence."
"p34-8b9fb10a8a78705a4918","tests/e2e/phase3-accessibility-viewports.spec.ts","512","Project Lanternwake Phase 3 accessibility and six required viewports › 844x390 route-reveal is readable, reachable, and sound-independent","webkit-mobile","authentication-authorization","retired P34 broad browser container","CURRENT_PRODUCT_CONTRACT","CURRENT_CONTRACT_MIGRATED","browser.accessibility","sl-test-8b9fb10a8a78705a4918","","sl-semantic-d538f13b03edc08d8878","tests/e2e/phase3-accessibility-viewports.spec.ts","authentication-authorization","The current governed case protects the same observable product contract in its owned focused family.","Mapped by exact current identity or focused browser.accessibility contract ownership; no P34 container is selected.","Historical Playwright discovery at 073e09b1bc0ded5b0d595bf99f0db1b11aafb3b9; P34 remains archived, unselectable, and unexecuted.","Historical outcomes are archival evidence, not current release evidence."
"p34-71ef73d01de380fd5ded","tests/e2e/phase3-accessibility-viewports.spec.ts","512","Project Lanternwake Phase 3 accessibility and six required viewports › 844x390 artifact-award is readable, reachable, and sound-independent","webkit-mobile","authentication-authorization","retired P34 broad browser container","CURRENT_PRODUCT_CONTRACT","CURRENT_CONTRACT_MIGRATED","browser.artifacts","sl-test-71ef73d01de380fd5ded","","sl-semantic-cedca265d907f86515d4","tests/e2e/phase3-accessibility-viewports.spec.ts","authentication-authorization","The current governed case protects the same observable product contract in its owned focused family.","Mapped by exact current identity or focused browser.artifacts contract ownership; no P34 container is selected.","Historical Playwright discovery at 073e09b1bc0ded5b0d595bf99f0db1b11aafb3b9; P34 remains archived, unselectable, and unexecuted.","Historical outcomes are archival evidence, not current release evidence."
"p34-d4f2f23cb54974fbeb6e","tests/e2e/phase3-accessibility-viewports.spec.ts","512","Project Lanternwake Phase 3 accessibility and six required viewports › 844x390 quest-discovery is readable, reachable, and sound-independent","webkit-mobile","authentication-authorization","retired P34 broad browser container","CURRENT_PRODUCT_CONTRACT","CURRENT_CONTRACT_MIGRATED","browser.accessibility","sl-test-d4f2f23cb54974fbeb6e","","sl-semantic-2be69d3c91a93da32e3e","tests/e2e/phase3-accessibility-viewports.spec.ts","authentication-authorization","The current governed case protects the same observable product contract in its owned focused family.","Mapped by exact current identity or focused browser.accessibility contract ownership; no P34 container is selected.","Historical Playwright discovery at 073e09b1bc0ded5b0d595bf99f0db1b11aafb3b9; P34 remains archived, unselectable, and unexecuted.","Historical outcomes are archival evidence, not current release evidence."
"p34-02616e96cbfcbe9a4988","tests/e2e/phase3-accessibility-viewports.spec.ts","512","Project Lanternwake Phase 3 accessibility and six required viewports › 844x390 log-entry is readable, reachable, and sound-independent","webkit-mobile","authentication-authorization","retired P34 broad browser container","CURRENT_PRODUCT_CONTRACT","CURRENT_CONTRACT_MIGRATED","browser.accessibility","sl-test-02616e96cbfcbe9a4988","","sl-semantic-921e1950ee36f9f29dfe","tests/e2e/phase3-accessibility-viewports.spec.ts","authentication-authorization","The current governed case protects the same observable product contract in its owned focused family.","Mapped by exact current identity or focused browser.accessibility contract ownership; no P34 container is selected.","Historical Playwright discovery at 073e09b1bc0ded5b0d595bf99f0db1b11aafb3b9; P34 remains archived, unselectable, and unexecuted.","Historical outcomes are archival evidence, not current release evidence."
"p34-7d78b8e6ec4c0a88065e","tests/e2e/phase3-accessibility-viewports.spec.ts","512","Project Lanternwake Phase 3 accessibility and six required viewports › 844x390 finale-tease is readable, reachable, and sound-independent","webkit-mobile","authentication-authorization","retired P34 broad browser container","CURRENT_PRODUCT_CONTRACT","CURRENT_CONTRACT_MIGRATED","browser.accessibility","sl-test-7d78b8e6ec4c0a88065e","","sl-semantic-9784de2df1b0a8744703","tests/e2e/phase3-accessibility-viewports.spec.ts","authentication-authorization","The current governed case protects the same observable product contract in its owned focused family.","Mapped by exact current identity or focused browser.accessibility contract ownership; no P34 container is selected.","Historical Playwright discovery at 073e09b1bc0ded5b0d595bf99f0db1b11aafb3b9; P34 remains archived, unselectable, and unexecuted.","Historical outcomes are archival evidence, not current release evidence."
"p34-ce560e17c9dc23088b25","tests/e2e/phase3-accessibility-viewports.spec.ts","512","Project Lanternwake Phase 3 accessibility and six required viewports › 844x390 pause is readable, reachable, and sound-independent","webkit-mobile","authentication-authorization","retired P34 broad browser container","CURRENT_PRODUCT_CONTRACT","CURRENT_CONTRACT_MIGRATED","browser.accessibility","sl-test-ce560e17c9dc23088b25","","sl-semantic-7db3f113a349cb56ce4a","tests/e2e/phase3-accessibility-viewports.spec.ts","authentication-authorization","The current governed case protects the same observable product contract in its owned focused family.","Mapped by exact current identity or focused browser.accessibility contract ownership; no P34 container is selected.","Historical Playwright discovery at 073e09b1bc0ded5b0d595bf99f0db1b11aafb3b9; P34 remains archived, unselectable, and unexecuted.","Historical outcomes are archival evidence, not current release evidence."
"p34-28925f792ec6c0227574","tests/e2e/phase3-accessibility-viewports.spec.ts","512","Project Lanternwake Phase 3 accessibility and six required viewports › 844x390 replay is readable, reachable, and sound-independent","webkit-mobile","authentication-authorization","retired P34 broad browser container","CURRENT_PRODUCT_CONTRACT","CURRENT_CONTRACT_MIGRATED","browser.accessibility","sl-test-28925f792ec6c0227574","","sl-semantic-6660b89ea40927b68599","tests/e2e/phase3-accessibility-viewports.spec.ts","authentication-authorization","The current governed case protects the same observable product contract in its owned focused family.","Mapped by exact current identity or focused browser.accessibility contract ownership; no P34 container is selected.","Historical Playwright discovery at 073e09b1bc0ded5b0d595bf99f0db1b11aafb3b9; P34 remains archived, unselectable, and unexecuted.","Historical outcomes are archival evidence, not current release evidence."
"p34-4357dfe8f91a35ba1f0a","tests/e2e/phase3-accessibility-viewports.spec.ts","512","Project Lanternwake Phase 3 accessibility and six required viewports › 844x390 fallback is readable, reachable, and sound-independent","webkit-mobile","authentication-authorization","retired P34 broad browser container","CURRENT_PRODUCT_CONTRACT","CURRENT_CONTRACT_MIGRATED","browser.accessibility","sl-test-4357dfe8f91a35ba1f0a","","sl-semantic-ebcf7a8ab169418670be","tests/e2e/phase3-accessibility-viewports.spec.ts","authentication-authorization","The current governed case protects the same observable product contract in its owned focused family.","Mapped by exact current identity or focused browser.accessibility contract ownership; no P34 container is selected.","Historical Playwright discovery at 073e09b1bc0ded5b0d595bf99f0db1b11aafb3b9; P34 remains archived, unselectable, and unexecuted.","Historical outcomes are archival evidence, not current release evidence."
"p34-a699ad83f72f7b58b334","tests/e2e/phase3-accessibility-viewports.spec.ts","512","Project Lanternwake Phase 3 accessibility and six required viewports › 844x390 interrupted-scene is readable, reachable, and sound-independent","webkit-mobile","authentication-authorization","retired P34 broad browser container","CURRENT_PRODUCT_CONTRACT","CURRENT_CONTRACT_MIGRATED","browser.accessibility","sl-test-a699ad83f72f7b58b334","","sl-semantic-0215bc404222b11480f1","tests/e2e/phase3-accessibility-viewports.spec.ts","authentication-authorization","The current governed case protects the same observable product contract in its owned focused family.","Mapped by exact current identity or focused browser.accessibility contract ownership; no P34 container is selected.","Historical Playwright discovery at 073e09b1bc0ded5b0d595bf99f0db1b11aafb3b9; P34 remains archived, unselectable, and unexecuted.","Historical outcomes are archival evidence, not current release evidence."
"p34-7af6a77fec0bd7e6f5df","tests/e2e/phase3-visual-checkpoints.spec.ts","1630","captures the exact sanitized 57-row Phase 3 visual checkpoint catalog","webkit-mobile","journal-ready-state","retired PlayerExperience presentation lifecycle","CONSOLIDATED_CURRENT_CONTRACT","REPLACED_CANONICAL","browser.player-journal","sl-test-17a8d389abb4b7a44246;sl-test-6d141302dd569648635e","","sl-semantic-153711fc67504e17680c;sl-semantic-10da95b56c119939ea17","tests/e2e/phase3-visual-checkpoints.spec.ts;tests/e2e/phase3-visual-checkpoints.spec.ts","journal-ready-state;journal-ready-state","The focused current family provides consolidated equal-or-stronger coverage for the retained behavior.","Mapped by exact current identity or focused browser.player-journal contract ownership; no P34 container is selected.","Historical Playwright discovery at 073e09b1bc0ded5b0d595bf99f0db1b11aafb3b9; P34 remains archived, unselectable, and unexecuted.","Historical outcomes are archival evidence, not current release evidence."
"p34-2635db0ea45256592ccd","tests/e2e/project-one-voyage-phase2.spec.ts","148","Project One Voyage Phase 2 compatibility acceptance › A: the historical Player doorway resolves canonical state without legacy writes or replay","webkit-mobile","invitation-acceptance","retired shared PlayerExperience access flow","CURRENT_PRODUCT_CONTRACT","CURRENT_CONTRACT_MIGRATED","browser.invitations","sl-test-2635db0ea45256592ccd","","sl-semantic-6f10dd69781a37123cc8","tests/e2e/project-one-voyage-phase2.spec.ts","invitation-acceptance","The current governed case protects the same observable product contract in its owned focused family.","Mapped by exact current identity or focused browser.invitations contract ownership; no P34 container is selected.","Historical Playwright discovery at 073e09b1bc0ded5b0d595bf99f0db1b11aafb3b9; P34 remains archived, unselectable, and unexecuted.","Historical outcomes are archival evidence, not current release evidence."
"p34-c071d23fd9f3c3204e3d","tests/e2e/project-one-voyage-phase2.spec.ts","230","Project One Voyage Phase 2 compatibility acceptance › B: revocation denies the retained credential without restoring membership or issuing a session","webkit-mobile","invitation-acceptance","retired shared PlayerExperience access flow","CURRENT_PRODUCT_CONTRACT","CURRENT_CONTRACT_MIGRATED","browser.invitations","sl-test-c071d23fd9f3c3204e3d","","sl-semantic-340e77479a1c33441a24","tests/e2e/project-one-voyage-phase2.spec.ts","invitation-acceptance","The current governed case protects the same observable product contract in its owned focused family.","Mapped by exact current identity or focused browser.invitations contract ownership; no P34 container is selected.","Historical Playwright discovery at 073e09b1bc0ded5b0d595bf99f0db1b11aafb3b9; P34 remains archived, unselectable, and unexecuted.","Historical outcomes are archival evidence, not current release evidence."
"p34-4939a4d7b7f86a175340","tests/e2e/project-one-voyage-phase2.spec.ts","280","Project One Voyage Phase 2 compatibility acceptance › C: Quartermaster hands off to Captain and writes one canonical command receipt","webkit-mobile","invitation-acceptance","retired shared PlayerExperience access flow","CURRENT_PRODUCT_CONTRACT","CURRENT_CONTRACT_MIGRATED","browser.invitations","sl-test-4939a4d7b7f86a175340","","sl-semantic-731c5935e48858c4c7b2","tests/e2e/project-one-voyage-phase2.spec.ts","invitation-acceptance","The current governed case protects the same observable product contract in its owned focused family.","Mapped by exact current identity or focused browser.invitations contract ownership; no P34 container is selected.","Historical Playwright discovery at 073e09b1bc0ded5b0d595bf99f0db1b11aafb3b9; P34 remains archived, unselectable, and unexecuted.","Historical outcomes are archival evidence, not current release evidence."
"p34-aa3b40c8f34094472b32","tests/e2e/sealed-hold-phase4.spec.ts","45","Phase 4 authenticated protected-media workflow is private, accessible, revocable, and restart-safe","webkit-mobile","authentication-authorization","retired P34 broad browser container","CURRENT_PRODUCT_CONTRACT","CURRENT_CONTRACT_MIGRATED","browser.private-operations","sl-test-aa3b40c8f34094472b32","","sl-semantic-1adac6ff059b6ef19ce7","tests/e2e/sealed-hold-phase4.spec.ts","authentication-authorization","The current governed case protects the same observable product contract in its owned focused family.","Mapped by exact current identity or focused browser.private-operations contract ownership; no P34 container is selected.","Historical Playwright discovery at 073e09b1bc0ded5b0d595bf99f0db1b11aafb3b9; P34 remains archived, unselectable, and unexecuted.","Historical outcomes are archival evidence, not current release evidence."
"p34-0505f560ae429a8834f8","tests/e2e/voyagewright-language.spec.ts","13","public routes present Voyagewright language without inherited product terms","webkit-mobile","authentication-authorization","retired P34 broad browser container","CURRENT_PRODUCT_CONTRACT","CURRENT_CONTRACT_MIGRATED","browser.cross-project","sl-test-0505f560ae429a8834f8","","sl-semantic-927f7c0efc0d64789133","tests/e2e/voyagewright-language.spec.ts","authentication-authorization","The current governed case protects the same observable product contract in its owned focused family.","Mapped by exact current identity or focused browser.cross-project contract ownership; no P34 container is selected.","Historical Playwright discovery at 073e09b1bc0ded5b0d595bf99f0db1b11aafb3b9; P34 remains archived, unselectable, and unexecuted.","Historical outcomes are archival evidence, not current release evidence."
"p34-c57abb38fe812ceaf515","tests/e2e/wayfarer-phase3.spec.ts","209","Wayfarer Phase 3 authenticated Passport history is private, pinned, consent-filtered, and read-only","webkit-mobile","wayfarer-history-projection","retired P34 broad browser container","CURRENT_PRODUCT_CONTRACT","CURRENT_CONTRACT_MIGRATED","browser.passport","sl-test-3410392af052dd4748f7","sl-test-1c2f5e4176bdbdd571a3;sl-test-c57abb38fe812ceaf515","sl-semantic-1be7518bb50cf7a470b9","tests/e2e/wayfarer-phase3.spec.ts","wayfarer-history-projection","The current governed case protects the same observable product contract in its owned focused family.","Mapped by exact current identity or focused browser.passport contract ownership; no P34 container is selected.","Historical Playwright discovery at 073e09b1bc0ded5b0d595bf99f0db1b11aafb3b9; P34 remains archived, unselectable, and unexecuted.","Historical outcomes are archival evidence, not current release evidence."
"p34-f5d1b3c06d31c9f8f16a","tests/e2e/wayfarer-phase4.spec.ts","128","Wayfarer Phase 4 projects only receipt-authorized artifacts and protects private cabinet data","webkit-mobile","wayfarer-history-projection","retired P34 broad browser container","CURRENT_PRODUCT_CONTRACT","CURRENT_CONTRACT_MIGRATED","browser.artifacts","sl-test-7cf655b82d3e71a172d6","","sl-semantic-d167370b5104c8085150","tests/e2e/wayfarer-phase4.spec.ts","wayfarer-history-projection","The current governed case protects the same observable product contract in its owned focused family.","Mapped by exact current identity or focused browser.artifacts contract ownership; no P34 container is selected.","Historical Playwright discovery at 073e09b1bc0ded5b0d595bf99f0db1b11aafb3b9; P34 remains archived, unselectable, and unexecuted.","Historical outcomes are archival evidence, not current release evidence."
